  [1m[35mSQL (0.7ms)[0m  [1m[35mSET search_path TO public /*application='CareApp2'*/[0m
  [1m[35m (683.9ms)[0m  [1m[35mCREATE DATABASE "care_app2_development" ENCODING = 'unicode' /*application='CareApp2'*/[0m
  [1m[35mSQL (0.2ms)[0m  [1m[35mSET search_path TO public /*application='CareApp2'*/[0m
  [1m[35m (159.5ms)[0m  [1m[35mCREATE DATABASE "care_app2_test" ENCODING = 'unicode' /*application='CareApp2'*/[0m
  [1m[35m (18.6ms)[0m  [1m[35mCREATE TABLE "schema_migrations" ("version" character varying NOT NULL PRIMARY KEY) /*application='CareApp2'*/[0m
  [1m[35m (4.6ms)[0m  [1m[35mCREATE TABLE "ar_internal_metadata" ("key" character varying NOT NULL PRIMARY KEY, "value" character varying, "created_at" timestamp(6) NOT NULL, "updated_at" timestamp(6) NOT NULL) /*application='CareApp2'*/[0m
  [1m[35m (0.3ms)[0m  [1m[34mSELECT pg_try_advisory_lock(3619463488481394750) /*application='CareApp2'*/[0m
  [1m[36mActiveRecord::SchemaMigration Load (0.9ms)[0m  [1m[34mSELECT "schema_migrations"."version" FROM "schema_migrations" ORDER BY "schema_migrations"."version" ASC /*application='CareApp2'*/[0m
  [1m[36mActiveRecord::InternalMetadata Load (0.7ms)[0m  [1m[34mSELECT * FROM "ar_internal_metadata" WHERE "ar_internal_metadata"."key" = 'environment' ORDER BY "ar_internal_metadata"."key" ASC LIMIT 1 /*application='CareApp2'*/[0m
  [1m[36mActiveRecord::InternalMetadata Create (3.2ms)[0m  [1m[32mINSERT INTO "ar_internal_metadata" ("key", "value", "created_at", "updated_at") VALUES ('environment', 'development', '2025-09-29 13:15:21.964908', '2025-09-29 13:15:21.964911') RETURNING "key" /*application='CareApp2'*/[0m
Migrating to CreateActiveStorageTables (20250929131031)
  [1m[36mTRANSACTION (0.2ms)[0m  [1m[35mBEGIN /*application='CareApp2'*/[0m
  [1m[35m (12.4ms)[0m  [1m[35mCREATE TABLE "active_storage_blobs" ("id" bigserial primary key, "key" character varying NOT NULL, "filename" character varying NOT NULL, "content_type" character varying, "metadata" text, "service_name" character varying NOT NULL, "byte_size" bigint NOT NULL, "checksum" character varying, "created_at" timestamp(6) NOT NULL) /*application='CareApp2'*/[0m
  [1m[35m (12.0ms)[0m  [1m[35mCREATE UNIQUE INDEX "index_active_storage_blobs_on_key" ON "active_storage_blobs" ("key") /*application='CareApp2'*/[0m
  [1m[35m (79.2ms)[0m  [1m[35mCREATE TABLE "active_storage_attachments" ("id" bigserial primary key, "name" character varying NOT NULL, "record_type" character varying NOT NULL, "record_id" bigint NOT NULL, "blob_id" bigint NOT NULL, "created_at" timestamp(6) NOT NULL, CONSTRAINT "fk_rails_c3b3935057"
FOREIGN KEY ("blob_id")
  REFERENCES "active_storage_blobs" ("id")
) /*application='CareApp2'*/[0m
  [1m[35m (1.5ms)[0m  [1m[35mCREATE INDEX "index_active_storage_attachments_on_blob_id" ON "active_storage_attachments" ("blob_id") /*application='CareApp2'*/[0m
  [1m[35m (4.1ms)[0m  [1m[35mCREATE UNIQUE INDEX "index_active_storage_attachments_uniqueness" ON "active_storage_attachments" ("record_type", "record_id", "name", "blob_id") /*application='CareApp2'*/[0m
  [1m[35m (8.7ms)[0m  [1m[35mCREATE TABLE "active_storage_variant_records" ("id" bigserial primary key, "blob_id" bigint NOT NULL, "variation_digest" character varying NOT NULL, CONSTRAINT "fk_rails_993965df05"
FOREIGN KEY ("blob_id")
  REFERENCES "active_storage_blobs" ("id")
) /*application='CareApp2'*/[0m
  [1m[35m (2.0ms)[0m  [1m[35mCREATE UNIQUE INDEX "index_active_storage_variant_records_uniqueness" ON "active_storage_variant_records" ("blob_id", "variation_digest") /*application='CareApp2'*/[0m
  [1m[36mActiveRecord::SchemaMigration Create (0.4ms)[0m  [1m[32mINSERT INTO "schema_migrations" ("version") VALUES ('20250929131031') RETURNING "version" /*application='CareApp2'*/[0m
  [1m[36mTRANSACTION (0.7ms)[0m  [1m[35mCOMMIT /*application='CareApp2'*/[0m
  [1m[35m (3.4ms)[0m  [1m[34mSELECT pg_advisory_unlock(3619463488481394750) /*application='CareApp2'*/[0m
  [1m[36mActiveRecord::SchemaMigration Load (0.2ms)[0m  [1m[34mSELECT "schema_migrations"."version" FROM "schema_migrations" ORDER BY "schema_migrations"."version" ASC /*application='CareApp2'*/[0m
  [1m[35m (0.3ms)[0m  [1m[34mSELECT pg_try_advisory_lock(3619463488481394750) /*application='CareApp2'*/[0m
  [1m[36mActiveRecord::SchemaMigration Load (5.4ms)[0m  [1m[34mSELECT "schema_migrations"."version" FROM "schema_migrations" ORDER BY "schema_migrations"."version" ASC /*application='CareApp2'*/[0m
  [1m[36mActiveRecord::InternalMetadata Load (8.7ms)[0m  [1m[34mSELECT * FROM "ar_internal_metadata" WHERE "ar_internal_metadata"."key" = 'environment' ORDER BY "ar_internal_metadata"."key" ASC LIMIT 1 /*application='CareApp2'*/[0m
Migrating to CreateUsers (20250929131602)
  [1m[36mTRANSACTION (0.3ms)[0m  [1m[35mBEGIN /*application='CareApp2'*/[0m
  [1m[35m (49.1ms)[0m  [1m[35mCREATE TABLE "users" ("id" bigserial primary key, "name" character varying, "email" character varying, "password_digest" character varying, "created_at" timestamp(6) NOT NULL, "updated_at" timestamp(6) NOT NULL) /*application='CareApp2'*/[0m
  [1m[36mActiveRecord::SchemaMigration Create (1.1ms)[0m  [1m[32mINSERT INTO "schema_migrations" ("version") VALUES ('20250929131602') RETURNING "version" /*application='CareApp2'*/[0m
  [1m[36mTRANSACTION (1.8ms)[0m  [1m[35mCOMMIT /*application='CareApp2'*/[0m
Migrating to CreateSymptoms (20250929131732)
  [1m[36mTRANSACTION (0.2ms)[0m  [1m[35mBEGIN /*application='CareApp2'*/[0m
  [1m[35m (6.3ms)[0m  [1m[35mCREATE TABLE "symptoms" ("id" bigserial primary key, "name" character varying, "description" text, "created_at" timestamp(6) NOT NULL, "updated_at" timestamp(6) NOT NULL) /*application='CareApp2'*/[0m
  [1m[36mActiveRecord::SchemaMigration Create (0.2ms)[0m  [1m[32mINSERT INTO "schema_migrations" ("version") VALUES ('20250929131732') RETURNING "version" /*application='CareApp2'*/[0m
  [1m[36mTRANSACTION (0.4ms)[0m  [1m[35mCOMMIT /*application='CareApp2'*/[0m
Migrating to CreateExercises (20250929132931)
  [1m[36mTRANSACTION (0.3ms)[0m  [1m[35mBEGIN /*application='CareApp2'*/[0m
  [1m[35m (11.6ms)[0m  [1m[35mCREATE TABLE "exercises" ("id" bigserial primary key, "title" character varying, "description" text, "steps" text, "duration" integer, "symptom_id" bigint NOT NULL, "created_at" timestamp(6) NOT NULL, "updated_at" timestamp(6) NOT NULL, CONSTRAINT "fk_rails_f3ea9d2e3c"
FOREIGN KEY ("symptom_id")
  REFERENCES "symptoms" ("id")
) /*application='CareApp2'*/[0m
  [1m[35m (1.2ms)[0m  [1m[35mCREATE INDEX "index_exercises_on_symptom_id" ON "exercises" ("symptom_id") /*application='CareApp2'*/[0m
  [1m[36mActiveRecord::SchemaMigration Create (0.2ms)[0m  [1m[32mINSERT INTO "schema_migrations" ("version") VALUES ('20250929132931') RETURNING "version" /*application='CareApp2'*/[0m
  [1m[36mTRANSACTION (0.7ms)[0m  [1m[35mCOMMIT /*application='CareApp2'*/[0m
Migrating to CreateFavorites (20250930111934)
  [1m[36mTRANSACTION (0.3ms)[0m  [1m[35mBEGIN /*application='CareApp2'*/[0m
  [1m[35m (7.9ms)[0m  [1m[35mCREATE TABLE "favorites" ("id" bigserial primary key, "user_id" bigint NOT NULL, "exercise_id" bigint NOT NULL, "created_at" timestamp(6) NOT NULL, "updated_at" timestamp(6) NOT NULL, CONSTRAINT "fk_rails_d15744e438"
FOREIGN KEY ("user_id")
  REFERENCES "users" ("id")
, CONSTRAINT "fk_rails_336e606131"
FOREIGN KEY ("exercise_id")
  REFERENCES "exercises" ("id")
) /*application='CareApp2'*/[0m
  [1m[35m (1.5ms)[0m  [1m[35mCREATE INDEX "index_favorites_on_user_id" ON "favorites" ("user_id") /*application='CareApp2'*/[0m
  [1m[35m (1.0ms)[0m  [1m[35mCREATE INDEX "index_favorites_on_exercise_id" ON "favorites" ("exercise_id") /*application='CareApp2'*/[0m
  [1m[36mActiveRecord::SchemaMigration Create (0.3ms)[0m  [1m[32mINSERT INTO "schema_migrations" ("version") VALUES ('20250930111934') RETURNING "version" /*application='CareApp2'*/[0m
  [1m[36mTRANSACTION (0.7ms)[0m  [1m[35mCOMMIT /*application='CareApp2'*/[0m
Migrating to CreateSchedules (20250930112501)
  [1m[35m (0.7ms)[0m  [1m[34mSELECT pg_advisory_unlock(3619463488481394750) /*application='CareApp2'*/[0m
  [1m[35m (0.6ms)[0m  [1m[34mSELECT pg_try_advisory_lock(3619463488481394750) /*application='CareApp2'*/[0m
  [1m[36mActiveRecord::SchemaMigration Load (3.9ms)[0m  [1m[34mSELECT "schema_migrations"."version" FROM "schema_migrations" ORDER BY "schema_migrations"."version" ASC /*application='CareApp2'*/[0m
  [1m[36mActiveRecord::InternalMetadata Load (6.8ms)[0m  [1m[34mSELECT * FROM "ar_internal_metadata" WHERE "ar_internal_metadata"."key" = 'environment' ORDER BY "ar_internal_metadata"."key" ASC LIMIT 1 /*application='CareApp2'*/[0m
Migrating to CreateSchedules (20250930112501)
  [1m[35m (0.7ms)[0m  [1m[34mSELECT pg_advisory_unlock(3619463488481394750) /*application='CareApp2'*/[0m
Started GET "/" for ::1 at 2025-10-01 23:58:58 +0900
  [1m[36mActiveRecord::SchemaMigration Load (0.7ms)[0m  [1m[34mSELECT "schema_migrations"."version" FROM "schema_migrations" ORDER BY "schema_migrations"."version" ASC /*application='CareApp2'*/[0m
  
ActiveRecord::PendingMigrationError (

Migrations are pending. To resolve this issue, run:

        bin/rails db:migrate

You have 2 pending migrations:

db/migrate/20250930112501_create_schedules.rb
db/migrate/20251001145317_add_password_digest_to_users.rb


):
  
activerecord (8.0.3) lib/active_record/migration.rb:742:in 'ActiveRecord::Migration.check_pending_migrations'
activerecord (8.0.3) lib/active_record/migration.rb:659:in 'block (2 levels) in ActiveRecord::Migration::CheckPending#call'
activesupport (8.0.3) lib/active_support/file_update_checker.rb:85:in 'ActiveSupport::FileUpdateChecker#execute'
activerecord (8.0.3) lib/active_record/migration.rb:664:in 'block in ActiveRecord::Migration::CheckPending#call'
activerecord (8.0.3) lib/active_record/migration.rb:656:in 'Thread::Mutex#synchronize'
activerecord (8.0.3) lib/active_record/migration.rb:656:in 'ActiveRecord::Migration::CheckPending#call'
actionpack (8.0.3) lib/action_dispatch/middleware/callbacks.rb:31:in 'block in ActionDispatch::Callbacks#call'
activesupport (8.0.3) lib/active_support/callbacks.rb:100:in 'ActiveSupport::Callbacks#run_callbacks'
actionpack (8.0.3) lib/action_dispatch/middleware/callbacks.rb:30:in 'ActionDispatch::Callbacks#call'
actionpack (8.0.3) lib/action_dispatch/middleware/executor.rb:16:in 'ActionDispatch::Executor#call'
actionpack (8.0.3) lib/action_dispatch/middleware/actionable_exceptions.rb:18:in 'ActionDispatch::ActionableExceptions#call'
actionpack (8.0.3) lib/action_dispatch/middleware/debug_exceptions.rb:31:in 'ActionDispatch::DebugExceptions#call'
web-console (4.2.1) lib/web_console/middleware.rb:132:in 'WebConsole::Middleware#call_app'
web-console (4.2.1) lib/web_console/middleware.rb:28:in 'block in WebConsole::Middleware#call'
web-console (4.2.1) lib/web_console/middleware.rb:17:in 'Kernel#catch'
web-console (4.2.1) lib/web_console/middleware.rb:17:in 'WebConsole::Middleware#call'
actionpack (8.0.3) lib/action_dispatch/middleware/show_exceptions.rb:32:in 'ActionDispatch::ShowExceptions#call'
railties (8.0.3) lib/rails/rack/logger.rb:41:in 'Rails::Rack::Logger#call_app'
railties (8.0.3) lib/rails/rack/logger.rb:29:in 'Rails::Rack::Logger#call'
actionpack (8.0.3) lib/action_dispatch/middleware/remote_ip.rb:96:in 'ActionDispatch::RemoteIp#call'
actionpack (8.0.3) lib/action_dispatch/middleware/request_id.rb:34:in 'ActionDispatch::RequestId#call'
rack (3.2.1) lib/rack/method_override.rb:28:in 'Rack::MethodOverride#call'
rack (3.2.1) lib/rack/runtime.rb:24:in 'Rack::Runtime#call'
actionpack (8.0.3) lib/action_dispatch/middleware/server_timing.rb:61:in 'block in ActionDispatch::ServerTiming#call'
actionpack (8.0.3) lib/action_dispatch/middleware/server_timing.rb:26:in 'ActionDispatch::ServerTiming::Subscriber#collect_events'
actionpack (8.0.3) lib/action_dispatch/middleware/server_timing.rb:60:in 'ActionDispatch::ServerTiming#call'
actionpack (8.0.3) lib/action_dispatch/middleware/executor.rb:16:in 'ActionDispatch::Executor#call'
propshaft (1.3.1) lib/propshaft/server.rb:37:in 'Propshaft::Server#call'
actionpack (8.0.3) lib/action_dispatch/middleware/static.rb:27:in 'ActionDispatch::Static#call'
rack (3.2.1) lib/rack/sendfile.rb:114:in 'Rack::Sendfile#call'
actionpack (8.0.3) lib/action_dispatch/middleware/host_authorization.rb:143:in 'ActionDispatch::HostAuthorization#call'
railties (8.0.3) lib/rails/engine.rb:535:in 'Rails::Engine#call'
puma (7.0.4) lib/puma/configuration.rb:299:in 'Puma::Configuration::ConfigMiddleware#call'
puma (7.0.4) lib/puma/request.rb:101:in 'block in Puma::Request#handle_request'
puma (7.0.4) lib/puma/thread_pool.rb:346:in 'Puma::ThreadPool#with_force_shutdown'
puma (7.0.4) lib/puma/request.rb:100:in 'Puma::Request#handle_request'
puma (7.0.4) lib/puma/server.rb:506:in 'Puma::Server#process_client'
puma (7.0.4) lib/puma/server.rb:265:in 'block in Puma::Server#run'
puma (7.0.4) lib/puma/thread_pool.rb:173:in 'block in Puma::ThreadPool#spawn_thread'
Started GET "/" for ::1 at 2025-10-01 23:59:04 +0900
  [1m[36mActiveRecord::SchemaMigration Load (0.7ms)[0m  [1m[34mSELECT "schema_migrations"."version" FROM "schema_migrations" ORDER BY "schema_migrations"."version" ASC /*application='CareApp2'*/[0m
  
ActiveRecord::PendingMigrationError (

Migrations are pending. To resolve this issue, run:

        bin/rails db:migrate

You have 2 pending migrations:

db/migrate/20250930112501_create_schedules.rb
db/migrate/20251001145317_add_password_digest_to_users.rb


):
  
activerecord (8.0.3) lib/active_record/migration.rb:742:in 'ActiveRecord::Migration.check_pending_migrations'
activerecord (8.0.3) lib/active_record/migration.rb:659:in 'block (2 levels) in ActiveRecord::Migration::CheckPending#call'
activesupport (8.0.3) lib/active_support/file_update_checker.rb:85:in 'ActiveSupport::FileUpdateChecker#execute'
activerecord (8.0.3) lib/active_record/migration.rb:664:in 'block in ActiveRecord::Migration::CheckPending#call'
activerecord (8.0.3) lib/active_record/migration.rb:656:in 'Thread::Mutex#synchronize'
activerecord (8.0.3) lib/active_record/migration.rb:656:in 'ActiveRecord::Migration::CheckPending#call'
actionpack (8.0.3) lib/action_dispatch/middleware/callbacks.rb:31:in 'block in ActionDispatch::Callbacks#call'
activesupport (8.0.3) lib/active_support/callbacks.rb:100:in 'ActiveSupport::Callbacks#run_callbacks'
actionpack (8.0.3) lib/action_dispatch/middleware/callbacks.rb:30:in 'ActionDispatch::Callbacks#call'
actionpack (8.0.3) lib/action_dispatch/middleware/executor.rb:16:in 'ActionDispatch::Executor#call'
actionpack (8.0.3) lib/action_dispatch/middleware/actionable_exceptions.rb:18:in 'ActionDispatch::ActionableExceptions#call'
actionpack (8.0.3) lib/action_dispatch/middleware/debug_exceptions.rb:31:in 'ActionDispatch::DebugExceptions#call'
web-console (4.2.1) lib/web_console/middleware.rb:132:in 'WebConsole::Middleware#call_app'
web-console (4.2.1) lib/web_console/middleware.rb:28:in 'block in WebConsole::Middleware#call'
web-console (4.2.1) lib/web_console/middleware.rb:17:in 'Kernel#catch'
web-console (4.2.1) lib/web_console/middleware.rb:17:in 'WebConsole::Middleware#call'
actionpack (8.0.3) lib/action_dispatch/middleware/show_exceptions.rb:32:in 'ActionDispatch::ShowExceptions#call'
railties (8.0.3) lib/rails/rack/logger.rb:41:in 'Rails::Rack::Logger#call_app'
railties (8.0.3) lib/rails/rack/logger.rb:29:in 'Rails::Rack::Logger#call'
actionpack (8.0.3) lib/action_dispatch/middleware/remote_ip.rb:96:in 'ActionDispatch::RemoteIp#call'
actionpack (8.0.3) lib/action_dispatch/middleware/request_id.rb:34:in 'ActionDispatch::RequestId#call'
rack (3.2.1) lib/rack/method_override.rb:28:in 'Rack::MethodOverride#call'
rack (3.2.1) lib/rack/runtime.rb:24:in 'Rack::Runtime#call'
actionpack (8.0.3) lib/action_dispatch/middleware/server_timing.rb:61:in 'block in ActionDispatch::ServerTiming#call'
actionpack (8.0.3) lib/action_dispatch/middleware/server_timing.rb:26:in 'ActionDispatch::ServerTiming::Subscriber#collect_events'
actionpack (8.0.3) lib/action_dispatch/middleware/server_timing.rb:60:in 'ActionDispatch::ServerTiming#call'
actionpack (8.0.3) lib/action_dispatch/middleware/executor.rb:16:in 'ActionDispatch::Executor#call'
propshaft (1.3.1) lib/propshaft/server.rb:37:in 'Propshaft::Server#call'
actionpack (8.0.3) lib/action_dispatch/middleware/static.rb:27:in 'ActionDispatch::Static#call'
rack (3.2.1) lib/rack/sendfile.rb:114:in 'Rack::Sendfile#call'
actionpack (8.0.3) lib/action_dispatch/middleware/host_authorization.rb:143:in 'ActionDispatch::HostAuthorization#call'
railties (8.0.3) lib/rails/engine.rb:535:in 'Rails::Engine#call'
puma (7.0.4) lib/puma/configuration.rb:299:in 'Puma::Configuration::ConfigMiddleware#call'
puma (7.0.4) lib/puma/request.rb:101:in 'block in Puma::Request#handle_request'
puma (7.0.4) lib/puma/thread_pool.rb:346:in 'Puma::ThreadPool#with_force_shutdown'
puma (7.0.4) lib/puma/request.rb:100:in 'Puma::Request#handle_request'
puma (7.0.4) lib/puma/server.rb:506:in 'Puma::Server#process_client'
puma (7.0.4) lib/puma/server.rb:265:in 'block in Puma::Server#run'
puma (7.0.4) lib/puma/thread_pool.rb:173:in 'block in Puma::ThreadPool#spawn_thread'
Started GET "/favicon.ico" for ::1 at 2025-10-01 23:59:04 +0900
  [1m[36mActiveRecord::SchemaMigration Load (0.5ms)[0m  [1m[34mSELECT "schema_migrations"."version" FROM "schema_migrations" ORDER BY "schema_migrations"."version" ASC /*application='CareApp2'*/[0m
  
ActiveRecord::PendingMigrationError (

Migrations are pending. To resolve this issue, run:

        bin/rails db:migrate

You have 2 pending migrations:

db/migrate/20250930112501_create_schedules.rb
db/migrate/20251001145317_add_password_digest_to_users.rb


):
  
activerecord (8.0.3) lib/active_record/migration.rb:742:in 'ActiveRecord::Migration.check_pending_migrations'
activerecord (8.0.3) lib/active_record/migration.rb:659:in 'block (2 levels) in ActiveRecord::Migration::CheckPending#call'
activesupport (8.0.3) lib/active_support/file_update_checker.rb:85:in 'ActiveSupport::FileUpdateChecker#execute'
activerecord (8.0.3) lib/active_record/migration.rb:664:in 'block in ActiveRecord::Migration::CheckPending#call'
activerecord (8.0.3) lib/active_record/migration.rb:656:in 'Thread::Mutex#synchronize'
activerecord (8.0.3) lib/active_record/migration.rb:656:in 'ActiveRecord::Migration::CheckPending#call'
actionpack (8.0.3) lib/action_dispatch/middleware/callbacks.rb:31:in 'block in ActionDispatch::Callbacks#call'
activesupport (8.0.3) lib/active_support/callbacks.rb:100:in 'ActiveSupport::Callbacks#run_callbacks'
actionpack (8.0.3) lib/action_dispatch/middleware/callbacks.rb:30:in 'ActionDispatch::Callbacks#call'
actionpack (8.0.3) lib/action_dispatch/middleware/executor.rb:16:in 'ActionDispatch::Executor#call'
actionpack (8.0.3) lib/action_dispatch/middleware/actionable_exceptions.rb:18:in 'ActionDispatch::ActionableExceptions#call'
actionpack (8.0.3) lib/action_dispatch/middleware/debug_exceptions.rb:31:in 'ActionDispatch::DebugExceptions#call'
web-console (4.2.1) lib/web_console/middleware.rb:132:in 'WebConsole::Middleware#call_app'
web-console (4.2.1) lib/web_console/middleware.rb:28:in 'block in WebConsole::Middleware#call'
web-console (4.2.1) lib/web_console/middleware.rb:17:in 'Kernel#catch'
web-console (4.2.1) lib/web_console/middleware.rb:17:in 'WebConsole::Middleware#call'
actionpack (8.0.3) lib/action_dispatch/middleware/show_exceptions.rb:32:in 'ActionDispatch::ShowExceptions#call'
railties (8.0.3) lib/rails/rack/logger.rb:41:in 'Rails::Rack::Logger#call_app'
railties (8.0.3) lib/rails/rack/logger.rb:29:in 'Rails::Rack::Logger#call'
actionpack (8.0.3) lib/action_dispatch/middleware/remote_ip.rb:96:in 'ActionDispatch::RemoteIp#call'
actionpack (8.0.3) lib/action_dispatch/middleware/request_id.rb:34:in 'ActionDispatch::RequestId#call'
rack (3.2.1) lib/rack/method_override.rb:28:in 'Rack::MethodOverride#call'
rack (3.2.1) lib/rack/runtime.rb:24:in 'Rack::Runtime#call'
actionpack (8.0.3) lib/action_dispatch/middleware/server_timing.rb:61:in 'block in ActionDispatch::ServerTiming#call'
actionpack (8.0.3) lib/action_dispatch/middleware/server_timing.rb:26:in 'ActionDispatch::ServerTiming::Subscriber#collect_events'
actionpack (8.0.3) lib/action_dispatch/middleware/server_timing.rb:60:in 'ActionDispatch::ServerTiming#call'
actionpack (8.0.3) lib/action_dispatch/middleware/executor.rb:16:in 'ActionDispatch::Executor#call'
propshaft (1.3.1) lib/propshaft/server.rb:37:in 'Propshaft::Server#call'
actionpack (8.0.3) lib/action_dispatch/middleware/static.rb:27:in 'ActionDispatch::Static#call'
rack (3.2.1) lib/rack/sendfile.rb:114:in 'Rack::Sendfile#call'
actionpack (8.0.3) lib/action_dispatch/middleware/host_authorization.rb:143:in 'ActionDispatch::HostAuthorization#call'
railties (8.0.3) lib/rails/engine.rb:535:in 'Rails::Engine#call'
puma (7.0.4) lib/puma/configuration.rb:299:in 'Puma::Configuration::ConfigMiddleware#call'
puma (7.0.4) lib/puma/request.rb:101:in 'block in Puma::Request#handle_request'
puma (7.0.4) lib/puma/thread_pool.rb:346:in 'Puma::ThreadPool#with_force_shutdown'
puma (7.0.4) lib/puma/request.rb:100:in 'Puma::Request#handle_request'
puma (7.0.4) lib/puma/server.rb:506:in 'Puma::Server#process_client'
puma (7.0.4) lib/puma/server.rb:265:in 'block in Puma::Server#run'
puma (7.0.4) lib/puma/thread_pool.rb:173:in 'block in Puma::ThreadPool#spawn_thread'
Started GET "/" for ::1 at 2025-10-03 21:40:09 +0900
  [1m[36mActiveRecord::SchemaMigration Load (3.2ms)[0m  [1m[34mSELECT "schema_migrations"."version" FROM "schema_migrations" ORDER BY "schema_migrations"."version" ASC /*application='CareApp2'*/[0m
  
ActiveRecord::PendingMigrationError (

Migrations are pending. To resolve this issue, run:

        bin/rails db:migrate

You have 2 pending migrations:

db/migrate/20250930112501_create_schedules.rb
db/migrate/20251001145317_add_password_digest_to_users.rb


):
  
activerecord (8.0.3) lib/active_record/migration.rb:742:in 'ActiveRecord::Migration.check_pending_migrations'
activerecord (8.0.3) lib/active_record/migration.rb:659:in 'block (2 levels) in ActiveRecord::Migration::CheckPending#call'
activesupport (8.0.3) lib/active_support/file_update_checker.rb:85:in 'ActiveSupport::FileUpdateChecker#execute'
activerecord (8.0.3) lib/active_record/migration.rb:664:in 'block in ActiveRecord::Migration::CheckPending#call'
activerecord (8.0.3) lib/active_record/migration.rb:656:in 'Thread::Mutex#synchronize'
activerecord (8.0.3) lib/active_record/migration.rb:656:in 'ActiveRecord::Migration::CheckPending#call'
actionpack (8.0.3) lib/action_dispatch/middleware/callbacks.rb:31:in 'block in ActionDispatch::Callbacks#call'
activesupport (8.0.3) lib/active_support/callbacks.rb:100:in 'ActiveSupport::Callbacks#run_callbacks'
actionpack (8.0.3) lib/action_dispatch/middleware/callbacks.rb:30:in 'ActionDispatch::Callbacks#call'
actionpack (8.0.3) lib/action_dispatch/middleware/executor.rb:16:in 'ActionDispatch::Executor#call'
actionpack (8.0.3) lib/action_dispatch/middleware/actionable_exceptions.rb:18:in 'ActionDispatch::ActionableExceptions#call'
actionpack (8.0.3) lib/action_dispatch/middleware/debug_exceptions.rb:31:in 'ActionDispatch::DebugExceptions#call'
web-console (4.2.1) lib/web_console/middleware.rb:132:in 'WebConsole::Middleware#call_app'
web-console (4.2.1) lib/web_console/middleware.rb:28:in 'block in WebConsole::Middleware#call'
web-console (4.2.1) lib/web_console/middleware.rb:17:in 'Kernel#catch'
web-console (4.2.1) lib/web_console/middleware.rb:17:in 'WebConsole::Middleware#call'
actionpack (8.0.3) lib/action_dispatch/middleware/show_exceptions.rb:32:in 'ActionDispatch::ShowExceptions#call'
railties (8.0.3) lib/rails/rack/logger.rb:41:in 'Rails::Rack::Logger#call_app'
railties (8.0.3) lib/rails/rack/logger.rb:29:in 'Rails::Rack::Logger#call'
actionpack (8.0.3) lib/action_dispatch/middleware/remote_ip.rb:96:in 'ActionDispatch::RemoteIp#call'
actionpack (8.0.3) lib/action_dispatch/middleware/request_id.rb:34:in 'ActionDispatch::RequestId#call'
rack (3.2.1) lib/rack/method_override.rb:28:in 'Rack::MethodOverride#call'
rack (3.2.1) lib/rack/runtime.rb:24:in 'Rack::Runtime#call'
actionpack (8.0.3) lib/action_dispatch/middleware/server_timing.rb:61:in 'block in ActionDispatch::ServerTiming#call'
actionpack (8.0.3) lib/action_dispatch/middleware/server_timing.rb:26:in 'ActionDispatch::ServerTiming::Subscriber#collect_events'
actionpack (8.0.3) lib/action_dispatch/middleware/server_timing.rb:60:in 'ActionDispatch::ServerTiming#call'
actionpack (8.0.3) lib/action_dispatch/middleware/executor.rb:16:in 'ActionDispatch::Executor#call'
propshaft (1.3.1) lib/propshaft/server.rb:37:in 'Propshaft::Server#call'
actionpack (8.0.3) lib/action_dispatch/middleware/static.rb:27:in 'ActionDispatch::Static#call'
rack (3.2.1) lib/rack/sendfile.rb:114:in 'Rack::Sendfile#call'
actionpack (8.0.3) lib/action_dispatch/middleware/host_authorization.rb:143:in 'ActionDispatch::HostAuthorization#call'
railties (8.0.3) lib/rails/engine.rb:535:in 'Rails::Engine#call'
puma (7.0.4) lib/puma/configuration.rb:299:in 'Puma::Configuration::ConfigMiddleware#call'
puma (7.0.4) lib/puma/request.rb:101:in 'block in Puma::Request#handle_request'
puma (7.0.4) lib/puma/thread_pool.rb:346:in 'Puma::ThreadPool#with_force_shutdown'
puma (7.0.4) lib/puma/request.rb:100:in 'Puma::Request#handle_request'
puma (7.0.4) lib/puma/server.rb:506:in 'Puma::Server#process_client'
puma (7.0.4) lib/puma/server.rb:265:in 'block in Puma::Server#run'
puma (7.0.4) lib/puma/thread_pool.rb:173:in 'block in Puma::ThreadPool#spawn_thread'
Started GET "/" for ::1 at 2025-10-03 21:40:15 +0900
  [1m[36mActiveRecord::SchemaMigration Load (0.5ms)[0m  [1m[34mSELECT "schema_migrations"."version" FROM "schema_migrations" ORDER BY "schema_migrations"."version" ASC /*application='CareApp2'*/[0m
  
ActiveRecord::PendingMigrationError (

Migrations are pending. To resolve this issue, run:

        bin/rails db:migrate

You have 2 pending migrations:

db/migrate/20250930112501_create_schedules.rb
db/migrate/20251001145317_add_password_digest_to_users.rb


):
  
activerecord (8.0.3) lib/active_record/migration.rb:742:in 'ActiveRecord::Migration.check_pending_migrations'
activerecord (8.0.3) lib/active_record/migration.rb:659:in 'block (2 levels) in ActiveRecord::Migration::CheckPending#call'
activesupport (8.0.3) lib/active_support/file_update_checker.rb:85:in 'ActiveSupport::FileUpdateChecker#execute'
activerecord (8.0.3) lib/active_record/migration.rb:664:in 'block in ActiveRecord::Migration::CheckPending#call'
activerecord (8.0.3) lib/active_record/migration.rb:656:in 'Thread::Mutex#synchronize'
activerecord (8.0.3) lib/active_record/migration.rb:656:in 'ActiveRecord::Migration::CheckPending#call'
actionpack (8.0.3) lib/action_dispatch/middleware/callbacks.rb:31:in 'block in ActionDispatch::Callbacks#call'
activesupport (8.0.3) lib/active_support/callbacks.rb:100:in 'ActiveSupport::Callbacks#run_callbacks'
actionpack (8.0.3) lib/action_dispatch/middleware/callbacks.rb:30:in 'ActionDispatch::Callbacks#call'
actionpack (8.0.3) lib/action_dispatch/middleware/executor.rb:16:in 'ActionDispatch::Executor#call'
actionpack (8.0.3) lib/action_dispatch/middleware/actionable_exceptions.rb:18:in 'ActionDispatch::ActionableExceptions#call'
actionpack (8.0.3) lib/action_dispatch/middleware/debug_exceptions.rb:31:in 'ActionDispatch::DebugExceptions#call'
web-console (4.2.1) lib/web_console/middleware.rb:132:in 'WebConsole::Middleware#call_app'
web-console (4.2.1) lib/web_console/middleware.rb:28:in 'block in WebConsole::Middleware#call'
web-console (4.2.1) lib/web_console/middleware.rb:17:in 'Kernel#catch'
web-console (4.2.1) lib/web_console/middleware.rb:17:in 'WebConsole::Middleware#call'
actionpack (8.0.3) lib/action_dispatch/middleware/show_exceptions.rb:32:in 'ActionDispatch::ShowExceptions#call'
railties (8.0.3) lib/rails/rack/logger.rb:41:in 'Rails::Rack::Logger#call_app'
railties (8.0.3) lib/rails/rack/logger.rb:29:in 'Rails::Rack::Logger#call'
actionpack (8.0.3) lib/action_dispatch/middleware/remote_ip.rb:96:in 'ActionDispatch::RemoteIp#call'
actionpack (8.0.3) lib/action_dispatch/middleware/request_id.rb:34:in 'ActionDispatch::RequestId#call'
rack (3.2.1) lib/rack/method_override.rb:28:in 'Rack::MethodOverride#call'
rack (3.2.1) lib/rack/runtime.rb:24:in 'Rack::Runtime#call'
actionpack (8.0.3) lib/action_dispatch/middleware/server_timing.rb:61:in 'block in ActionDispatch::ServerTiming#call'
actionpack (8.0.3) lib/action_dispatch/middleware/server_timing.rb:26:in 'ActionDispatch::ServerTiming::Subscriber#collect_events'
actionpack (8.0.3) lib/action_dispatch/middleware/server_timing.rb:60:in 'ActionDispatch::ServerTiming#call'
actionpack (8.0.3) lib/action_dispatch/middleware/executor.rb:16:in 'ActionDispatch::Executor#call'
propshaft (1.3.1) lib/propshaft/server.rb:37:in 'Propshaft::Server#call'
actionpack (8.0.3) lib/action_dispatch/middleware/static.rb:27:in 'ActionDispatch::Static#call'
rack (3.2.1) lib/rack/sendfile.rb:114:in 'Rack::Sendfile#call'
actionpack (8.0.3) lib/action_dispatch/middleware/host_authorization.rb:143:in 'ActionDispatch::HostAuthorization#call'
railties (8.0.3) lib/rails/engine.rb:535:in 'Rails::Engine#call'
puma (7.0.4) lib/puma/configuration.rb:299:in 'Puma::Configuration::ConfigMiddleware#call'
puma (7.0.4) lib/puma/request.rb:101:in 'block in Puma::Request#handle_request'
puma (7.0.4) lib/puma/thread_pool.rb:346:in 'Puma::ThreadPool#with_force_shutdown'
puma (7.0.4) lib/puma/request.rb:100:in 'Puma::Request#handle_request'
puma (7.0.4) lib/puma/server.rb:506:in 'Puma::Server#process_client'
puma (7.0.4) lib/puma/server.rb:265:in 'block in Puma::Server#run'
puma (7.0.4) lib/puma/thread_pool.rb:173:in 'block in Puma::ThreadPool#spawn_thread'
Started GET "/favicon.ico" for ::1 at 2025-10-03 21:40:16 +0900
  [1m[36mActiveRecord::SchemaMigration Load (0.7ms)[0m  [1m[34mSELECT "schema_migrations"."version" FROM "schema_migrations" ORDER BY "schema_migrations"."version" ASC /*application='CareApp2'*/[0m
  
ActiveRecord::PendingMigrationError (

Migrations are pending. To resolve this issue, run:

        bin/rails db:migrate

You have 2 pending migrations:

db/migrate/20250930112501_create_schedules.rb
db/migrate/20251001145317_add_password_digest_to_users.rb


):
  
activerecord (8.0.3) lib/active_record/migration.rb:742:in 'ActiveRecord::Migration.check_pending_migrations'
activerecord (8.0.3) lib/active_record/migration.rb:659:in 'block (2 levels) in ActiveRecord::Migration::CheckPending#call'
activesupport (8.0.3) lib/active_support/file_update_checker.rb:85:in 'ActiveSupport::FileUpdateChecker#execute'
activerecord (8.0.3) lib/active_record/migration.rb:664:in 'block in ActiveRecord::Migration::CheckPending#call'
activerecord (8.0.3) lib/active_record/migration.rb:656:in 'Thread::Mutex#synchronize'
activerecord (8.0.3) lib/active_record/migration.rb:656:in 'ActiveRecord::Migration::CheckPending#call'
actionpack (8.0.3) lib/action_dispatch/middleware/callbacks.rb:31:in 'block in ActionDispatch::Callbacks#call'
activesupport (8.0.3) lib/active_support/callbacks.rb:100:in 'ActiveSupport::Callbacks#run_callbacks'
actionpack (8.0.3) lib/action_dispatch/middleware/callbacks.rb:30:in 'ActionDispatch::Callbacks#call'
actionpack (8.0.3) lib/action_dispatch/middleware/executor.rb:16:in 'ActionDispatch::Executor#call'
actionpack (8.0.3) lib/action_dispatch/middleware/actionable_exceptions.rb:18:in 'ActionDispatch::ActionableExceptions#call'
actionpack (8.0.3) lib/action_dispatch/middleware/debug_exceptions.rb:31:in 'ActionDispatch::DebugExceptions#call'
web-console (4.2.1) lib/web_console/middleware.rb:132:in 'WebConsole::Middleware#call_app'
web-console (4.2.1) lib/web_console/middleware.rb:28:in 'block in WebConsole::Middleware#call'
web-console (4.2.1) lib/web_console/middleware.rb:17:in 'Kernel#catch'
web-console (4.2.1) lib/web_console/middleware.rb:17:in 'WebConsole::Middleware#call'
actionpack (8.0.3) lib/action_dispatch/middleware/show_exceptions.rb:32:in 'ActionDispatch::ShowExceptions#call'
railties (8.0.3) lib/rails/rack/logger.rb:41:in 'Rails::Rack::Logger#call_app'
railties (8.0.3) lib/rails/rack/logger.rb:29:in 'Rails::Rack::Logger#call'
actionpack (8.0.3) lib/action_dispatch/middleware/remote_ip.rb:96:in 'ActionDispatch::RemoteIp#call'
actionpack (8.0.3) lib/action_dispatch/middleware/request_id.rb:34:in 'ActionDispatch::RequestId#call'
rack (3.2.1) lib/rack/method_override.rb:28:in 'Rack::MethodOverride#call'
rack (3.2.1) lib/rack/runtime.rb:24:in 'Rack::Runtime#call'
actionpack (8.0.3) lib/action_dispatch/middleware/server_timing.rb:61:in 'block in ActionDispatch::ServerTiming#call'
actionpack (8.0.3) lib/action_dispatch/middleware/server_timing.rb:26:in 'ActionDispatch::ServerTiming::Subscriber#collect_events'
actionpack (8.0.3) lib/action_dispatch/middleware/server_timing.rb:60:in 'ActionDispatch::ServerTiming#call'
actionpack (8.0.3) lib/action_dispatch/middleware/executor.rb:16:in 'ActionDispatch::Executor#call'
propshaft (1.3.1) lib/propshaft/server.rb:37:in 'Propshaft::Server#call'
actionpack (8.0.3) lib/action_dispatch/middleware/static.rb:27:in 'ActionDispatch::Static#call'
rack (3.2.1) lib/rack/sendfile.rb:114:in 'Rack::Sendfile#call'
actionpack (8.0.3) lib/action_dispatch/middleware/host_authorization.rb:143:in 'ActionDispatch::HostAuthorization#call'
railties (8.0.3) lib/rails/engine.rb:535:in 'Rails::Engine#call'
puma (7.0.4) lib/puma/configuration.rb:299:in 'Puma::Configuration::ConfigMiddleware#call'
puma (7.0.4) lib/puma/request.rb:101:in 'block in Puma::Request#handle_request'
puma (7.0.4) lib/puma/thread_pool.rb:346:in 'Puma::ThreadPool#with_force_shutdown'
puma (7.0.4) lib/puma/request.rb:100:in 'Puma::Request#handle_request'
puma (7.0.4) lib/puma/server.rb:506:in 'Puma::Server#process_client'
puma (7.0.4) lib/puma/server.rb:265:in 'block in Puma::Server#run'
puma (7.0.4) lib/puma/thread_pool.rb:173:in 'block in Puma::ThreadPool#spawn_thread'
  [1m[35m (2.0ms)[0m  [1m[34mSELECT pg_try_advisory_lock(3619463488481394750) /*application='CareApp2'*/[0m
  [1m[36mActiveRecord::SchemaMigration Load (0.8ms)[0m  [1m[34mSELECT "schema_migrations"."version" FROM "schema_migrations" ORDER BY "schema_migrations"."version" ASC /*application='CareApp2'*/[0m
  [1m[36mActiveRecord::InternalMetadata Load (3.7ms)[0m  [1m[34mSELECT * FROM "ar_internal_metadata" WHERE "ar_internal_metadata"."key" = 'environment' ORDER BY "ar_internal_metadata"."key" ASC LIMIT 1 /*application='CareApp2'*/[0m
Migrating to CreateSchedules (20250930112501)
  [1m[35m (0.4ms)[0m  [1m[34mSELECT pg_advisory_unlock(3619463488481394750) /*application='CareApp2'*/[0m
Started GET "/" for ::1 at 2025-10-03 21:42:18 +0900
  [1m[36mActiveRecord::SchemaMigration Load (0.7ms)[0m  [1m[34mSELECT "schema_migrations"."version" FROM "schema_migrations" ORDER BY "schema_migrations"."version" ASC /*application='CareApp2'*/[0m
  
ActiveRecord::PendingMigrationError (

Migrations are pending. To resolve this issue, run:

        bin/rails db:migrate

You have 2 pending migrations:

db/migrate/20250930112501_create_schedules.rb
db/migrate/20251001145317_add_password_digest_to_users.rb


):
  
activerecord (8.0.3) lib/active_record/migration.rb:742:in 'ActiveRecord::Migration.check_pending_migrations'
activerecord (8.0.3) lib/active_record/migration.rb:659:in 'block (2 levels) in ActiveRecord::Migration::CheckPending#call'
activesupport (8.0.3) lib/active_support/file_update_checker.rb:85:in 'ActiveSupport::FileUpdateChecker#execute'
activerecord (8.0.3) lib/active_record/migration.rb:664:in 'block in ActiveRecord::Migration::CheckPending#call'
activerecord (8.0.3) lib/active_record/migration.rb:656:in 'Thread::Mutex#synchronize'
activerecord (8.0.3) lib/active_record/migration.rb:656:in 'ActiveRecord::Migration::CheckPending#call'
actionpack (8.0.3) lib/action_dispatch/middleware/callbacks.rb:31:in 'block in ActionDispatch::Callbacks#call'
activesupport (8.0.3) lib/active_support/callbacks.rb:100:in 'ActiveSupport::Callbacks#run_callbacks'
actionpack (8.0.3) lib/action_dispatch/middleware/callbacks.rb:30:in 'ActionDispatch::Callbacks#call'
actionpack (8.0.3) lib/action_dispatch/middleware/executor.rb:16:in 'ActionDispatch::Executor#call'
actionpack (8.0.3) lib/action_dispatch/middleware/actionable_exceptions.rb:18:in 'ActionDispatch::ActionableExceptions#call'
actionpack (8.0.3) lib/action_dispatch/middleware/debug_exceptions.rb:31:in 'ActionDispatch::DebugExceptions#call'
web-console (4.2.1) lib/web_console/middleware.rb:132:in 'WebConsole::Middleware#call_app'
web-console (4.2.1) lib/web_console/middleware.rb:28:in 'block in WebConsole::Middleware#call'
web-console (4.2.1) lib/web_console/middleware.rb:17:in 'Kernel#catch'
web-console (4.2.1) lib/web_console/middleware.rb:17:in 'WebConsole::Middleware#call'
actionpack (8.0.3) lib/action_dispatch/middleware/show_exceptions.rb:32:in 'ActionDispatch::ShowExceptions#call'
railties (8.0.3) lib/rails/rack/logger.rb:41:in 'Rails::Rack::Logger#call_app'
railties (8.0.3) lib/rails/rack/logger.rb:29:in 'Rails::Rack::Logger#call'
actionpack (8.0.3) lib/action_dispatch/middleware/remote_ip.rb:96:in 'ActionDispatch::RemoteIp#call'
actionpack (8.0.3) lib/action_dispatch/middleware/request_id.rb:34:in 'ActionDispatch::RequestId#call'
rack (3.2.1) lib/rack/method_override.rb:28:in 'Rack::MethodOverride#call'
rack (3.2.1) lib/rack/runtime.rb:24:in 'Rack::Runtime#call'
actionpack (8.0.3) lib/action_dispatch/middleware/server_timing.rb:61:in 'block in ActionDispatch::ServerTiming#call'
actionpack (8.0.3) lib/action_dispatch/middleware/server_timing.rb:26:in 'ActionDispatch::ServerTiming::Subscriber#collect_events'
actionpack (8.0.3) lib/action_dispatch/middleware/server_timing.rb:60:in 'ActionDispatch::ServerTiming#call'
actionpack (8.0.3) lib/action_dispatch/middleware/executor.rb:16:in 'ActionDispatch::Executor#call'
propshaft (1.3.1) lib/propshaft/server.rb:37:in 'Propshaft::Server#call'
actionpack (8.0.3) lib/action_dispatch/middleware/static.rb:27:in 'ActionDispatch::Static#call'
rack (3.2.1) lib/rack/sendfile.rb:114:in 'Rack::Sendfile#call'
actionpack (8.0.3) lib/action_dispatch/middleware/host_authorization.rb:143:in 'ActionDispatch::HostAuthorization#call'
railties (8.0.3) lib/rails/engine.rb:535:in 'Rails::Engine#call'
puma (7.0.4) lib/puma/configuration.rb:299:in 'Puma::Configuration::ConfigMiddleware#call'
puma (7.0.4) lib/puma/request.rb:101:in 'block in Puma::Request#handle_request'
puma (7.0.4) lib/puma/thread_pool.rb:346:in 'Puma::ThreadPool#with_force_shutdown'
puma (7.0.4) lib/puma/request.rb:100:in 'Puma::Request#handle_request'
puma (7.0.4) lib/puma/server.rb:506:in 'Puma::Server#process_client'
puma (7.0.4) lib/puma/server.rb:265:in 'block in Puma::Server#run'
puma (7.0.4) lib/puma/thread_pool.rb:173:in 'block in Puma::ThreadPool#spawn_thread'
Started GET "/favicon.ico" for ::1 at 2025-10-03 21:42:18 +0900
  [1m[36mActiveRecord::SchemaMigration Load (0.5ms)[0m  [1m[34mSELECT "schema_migrations"."version" FROM "schema_migrations" ORDER BY "schema_migrations"."version" ASC /*application='CareApp2'*/[0m
  
ActiveRecord::PendingMigrationError (

Migrations are pending. To resolve this issue, run:

        bin/rails db:migrate

You have 2 pending migrations:

db/migrate/20250930112501_create_schedules.rb
db/migrate/20251001145317_add_password_digest_to_users.rb


):
  
activerecord (8.0.3) lib/active_record/migration.rb:742:in 'ActiveRecord::Migration.check_pending_migrations'
activerecord (8.0.3) lib/active_record/migration.rb:659:in 'block (2 levels) in ActiveRecord::Migration::CheckPending#call'
activesupport (8.0.3) lib/active_support/file_update_checker.rb:85:in 'ActiveSupport::FileUpdateChecker#execute'
activerecord (8.0.3) lib/active_record/migration.rb:664:in 'block in ActiveRecord::Migration::CheckPending#call'
activerecord (8.0.3) lib/active_record/migration.rb:656:in 'Thread::Mutex#synchronize'
activerecord (8.0.3) lib/active_record/migration.rb:656:in 'ActiveRecord::Migration::CheckPending#call'
actionpack (8.0.3) lib/action_dispatch/middleware/callbacks.rb:31:in 'block in ActionDispatch::Callbacks#call'
activesupport (8.0.3) lib/active_support/callbacks.rb:100:in 'ActiveSupport::Callbacks#run_callbacks'
actionpack (8.0.3) lib/action_dispatch/middleware/callbacks.rb:30:in 'ActionDispatch::Callbacks#call'
actionpack (8.0.3) lib/action_dispatch/middleware/executor.rb:16:in 'ActionDispatch::Executor#call'
actionpack (8.0.3) lib/action_dispatch/middleware/actionable_exceptions.rb:18:in 'ActionDispatch::ActionableExceptions#call'
actionpack (8.0.3) lib/action_dispatch/middleware/debug_exceptions.rb:31:in 'ActionDispatch::DebugExceptions#call'
web-console (4.2.1) lib/web_console/middleware.rb:132:in 'WebConsole::Middleware#call_app'
web-console (4.2.1) lib/web_console/middleware.rb:28:in 'block in WebConsole::Middleware#call'
web-console (4.2.1) lib/web_console/middleware.rb:17:in 'Kernel#catch'
web-console (4.2.1) lib/web_console/middleware.rb:17:in 'WebConsole::Middleware#call'
actionpack (8.0.3) lib/action_dispatch/middleware/show_exceptions.rb:32:in 'ActionDispatch::ShowExceptions#call'
railties (8.0.3) lib/rails/rack/logger.rb:41:in 'Rails::Rack::Logger#call_app'
railties (8.0.3) lib/rails/rack/logger.rb:29:in 'Rails::Rack::Logger#call'
actionpack (8.0.3) lib/action_dispatch/middleware/remote_ip.rb:96:in 'ActionDispatch::RemoteIp#call'
actionpack (8.0.3) lib/action_dispatch/middleware/request_id.rb:34:in 'ActionDispatch::RequestId#call'
rack (3.2.1) lib/rack/method_override.rb:28:in 'Rack::MethodOverride#call'
rack (3.2.1) lib/rack/runtime.rb:24:in 'Rack::Runtime#call'
actionpack (8.0.3) lib/action_dispatch/middleware/server_timing.rb:61:in 'block in ActionDispatch::ServerTiming#call'
actionpack (8.0.3) lib/action_dispatch/middleware/server_timing.rb:26:in 'ActionDispatch::ServerTiming::Subscriber#collect_events'
actionpack (8.0.3) lib/action_dispatch/middleware/server_timing.rb:60:in 'ActionDispatch::ServerTiming#call'
actionpack (8.0.3) lib/action_dispatch/middleware/executor.rb:16:in 'ActionDispatch::Executor#call'
propshaft (1.3.1) lib/propshaft/server.rb:37:in 'Propshaft::Server#call'
actionpack (8.0.3) lib/action_dispatch/middleware/static.rb:27:in 'ActionDispatch::Static#call'
rack (3.2.1) lib/rack/sendfile.rb:114:in 'Rack::Sendfile#call'
actionpack (8.0.3) lib/action_dispatch/middleware/host_authorization.rb:143:in 'ActionDispatch::HostAuthorization#call'
railties (8.0.3) lib/rails/engine.rb:535:in 'Rails::Engine#call'
puma (7.0.4) lib/puma/configuration.rb:299:in 'Puma::Configuration::ConfigMiddleware#call'
puma (7.0.4) lib/puma/request.rb:101:in 'block in Puma::Request#handle_request'
puma (7.0.4) lib/puma/thread_pool.rb:346:in 'Puma::ThreadPool#with_force_shutdown'
puma (7.0.4) lib/puma/request.rb:100:in 'Puma::Request#handle_request'
puma (7.0.4) lib/puma/server.rb:506:in 'Puma::Server#process_client'
puma (7.0.4) lib/puma/server.rb:265:in 'block in Puma::Server#run'
puma (7.0.4) lib/puma/thread_pool.rb:173:in 'block in Puma::ThreadPool#spawn_thread'
  [1m[35m (0.2ms)[0m  [1m[34mSELECT pg_try_advisory_lock(3619463488481394750) /*application='CareApp2'*/[0m
  [1m[36mActiveRecord::SchemaMigration Load (0.6ms)[0m  [1m[34mSELECT "schema_migrations"."version" FROM "schema_migrations" ORDER BY "schema_migrations"."version" ASC /*application='CareApp2'*/[0m
  [1m[36mActiveRecord::InternalMetadata Load (0.6ms)[0m  [1m[34mSELECT * FROM "ar_internal_metadata" WHERE "ar_internal_metadata"."key" = 'environment' ORDER BY "ar_internal_metadata"."key" ASC LIMIT 1 /*application='CareApp2'*/[0m
Migrating to CreateSchedules (20250930112501)
  [1m[35m (0.2ms)[0m  [1m[34mSELECT pg_advisory_unlock(3619463488481394750) /*application='CareApp2'*/[0m
Started GET "/" for ::1 at 2025-10-03 21:44:40 +0900
  [1m[36mActiveRecord::SchemaMigration Load (0.8ms)[0m  [1m[34mSELECT "schema_migrations"."version" FROM "schema_migrations" ORDER BY "schema_migrations"."version" ASC /*application='CareApp2'*/[0m
  
ActiveRecord::PendingMigrationError (

Migrations are pending. To resolve this issue, run:

        bin/rails db:migrate

You have 2 pending migrations:

db/migrate/20250930112501_create_schedules.rb
db/migrate/20251001145317_add_password_digest_to_users.rb


):
  
activerecord (8.0.3) lib/active_record/migration.rb:742:in 'ActiveRecord::Migration.check_pending_migrations'
activerecord (8.0.3) lib/active_record/migration.rb:659:in 'block (2 levels) in ActiveRecord::Migration::CheckPending#call'
activesupport (8.0.3) lib/active_support/file_update_checker.rb:85:in 'ActiveSupport::FileUpdateChecker#execute'
activerecord (8.0.3) lib/active_record/migration.rb:664:in 'block in ActiveRecord::Migration::CheckPending#call'
activerecord (8.0.3) lib/active_record/migration.rb:656:in 'Thread::Mutex#synchronize'
activerecord (8.0.3) lib/active_record/migration.rb:656:in 'ActiveRecord::Migration::CheckPending#call'
actionpack (8.0.3) lib/action_dispatch/middleware/callbacks.rb:31:in 'block in ActionDispatch::Callbacks#call'
activesupport (8.0.3) lib/active_support/callbacks.rb:100:in 'ActiveSupport::Callbacks#run_callbacks'
actionpack (8.0.3) lib/action_dispatch/middleware/callbacks.rb:30:in 'ActionDispatch::Callbacks#call'
actionpack (8.0.3) lib/action_dispatch/middleware/executor.rb:16:in 'ActionDispatch::Executor#call'
actionpack (8.0.3) lib/action_dispatch/middleware/actionable_exceptions.rb:18:in 'ActionDispatch::ActionableExceptions#call'
actionpack (8.0.3) lib/action_dispatch/middleware/debug_exceptions.rb:31:in 'ActionDispatch::DebugExceptions#call'
web-console (4.2.1) lib/web_console/middleware.rb:132:in 'WebConsole::Middleware#call_app'
web-console (4.2.1) lib/web_console/middleware.rb:28:in 'block in WebConsole::Middleware#call'
web-console (4.2.1) lib/web_console/middleware.rb:17:in 'Kernel#catch'
web-console (4.2.1) lib/web_console/middleware.rb:17:in 'WebConsole::Middleware#call'
actionpack (8.0.3) lib/action_dispatch/middleware/show_exceptions.rb:32:in 'ActionDispatch::ShowExceptions#call'
railties (8.0.3) lib/rails/rack/logger.rb:41:in 'Rails::Rack::Logger#call_app'
railties (8.0.3) lib/rails/rack/logger.rb:29:in 'Rails::Rack::Logger#call'
actionpack (8.0.3) lib/action_dispatch/middleware/remote_ip.rb:96:in 'ActionDispatch::RemoteIp#call'
actionpack (8.0.3) lib/action_dispatch/middleware/request_id.rb:34:in 'ActionDispatch::RequestId#call'
rack (3.2.1) lib/rack/method_override.rb:28:in 'Rack::MethodOverride#call'
rack (3.2.1) lib/rack/runtime.rb:24:in 'Rack::Runtime#call'
actionpack (8.0.3) lib/action_dispatch/middleware/server_timing.rb:61:in 'block in ActionDispatch::ServerTiming#call'
actionpack (8.0.3) lib/action_dispatch/middleware/server_timing.rb:26:in 'ActionDispatch::ServerTiming::Subscriber#collect_events'
actionpack (8.0.3) lib/action_dispatch/middleware/server_timing.rb:60:in 'ActionDispatch::ServerTiming#call'
actionpack (8.0.3) lib/action_dispatch/middleware/executor.rb:16:in 'ActionDispatch::Executor#call'
propshaft (1.3.1) lib/propshaft/server.rb:37:in 'Propshaft::Server#call'
actionpack (8.0.3) lib/action_dispatch/middleware/static.rb:27:in 'ActionDispatch::Static#call'
rack (3.2.1) lib/rack/sendfile.rb:114:in 'Rack::Sendfile#call'
actionpack (8.0.3) lib/action_dispatch/middleware/host_authorization.rb:143:in 'ActionDispatch::HostAuthorization#call'
railties (8.0.3) lib/rails/engine.rb:535:in 'Rails::Engine#call'
puma (7.0.4) lib/puma/configuration.rb:299:in 'Puma::Configuration::ConfigMiddleware#call'
puma (7.0.4) lib/puma/request.rb:101:in 'block in Puma::Request#handle_request'
puma (7.0.4) lib/puma/thread_pool.rb:346:in 'Puma::ThreadPool#with_force_shutdown'
puma (7.0.4) lib/puma/request.rb:100:in 'Puma::Request#handle_request'
puma (7.0.4) lib/puma/server.rb:506:in 'Puma::Server#process_client'
puma (7.0.4) lib/puma/server.rb:265:in 'block in Puma::Server#run'
puma (7.0.4) lib/puma/thread_pool.rb:173:in 'block in Puma::ThreadPool#spawn_thread'
Started GET "/favicon.ico" for ::1 at 2025-10-03 21:44:41 +0900
  [1m[36mActiveRecord::SchemaMigration Load (0.5ms)[0m  [1m[34mSELECT "schema_migrations"."version" FROM "schema_migrations" ORDER BY "schema_migrations"."version" ASC /*application='CareApp2'*/[0m
  
ActiveRecord::PendingMigrationError (

Migrations are pending. To resolve this issue, run:

        bin/rails db:migrate

You have 2 pending migrations:

db/migrate/20250930112501_create_schedules.rb
db/migrate/20251001145317_add_password_digest_to_users.rb


):
  
activerecord (8.0.3) lib/active_record/migration.rb:742:in 'ActiveRecord::Migration.check_pending_migrations'
activerecord (8.0.3) lib/active_record/migration.rb:659:in 'block (2 levels) in ActiveRecord::Migration::CheckPending#call'
activesupport (8.0.3) lib/active_support/file_update_checker.rb:85:in 'ActiveSupport::FileUpdateChecker#execute'
activerecord (8.0.3) lib/active_record/migration.rb:664:in 'block in ActiveRecord::Migration::CheckPending#call'
activerecord (8.0.3) lib/active_record/migration.rb:656:in 'Thread::Mutex#synchronize'
activerecord (8.0.3) lib/active_record/migration.rb:656:in 'ActiveRecord::Migration::CheckPending#call'
actionpack (8.0.3) lib/action_dispatch/middleware/callbacks.rb:31:in 'block in ActionDispatch::Callbacks#call'
activesupport (8.0.3) lib/active_support/callbacks.rb:100:in 'ActiveSupport::Callbacks#run_callbacks'
actionpack (8.0.3) lib/action_dispatch/middleware/callbacks.rb:30:in 'ActionDispatch::Callbacks#call'
actionpack (8.0.3) lib/action_dispatch/middleware/executor.rb:16:in 'ActionDispatch::Executor#call'
actionpack (8.0.3) lib/action_dispatch/middleware/actionable_exceptions.rb:18:in 'ActionDispatch::ActionableExceptions#call'
actionpack (8.0.3) lib/action_dispatch/middleware/debug_exceptions.rb:31:in 'ActionDispatch::DebugExceptions#call'
web-console (4.2.1) lib/web_console/middleware.rb:132:in 'WebConsole::Middleware#call_app'
web-console (4.2.1) lib/web_console/middleware.rb:28:in 'block in WebConsole::Middleware#call'
web-console (4.2.1) lib/web_console/middleware.rb:17:in 'Kernel#catch'
web-console (4.2.1) lib/web_console/middleware.rb:17:in 'WebConsole::Middleware#call'
actionpack (8.0.3) lib/action_dispatch/middleware/show_exceptions.rb:32:in 'ActionDispatch::ShowExceptions#call'
railties (8.0.3) lib/rails/rack/logger.rb:41:in 'Rails::Rack::Logger#call_app'
railties (8.0.3) lib/rails/rack/logger.rb:29:in 'Rails::Rack::Logger#call'
actionpack (8.0.3) lib/action_dispatch/middleware/remote_ip.rb:96:in 'ActionDispatch::RemoteIp#call'
actionpack (8.0.3) lib/action_dispatch/middleware/request_id.rb:34:in 'ActionDispatch::RequestId#call'
rack (3.2.1) lib/rack/method_override.rb:28:in 'Rack::MethodOverride#call'
rack (3.2.1) lib/rack/runtime.rb:24:in 'Rack::Runtime#call'
actionpack (8.0.3) lib/action_dispatch/middleware/server_timing.rb:61:in 'block in ActionDispatch::ServerTiming#call'
actionpack (8.0.3) lib/action_dispatch/middleware/server_timing.rb:26:in 'ActionDispatch::ServerTiming::Subscriber#collect_events'
actionpack (8.0.3) lib/action_dispatch/middleware/server_timing.rb:60:in 'ActionDispatch::ServerTiming#call'
actionpack (8.0.3) lib/action_dispatch/middleware/executor.rb:16:in 'ActionDispatch::Executor#call'
propshaft (1.3.1) lib/propshaft/server.rb:37:in 'Propshaft::Server#call'
actionpack (8.0.3) lib/action_dispatch/middleware/static.rb:27:in 'ActionDispatch::Static#call'
rack (3.2.1) lib/rack/sendfile.rb:114:in 'Rack::Sendfile#call'
actionpack (8.0.3) lib/action_dispatch/middleware/host_authorization.rb:143:in 'ActionDispatch::HostAuthorization#call'
railties (8.0.3) lib/rails/engine.rb:535:in 'Rails::Engine#call'
puma (7.0.4) lib/puma/configuration.rb:299:in 'Puma::Configuration::ConfigMiddleware#call'
puma (7.0.4) lib/puma/request.rb:101:in 'block in Puma::Request#handle_request'
puma (7.0.4) lib/puma/thread_pool.rb:346:in 'Puma::ThreadPool#with_force_shutdown'
puma (7.0.4) lib/puma/request.rb:100:in 'Puma::Request#handle_request'
puma (7.0.4) lib/puma/server.rb:506:in 'Puma::Server#process_client'
puma (7.0.4) lib/puma/server.rb:265:in 'block in Puma::Server#run'
puma (7.0.4) lib/puma/thread_pool.rb:173:in 'block in Puma::ThreadPool#spawn_thread'
  [1m[35m (0.2ms)[0m  [1m[34mSELECT pg_try_advisory_lock(3619463488481394750) /*application='CareApp2'*/[0m
  [1m[36mActiveRecord::SchemaMigration Load (0.7ms)[0m  [1m[34mSELECT "schema_migrations"."version" FROM "schema_migrations" ORDER BY "schema_migrations"."version" ASC /*application='CareApp2'*/[0m
  [1m[36mActiveRecord::InternalMetadata Load (0.6ms)[0m  [1m[34mSELECT * FROM "ar_internal_metadata" WHERE "ar_internal_metadata"."key" = 'environment' ORDER BY "ar_internal_metadata"."key" ASC LIMIT 1 /*application='CareApp2'*/[0m
Migrating to CreateSchedules (20250930112501)
  [1m[35m (0.2ms)[0m  [1m[34mSELECT pg_advisory_unlock(3619463488481394750) /*application='CareApp2'*/[0m
  [1m[36mActiveRecord::SchemaMigration Load (2.0ms)[0m  [1m[34mSELECT "schema_migrations"."version" FROM "schema_migrations" ORDER BY "schema_migrations"."version" ASC /*application='CareApp2'*/[0m
  [1m[35m (0.1ms)[0m  [1m[34mSELECT pg_try_advisory_lock(3619463488481394750) /*application='CareApp2'*/[0m
  [1m[36mActiveRecord::SchemaMigration Load (0.8ms)[0m  [1m[34mSELECT "schema_migrations"."version" FROM "schema_migrations" ORDER BY "schema_migrations"."version" ASC /*application='CareApp2'*/[0m
  [1m[36mActiveRecord::InternalMetadata Load (0.6ms)[0m  [1m[34mSELECT * FROM "ar_internal_metadata" WHERE "ar_internal_metadata"."key" = 'environment' ORDER BY "ar_internal_metadata"."key" ASC LIMIT 1 /*application='CareApp2'*/[0m
Migrating to CreateSchedules (20250930112501)
  [1m[35m (0.2ms)[0m  [1m[34mSELECT pg_advisory_unlock(3619463488481394750) /*application='CareApp2'*/[0m
  [1m[36mActiveRecord::SchemaMigration Load (0.6ms)[0m  [1m[34mSELECT "schema_migrations"."version" FROM "schema_migrations" ORDER BY "schema_migrations"."version" ASC /*application='CareApp2'*/[0m
  [1m[35m (0.1ms)[0m  [1m[34mSELECT pg_try_advisory_lock(3619463488481394750) /*application='CareApp2'*/[0m
  [1m[36mActiveRecord::SchemaMigration Load (0.7ms)[0m  [1m[34mSELECT "schema_migrations"."version" FROM "schema_migrations" ORDER BY "schema_migrations"."version" ASC /*application='CareApp2'*/[0m
  [1m[36mActiveRecord::InternalMetadata Load (0.7ms)[0m  [1m[34mSELECT * FROM "ar_internal_metadata" WHERE "ar_internal_metadata"."key" = 'environment' ORDER BY "ar_internal_metadata"."key" ASC LIMIT 1 /*application='CareApp2'*/[0m
Migrating to CreateSchedules (20250930112501)
  [1m[35m (0.2ms)[0m  [1m[34mSELECT pg_advisory_unlock(3619463488481394750) /*application='CareApp2'*/[0m
  [1m[35m (0.1ms)[0m  [1m[34mSELECT pg_try_advisory_lock(3619463488481394750) /*application='CareApp2'*/[0m
  [1m[36mActiveRecord::SchemaMigration Load (0.7ms)[0m  [1m[34mSELECT "schema_migrations"."version" FROM "schema_migrations" ORDER BY "schema_migrations"."version" ASC /*application='CareApp2'*/[0m
  [1m[36mActiveRecord::InternalMetadata Load (0.6ms)[0m  [1m[34mSELECT * FROM "ar_internal_metadata" WHERE "ar_internal_metadata"."key" = 'environment' ORDER BY "ar_internal_metadata"."key" ASC LIMIT 1 /*application='CareApp2'*/[0m
Migrating to AddPasswordDigestToUsers (20251001145317)
  [1m[36mTRANSACTION (0.1ms)[0m  [1m[35mBEGIN /*application='CareApp2'*/[0m
  [1m[35m (10.3ms)[0m  [1m[35mALTER TABLE "users" ADD "password_digest" character varying /*application='CareApp2'*/[0m
  [1m[36mTRANSACTION (0.1ms)[0m  [1m[31mROLLBACK /*application='CareApp2'*/[0m
  [1m[35m (0.2ms)[0m  [1m[34mSELECT pg_advisory_unlock(3619463488481394750) /*application='CareApp2'*/[0m
  [1m[36mActiveRecord::SchemaMigration Load (0.8ms)[0m  [1m[34mSELECT "schema_migrations"."version" FROM "schema_migrations" ORDER BY "schema_migrations"."version" ASC /*application='CareApp2'*/[0m
  [1m[35m (0.1ms)[0m  [1m[34mSELECT pg_try_advisory_lock(3619463488481394750) /*application='CareApp2'*/[0m
  [1m[36mActiveRecord::SchemaMigration Load (0.7ms)[0m  [1m[34mSELECT "schema_migrations"."version" FROM "schema_migrations" ORDER BY "schema_migrations"."version" ASC /*application='CareApp2'*/[0m
  [1m[36mActiveRecord::InternalMetadata Load (0.6ms)[0m  [1m[34mSELECT * FROM "ar_internal_metadata" WHERE "ar_internal_metadata"."key" = 'environment' ORDER BY "ar_internal_metadata"."key" ASC LIMIT 1 /*application='CareApp2'*/[0m
Migrating to CreateSchedules (20250930112501)
  [1m[35m (0.2ms)[0m  [1m[34mSELECT pg_advisory_unlock(3619463488481394750) /*application='CareApp2'*/[0m
  [1m[36mActiveRecord::SchemaMigration Load (0.9ms)[0m  [1m[34mSELECT "schema_migrations"."version" FROM "schema_migrations" ORDER BY "schema_migrations"."version" ASC /*application='CareApp2'*/[0m
  [1m[35m (0.2ms)[0m  [1m[34mSELECT pg_try_advisory_lock(3619463488481394750) /*application='CareApp2'*/[0m
  [1m[36mActiveRecord::SchemaMigration Load (0.8ms)[0m  [1m[34mSELECT "schema_migrations"."version" FROM "schema_migrations" ORDER BY "schema_migrations"."version" ASC /*application='CareApp2'*/[0m
  [1m[36mActiveRecord::InternalMetadata Load (0.6ms)[0m  [1m[34mSELECT * FROM "ar_internal_metadata" WHERE "ar_internal_metadata"."key" = 'environment' ORDER BY "ar_internal_metadata"."key" ASC LIMIT 1 /*application='CareApp2'*/[0m
Migrating to CreateSchedules (20250930112501)
  [1m[35m (0.3ms)[0m  [1m[34mSELECT pg_advisory_unlock(3619463488481394750) /*application='CareApp2'*/[0m
  [1m[36mActiveRecord::SchemaMigration Load (1.4ms)[0m  [1m[34mSELECT "schema_migrations"."version" FROM "schema_migrations" ORDER BY "schema_migrations"."version" ASC /*application='CareApp2'*/[0m
  [1m[35m (0.1ms)[0m  [1m[34mSELECT pg_try_advisory_lock(3619463488481394750) /*application='CareApp2'*/[0m
  [1m[36mActiveRecord::SchemaMigration Load (0.8ms)[0m  [1m[34mSELECT "schema_migrations"."version" FROM "schema_migrations" ORDER BY "schema_migrations"."version" ASC /*application='CareApp2'*/[0m
  [1m[36mActiveRecord::InternalMetadata Load (0.6ms)[0m  [1m[34mSELECT * FROM "ar_internal_metadata" WHERE "ar_internal_metadata"."key" = 'environment' ORDER BY "ar_internal_metadata"."key" ASC LIMIT 1 /*application='CareApp2'*/[0m
Migrating to CreateSchedules (20250930112501)
  [1m[36mTRANSACTION (0.1ms)[0m  [1m[35mBEGIN /*application='CareApp2'*/[0m
  [1m[35m (49.5ms)[0m  [1m[35mCREATE TABLE "schedules" ("id" bigserial primary key, "user_id" bigint NOT NULL, "exercise_id" bigint NOT NULL, "scheduled_at" timestamp(6), "completed" boolean, "created_at" timestamp(6) NOT NULL, "updated_at" timestamp(6) NOT NULL, CONSTRAINT "fk_rails_3c900465fa"
FOREIGN KEY ("user_id")
  REFERENCES "users" ("id")
, CONSTRAINT "fk_rails_876fe52c8f"
FOREIGN KEY ("exercise_id")
  REFERENCES "exercises" ("id")
) /*application='CareApp2'*/[0m
  [1m[35m (7.0ms)[0m  [1m[35mCREATE INDEX "index_schedules_on_user_id" ON "schedules" ("user_id") /*application='CareApp2'*/[0m
  [1m[35m (1.0ms)[0m  [1m[35mCREATE INDEX "index_schedules_on_exercise_id" ON "schedules" ("exercise_id") /*application='CareApp2'*/[0m
  [1m[36mActiveRecord::SchemaMigration Create (0.3ms)[0m  [1m[32mINSERT INTO "schema_migrations" ("version") VALUES ('20250930112501') RETURNING "version" /*application='CareApp2'*/[0m
  [1m[36mTRANSACTION (0.7ms)[0m  [1m[35mCOMMIT /*application='CareApp2'*/[0m
Migrating to AddPasswordDigestToUsers (20251001145317)
  [1m[36mTRANSACTION (0.3ms)[0m  [1m[35mBEGIN /*application='CareApp2'*/[0m
  [1m[35m (102.7ms)[0m  [1m[35mALTER TABLE "users" ADD "password_digest" character varying /*application='CareApp2'*/[0m
  [1m[36mTRANSACTION (1.3ms)[0m  [1m[31mROLLBACK /*application='CareApp2'*/[0m
  [1m[35m (0.2ms)[0m  [1m[34mSELECT pg_advisory_unlock(3619463488481394750) /*application='CareApp2'*/[0m
  [1m[36mActiveRecord::SchemaMigration Load (0.8ms)[0m  [1m[34mSELECT "schema_migrations"."version" FROM "schema_migrations" ORDER BY "schema_migrations"."version" ASC /*application='CareApp2'*/[0m
  [1m[35m (0.1ms)[0m  [1m[34mSELECT pg_try_advisory_lock(3619463488481394750) /*application='CareApp2'*/[0m
  [1m[36mActiveRecord::SchemaMigration Load (0.6ms)[0m  [1m[34mSELECT "schema_migrations"."version" FROM "schema_migrations" ORDER BY "schema_migrations"."version" ASC /*application='CareApp2'*/[0m
  [1m[36mActiveRecord::InternalMetadata Load (0.6ms)[0m  [1m[34mSELECT * FROM "ar_internal_metadata" WHERE "ar_internal_metadata"."key" = 'environment' ORDER BY "ar_internal_metadata"."key" ASC LIMIT 1 /*application='CareApp2'*/[0m
Migrating to AddPasswordDigestToUsers (20251001145317)
  [1m[36mTRANSACTION (0.1ms)[0m  [1m[35mBEGIN /*application='CareApp2'*/[0m
  [1m[35m (1.8ms)[0m  [1m[35mALTER TABLE "users" ADD "password_digest" character varying /*application='CareApp2'*/[0m
  [1m[36mTRANSACTION (0.1ms)[0m  [1m[31mROLLBACK /*application='CareApp2'*/[0m
  [1m[35m (0.2ms)[0m  [1m[34mSELECT pg_advisory_unlock(3619463488481394750) /*application='CareApp2'*/[0m
  [1m[36mActiveRecord::SchemaMigration Load (0.7ms)[0m  [1m[34mSELECT "schema_migrations"."version" FROM "schema_migrations" ORDER BY "schema_migrations"."version" ASC /*application='CareApp2'*/[0m
  [1m[35m (0.1ms)[0m  [1m[34mSELECT pg_try_advisory_lock(3619463488481394750) /*application='CareApp2'*/[0m
  [1m[36mActiveRecord::SchemaMigration Load (0.8ms)[0m  [1m[34mSELECT "schema_migrations"."version" FROM "schema_migrations" ORDER BY "schema_migrations"."version" ASC /*application='CareApp2'*/[0m
  [1m[36mActiveRecord::InternalMetadata Load (0.7ms)[0m  [1m[34mSELECT * FROM "ar_internal_metadata" WHERE "ar_internal_metadata"."key" = 'environment' ORDER BY "ar_internal_metadata"."key" ASC LIMIT 1 /*application='CareApp2'*/[0m
  [1m[35m (0.1ms)[0m  [1m[34mSELECT pg_advisory_unlock(3619463488481394750) /*application='CareApp2'*/[0m
  [1m[36mActiveRecord::SchemaMigration Load (0.1ms)[0m  [1m[34mSELECT "schema_migrations"."version" FROM "schema_migrations" ORDER BY "schema_migrations"."version" ASC /*application='CareApp2'*/[0m
  [1m[36mActiveRecord::SchemaMigration Load (1.5ms)[0m  [1m[34mSELECT "schema_migrations"."version" FROM "schema_migrations" ORDER BY "schema_migrations"."version" ASC /*application='CareApp2'*/[0m
Started GET "/" for ::1 at 2025-10-03 22:08:48 +0900
  [1m[36mActiveRecord::SchemaMigration Load (0.6ms)[0m  [1m[34mSELECT "schema_migrations"."version" FROM "schema_migrations" ORDER BY "schema_migrations"."version" ASC /*application='CareApp2'*/[0m
Processing by SessionsController#new as HTML
  Rendering layout layouts/application.html.erb
  Rendering sessions/new.html.erb within layouts/application
  Rendered sessions/new.html.erb within layouts/application (Duration: 29.9ms | GC: 0.0ms)
  Rendered layout layouts/application.html.erb (Duration: 60.0ms | GC: 0.0ms)
Completed 200 OK in 197ms (Views: 65.7ms | ActiveRecord: 0.0ms (0 queries, 0 cached) | GC: 0.0ms)


Started GET "/users/new" for ::1 at 2025-10-03 22:08:59 +0900
  
ActionController::RoutingError (uninitialized constant UsersController)
Caused by: ActionDispatch::MissingController (uninitialized constant UsersController)
Caused by: NameError (uninitialized constant UsersController)

Information for: ActionController::RoutingError (uninitialized constant UsersController):
  

Information for cause: ActionDispatch::MissingController (uninitialized constant UsersController):
  
actionpack (8.0.3) lib/action_dispatch/http/request.rb:102:in 'ActionDispatch::Request#controller_class_for'
actionpack (8.0.3) lib/action_dispatch/http/request.rb:91:in 'ActionDispatch::Request#controller_class'
actionpack (8.0.3) lib/action_dispatch/routing/route_set.rb:61:in 'ActionDispatch::Routing::RouteSet::Dispatcher#controller'
actionpack (8.0.3) lib/action_dispatch/routing/route_set.rb:48:in 'ActionDispatch::Routing::RouteSet::Dispatcher#serve'
actionpack (8.0.3) lib/action_dispatch/journey/router.rb:53:in 'block in ActionDispatch::Journey::Router#serve'
actionpack (8.0.3) lib/action_dispatch/journey/router.rb:133:in 'block in ActionDispatch::Journey::Router#find_routes'
actionpack (8.0.3) lib/action_dispatch/journey/router.rb:126:in 'Array#each'
actionpack (8.0.3) lib/action_dispatch/journey/router.rb:126:in 'ActionDispatch::Journey::Router#find_routes'
actionpack (8.0.3) lib/action_dispatch/journey/router.rb:34:in 'ActionDispatch::Journey::Router#serve'
actionpack (8.0.3) lib/action_dispatch/routing/route_set.rb:908:in 'ActionDispatch::Routing::RouteSet#call'
railties (8.0.3) lib/rails/engine/lazy_route_set.rb:60:in 'Rails::Engine::LazyRouteSet#call'
rack (3.2.1) lib/rack/tempfile_reaper.rb:20:in 'Rack::TempfileReaper#call'
rack (3.2.1) lib/rack/etag.rb:29:in 'Rack::ETag#call'
rack (3.2.1) lib/rack/conditional_get.rb:31:in 'Rack::ConditionalGet#call'
rack (3.2.1) lib/rack/head.rb:15:in 'Rack::Head#call'
actionpack (8.0.3) lib/action_dispatch/http/permissions_policy.rb:38:in 'ActionDispatch::PermissionsPolicy::Middleware#call'
actionpack (8.0.3) lib/action_dispatch/http/content_security_policy.rb:38:in 'ActionDispatch::ContentSecurityPolicy::Middleware#call'
rack-session (2.1.1) lib/rack/session/abstract/id.rb:274:in 'Rack::Session::Abstract::Persisted#context'
rack-session (2.1.1) lib/rack/session/abstract/id.rb:268:in 'Rack::Session::Abstract::Persisted#call'
actionpack (8.0.3) lib/action_dispatch/middleware/cookies.rb:706:in 'ActionDispatch::Cookies#call'
activerecord (8.0.3) lib/active_record/migration.rb:670:in 'ActiveRecord::Migration::CheckPending#call'
actionpack (8.0.3) lib/action_dispatch/middleware/callbacks.rb:31:in 'block in ActionDispatch::Callbacks#call'
activesupport (8.0.3) lib/active_support/callbacks.rb:100:in 'ActiveSupport::Callbacks#run_callbacks'
actionpack (8.0.3) lib/action_dispatch/middleware/callbacks.rb:30:in 'ActionDispatch::Callbacks#call'
actionpack (8.0.3) lib/action_dispatch/middleware/executor.rb:16:in 'ActionDispatch::Executor#call'
actionpack (8.0.3) lib/action_dispatch/middleware/actionable_exceptions.rb:18:in 'ActionDispatch::ActionableExceptions#call'
actionpack (8.0.3) lib/action_dispatch/middleware/debug_exceptions.rb:31:in 'ActionDispatch::DebugExceptions#call'
web-console (4.2.1) lib/web_console/middleware.rb:132:in 'WebConsole::Middleware#call_app'
web-console (4.2.1) lib/web_console/middleware.rb:28:in 'block in WebConsole::Middleware#call'
web-console (4.2.1) lib/web_console/middleware.rb:17:in 'Kernel#catch'
web-console (4.2.1) lib/web_console/middleware.rb:17:in 'WebConsole::Middleware#call'
actionpack (8.0.3) lib/action_dispatch/middleware/show_exceptions.rb:32:in 'ActionDispatch::ShowExceptions#call'
railties (8.0.3) lib/rails/rack/logger.rb:41:in 'Rails::Rack::Logger#call_app'
railties (8.0.3) lib/rails/rack/logger.rb:29:in 'Rails::Rack::Logger#call'
actionpack (8.0.3) lib/action_dispatch/middleware/remote_ip.rb:96:in 'ActionDispatch::RemoteIp#call'
actionpack (8.0.3) lib/action_dispatch/middleware/request_id.rb:34:in 'ActionDispatch::RequestId#call'
rack (3.2.1) lib/rack/method_override.rb:28:in 'Rack::MethodOverride#call'
rack (3.2.1) lib/rack/runtime.rb:24:in 'Rack::Runtime#call'
actionpack (8.0.3) lib/action_dispatch/middleware/server_timing.rb:61:in 'block in ActionDispatch::ServerTiming#call'
actionpack (8.0.3) lib/action_dispatch/middleware/server_timing.rb:26:in 'ActionDispatch::ServerTiming::Subscriber#collect_events'
actionpack (8.0.3) lib/action_dispatch/middleware/server_timing.rb:60:in 'ActionDispatch::ServerTiming#call'
actionpack (8.0.3) lib/action_dispatch/middleware/executor.rb:16:in 'ActionDispatch::Executor#call'
propshaft (1.3.1) lib/propshaft/server.rb:37:in 'Propshaft::Server#call'
actionpack (8.0.3) lib/action_dispatch/middleware/static.rb:27:in 'ActionDispatch::Static#call'
rack (3.2.1) lib/rack/sendfile.rb:114:in 'Rack::Sendfile#call'
actionpack (8.0.3) lib/action_dispatch/middleware/host_authorization.rb:143:in 'ActionDispatch::HostAuthorization#call'
railties (8.0.3) lib/rails/engine.rb:535:in 'Rails::Engine#call'
puma (7.0.4) lib/puma/configuration.rb:299:in 'Puma::Configuration::ConfigMiddleware#call'
puma (7.0.4) lib/puma/request.rb:101:in 'block in Puma::Request#handle_request'
puma (7.0.4) lib/puma/thread_pool.rb:346:in 'Puma::ThreadPool#with_force_shutdown'
puma (7.0.4) lib/puma/request.rb:100:in 'Puma::Request#handle_request'
puma (7.0.4) lib/puma/server.rb:506:in 'Puma::Server#process_client'
puma (7.0.4) lib/puma/server.rb:265:in 'block in Puma::Server#run'
puma (7.0.4) lib/puma/thread_pool.rb:173:in 'block in Puma::ThreadPool#spawn_thread'

Information for cause: NameError (uninitialized constant UsersController):
  
activesupport (8.0.3) lib/active_support/inflector/methods.rb:290:in 'ActiveSupport::Inflector#constantize'
activesupport (8.0.3) lib/active_support/core_ext/string/inflections.rb:74:in 'String#constantize'
actionpack (8.0.3) lib/action_dispatch/http/request.rb:99:in 'ActionDispatch::Request#controller_class_for'
actionpack (8.0.3) lib/action_dispatch/http/request.rb:91:in 'ActionDispatch::Request#controller_class'
actionpack (8.0.3) lib/action_dispatch/routing/route_set.rb:61:in 'ActionDispatch::Routing::RouteSet::Dispatcher#controller'
actionpack (8.0.3) lib/action_dispatch/routing/route_set.rb:48:in 'ActionDispatch::Routing::RouteSet::Dispatcher#serve'
actionpack (8.0.3) lib/action_dispatch/journey/router.rb:53:in 'block in ActionDispatch::Journey::Router#serve'
actionpack (8.0.3) lib/action_dispatch/journey/router.rb:133:in 'block in ActionDispatch::Journey::Router#find_routes'
actionpack (8.0.3) lib/action_dispatch/journey/router.rb:126:in 'Array#each'
actionpack (8.0.3) lib/action_dispatch/journey/router.rb:126:in 'ActionDispatch::Journey::Router#find_routes'
actionpack (8.0.3) lib/action_dispatch/journey/router.rb:34:in 'ActionDispatch::Journey::Router#serve'
actionpack (8.0.3) lib/action_dispatch/routing/route_set.rb:908:in 'ActionDispatch::Routing::RouteSet#call'
railties (8.0.3) lib/rails/engine/lazy_route_set.rb:60:in 'Rails::Engine::LazyRouteSet#call'
rack (3.2.1) lib/rack/tempfile_reaper.rb:20:in 'Rack::TempfileReaper#call'
rack (3.2.1) lib/rack/etag.rb:29:in 'Rack::ETag#call'
rack (3.2.1) lib/rack/conditional_get.rb:31:in 'Rack::ConditionalGet#call'
rack (3.2.1) lib/rack/head.rb:15:in 'Rack::Head#call'
actionpack (8.0.3) lib/action_dispatch/http/permissions_policy.rb:38:in 'ActionDispatch::PermissionsPolicy::Middleware#call'
actionpack (8.0.3) lib/action_dispatch/http/content_security_policy.rb:38:in 'ActionDispatch::ContentSecurityPolicy::Middleware#call'
rack-session (2.1.1) lib/rack/session/abstract/id.rb:274:in 'Rack::Session::Abstract::Persisted#context'
rack-session (2.1.1) lib/rack/session/abstract/id.rb:268:in 'Rack::Session::Abstract::Persisted#call'
actionpack (8.0.3) lib/action_dispatch/middleware/cookies.rb:706:in 'ActionDispatch::Cookies#call'
activerecord (8.0.3) lib/active_record/migration.rb:670:in 'ActiveRecord::Migration::CheckPending#call'
actionpack (8.0.3) lib/action_dispatch/middleware/callbacks.rb:31:in 'block in ActionDispatch::Callbacks#call'
activesupport (8.0.3) lib/active_support/callbacks.rb:100:in 'ActiveSupport::Callbacks#run_callbacks'
actionpack (8.0.3) lib/action_dispatch/middleware/callbacks.rb:30:in 'ActionDispatch::Callbacks#call'
actionpack (8.0.3) lib/action_dispatch/middleware/executor.rb:16:in 'ActionDispatch::Executor#call'
actionpack (8.0.3) lib/action_dispatch/middleware/actionable_exceptions.rb:18:in 'ActionDispatch::ActionableExceptions#call'
actionpack (8.0.3) lib/action_dispatch/middleware/debug_exceptions.rb:31:in 'ActionDispatch::DebugExceptions#call'
web-console (4.2.1) lib/web_console/middleware.rb:132:in 'WebConsole::Middleware#call_app'
web-console (4.2.1) lib/web_console/middleware.rb:28:in 'block in WebConsole::Middleware#call'
web-console (4.2.1) lib/web_console/middleware.rb:17:in 'Kernel#catch'
web-console (4.2.1) lib/web_console/middleware.rb:17:in 'WebConsole::Middleware#call'
actionpack (8.0.3) lib/action_dispatch/middleware/show_exceptions.rb:32:in 'ActionDispatch::ShowExceptions#call'
railties (8.0.3) lib/rails/rack/logger.rb:41:in 'Rails::Rack::Logger#call_app'
railties (8.0.3) lib/rails/rack/logger.rb:29:in 'Rails::Rack::Logger#call'
actionpack (8.0.3) lib/action_dispatch/middleware/remote_ip.rb:96:in 'ActionDispatch::RemoteIp#call'
actionpack (8.0.3) lib/action_dispatch/middleware/request_id.rb:34:in 'ActionDispatch::RequestId#call'
rack (3.2.1) lib/rack/method_override.rb:28:in 'Rack::MethodOverride#call'
rack (3.2.1) lib/rack/runtime.rb:24:in 'Rack::Runtime#call'
actionpack (8.0.3) lib/action_dispatch/middleware/server_timing.rb:61:in 'block in ActionDispatch::ServerTiming#call'
actionpack (8.0.3) lib/action_dispatch/middleware/server_timing.rb:26:in 'ActionDispatch::ServerTiming::Subscriber#collect_events'
actionpack (8.0.3) lib/action_dispatch/middleware/server_timing.rb:60:in 'ActionDispatch::ServerTiming#call'
actionpack (8.0.3) lib/action_dispatch/middleware/executor.rb:16:in 'ActionDispatch::Executor#call'
propshaft (1.3.1) lib/propshaft/server.rb:37:in 'Propshaft::Server#call'
actionpack (8.0.3) lib/action_dispatch/middleware/static.rb:27:in 'ActionDispatch::Static#call'
rack (3.2.1) lib/rack/sendfile.rb:114:in 'Rack::Sendfile#call'
actionpack (8.0.3) lib/action_dispatch/middleware/host_authorization.rb:143:in 'ActionDispatch::HostAuthorization#call'
railties (8.0.3) lib/rails/engine.rb:535:in 'Rails::Engine#call'
puma (7.0.4) lib/puma/configuration.rb:299:in 'Puma::Configuration::ConfigMiddleware#call'
puma (7.0.4) lib/puma/request.rb:101:in 'block in Puma::Request#handle_request'
puma (7.0.4) lib/puma/thread_pool.rb:346:in 'Puma::ThreadPool#with_force_shutdown'
puma (7.0.4) lib/puma/request.rb:100:in 'Puma::Request#handle_request'
puma (7.0.4) lib/puma/server.rb:506:in 'Puma::Server#process_client'
puma (7.0.4) lib/puma/server.rb:265:in 'block in Puma::Server#run'
puma (7.0.4) lib/puma/thread_pool.rb:173:in 'block in Puma::ThreadPool#spawn_thread'
Started GET "/users/new" for ::1 at 2025-10-03 22:09:25 +0900
  
ActionController::RoutingError (uninitialized constant UsersController)
Caused by: ActionDispatch::MissingController (uninitialized constant UsersController)
Caused by: NameError (uninitialized constant UsersController)

Information for: ActionController::RoutingError (uninitialized constant UsersController):
  

Information for cause: ActionDispatch::MissingController (uninitialized constant UsersController):
  
actionpack (8.0.3) lib/action_dispatch/http/request.rb:102:in 'ActionDispatch::Request#controller_class_for'
actionpack (8.0.3) lib/action_dispatch/http/request.rb:91:in 'ActionDispatch::Request#controller_class'
actionpack (8.0.3) lib/action_dispatch/routing/route_set.rb:61:in 'ActionDispatch::Routing::RouteSet::Dispatcher#controller'
actionpack (8.0.3) lib/action_dispatch/routing/route_set.rb:48:in 'ActionDispatch::Routing::RouteSet::Dispatcher#serve'
actionpack (8.0.3) lib/action_dispatch/journey/router.rb:53:in 'block in ActionDispatch::Journey::Router#serve'
actionpack (8.0.3) lib/action_dispatch/journey/router.rb:133:in 'block in ActionDispatch::Journey::Router#find_routes'
actionpack (8.0.3) lib/action_dispatch/journey/router.rb:126:in 'Array#each'
actionpack (8.0.3) lib/action_dispatch/journey/router.rb:126:in 'ActionDispatch::Journey::Router#find_routes'
actionpack (8.0.3) lib/action_dispatch/journey/router.rb:34:in 'ActionDispatch::Journey::Router#serve'
actionpack (8.0.3) lib/action_dispatch/routing/route_set.rb:908:in 'ActionDispatch::Routing::RouteSet#call'
railties (8.0.3) lib/rails/engine/lazy_route_set.rb:60:in 'Rails::Engine::LazyRouteSet#call'
rack (3.2.1) lib/rack/tempfile_reaper.rb:20:in 'Rack::TempfileReaper#call'
rack (3.2.1) lib/rack/etag.rb:29:in 'Rack::ETag#call'
rack (3.2.1) lib/rack/conditional_get.rb:31:in 'Rack::ConditionalGet#call'
rack (3.2.1) lib/rack/head.rb:15:in 'Rack::Head#call'
actionpack (8.0.3) lib/action_dispatch/http/permissions_policy.rb:38:in 'ActionDispatch::PermissionsPolicy::Middleware#call'
actionpack (8.0.3) lib/action_dispatch/http/content_security_policy.rb:38:in 'ActionDispatch::ContentSecurityPolicy::Middleware#call'
rack-session (2.1.1) lib/rack/session/abstract/id.rb:274:in 'Rack::Session::Abstract::Persisted#context'
rack-session (2.1.1) lib/rack/session/abstract/id.rb:268:in 'Rack::Session::Abstract::Persisted#call'
actionpack (8.0.3) lib/action_dispatch/middleware/cookies.rb:706:in 'ActionDispatch::Cookies#call'
activerecord (8.0.3) lib/active_record/migration.rb:670:in 'ActiveRecord::Migration::CheckPending#call'
actionpack (8.0.3) lib/action_dispatch/middleware/callbacks.rb:31:in 'block in ActionDispatch::Callbacks#call'
activesupport (8.0.3) lib/active_support/callbacks.rb:100:in 'ActiveSupport::Callbacks#run_callbacks'
actionpack (8.0.3) lib/action_dispatch/middleware/callbacks.rb:30:in 'ActionDispatch::Callbacks#call'
actionpack (8.0.3) lib/action_dispatch/middleware/executor.rb:16:in 'ActionDispatch::Executor#call'
actionpack (8.0.3) lib/action_dispatch/middleware/actionable_exceptions.rb:18:in 'ActionDispatch::ActionableExceptions#call'
actionpack (8.0.3) lib/action_dispatch/middleware/debug_exceptions.rb:31:in 'ActionDispatch::DebugExceptions#call'
web-console (4.2.1) lib/web_console/middleware.rb:132:in 'WebConsole::Middleware#call_app'
web-console (4.2.1) lib/web_console/middleware.rb:28:in 'block in WebConsole::Middleware#call'
web-console (4.2.1) lib/web_console/middleware.rb:17:in 'Kernel#catch'
web-console (4.2.1) lib/web_console/middleware.rb:17:in 'WebConsole::Middleware#call'
actionpack (8.0.3) lib/action_dispatch/middleware/show_exceptions.rb:32:in 'ActionDispatch::ShowExceptions#call'
railties (8.0.3) lib/rails/rack/logger.rb:41:in 'Rails::Rack::Logger#call_app'
railties (8.0.3) lib/rails/rack/logger.rb:29:in 'Rails::Rack::Logger#call'
actionpack (8.0.3) lib/action_dispatch/middleware/remote_ip.rb:96:in 'ActionDispatch::RemoteIp#call'
actionpack (8.0.3) lib/action_dispatch/middleware/request_id.rb:34:in 'ActionDispatch::RequestId#call'
rack (3.2.1) lib/rack/method_override.rb:28:in 'Rack::MethodOverride#call'
rack (3.2.1) lib/rack/runtime.rb:24:in 'Rack::Runtime#call'
actionpack (8.0.3) lib/action_dispatch/middleware/server_timing.rb:61:in 'block in ActionDispatch::ServerTiming#call'
actionpack (8.0.3) lib/action_dispatch/middleware/server_timing.rb:26:in 'ActionDispatch::ServerTiming::Subscriber#collect_events'
actionpack (8.0.3) lib/action_dispatch/middleware/server_timing.rb:60:in 'ActionDispatch::ServerTiming#call'
actionpack (8.0.3) lib/action_dispatch/middleware/executor.rb:16:in 'ActionDispatch::Executor#call'
propshaft (1.3.1) lib/propshaft/server.rb:37:in 'Propshaft::Server#call'
actionpack (8.0.3) lib/action_dispatch/middleware/static.rb:27:in 'ActionDispatch::Static#call'
rack (3.2.1) lib/rack/sendfile.rb:114:in 'Rack::Sendfile#call'
actionpack (8.0.3) lib/action_dispatch/middleware/host_authorization.rb:143:in 'ActionDispatch::HostAuthorization#call'
railties (8.0.3) lib/rails/engine.rb:535:in 'Rails::Engine#call'
puma (7.0.4) lib/puma/configuration.rb:299:in 'Puma::Configuration::ConfigMiddleware#call'
puma (7.0.4) lib/puma/request.rb:101:in 'block in Puma::Request#handle_request'
puma (7.0.4) lib/puma/thread_pool.rb:346:in 'Puma::ThreadPool#with_force_shutdown'
puma (7.0.4) lib/puma/request.rb:100:in 'Puma::Request#handle_request'
puma (7.0.4) lib/puma/server.rb:506:in 'Puma::Server#process_client'
puma (7.0.4) lib/puma/server.rb:265:in 'block in Puma::Server#run'
puma (7.0.4) lib/puma/thread_pool.rb:173:in 'block in Puma::ThreadPool#spawn_thread'

Information for cause: NameError (uninitialized constant UsersController):
  
activesupport (8.0.3) lib/active_support/inflector/methods.rb:290:in 'ActiveSupport::Inflector#constantize'
activesupport (8.0.3) lib/active_support/core_ext/string/inflections.rb:74:in 'String#constantize'
actionpack (8.0.3) lib/action_dispatch/http/request.rb:99:in 'ActionDispatch::Request#controller_class_for'
actionpack (8.0.3) lib/action_dispatch/http/request.rb:91:in 'ActionDispatch::Request#controller_class'
actionpack (8.0.3) lib/action_dispatch/routing/route_set.rb:61:in 'ActionDispatch::Routing::RouteSet::Dispatcher#controller'
actionpack (8.0.3) lib/action_dispatch/routing/route_set.rb:48:in 'ActionDispatch::Routing::RouteSet::Dispatcher#serve'
actionpack (8.0.3) lib/action_dispatch/journey/router.rb:53:in 'block in ActionDispatch::Journey::Router#serve'
actionpack (8.0.3) lib/action_dispatch/journey/router.rb:133:in 'block in ActionDispatch::Journey::Router#find_routes'
actionpack (8.0.3) lib/action_dispatch/journey/router.rb:126:in 'Array#each'
actionpack (8.0.3) lib/action_dispatch/journey/router.rb:126:in 'ActionDispatch::Journey::Router#find_routes'
actionpack (8.0.3) lib/action_dispatch/journey/router.rb:34:in 'ActionDispatch::Journey::Router#serve'
actionpack (8.0.3) lib/action_dispatch/routing/route_set.rb:908:in 'ActionDispatch::Routing::RouteSet#call'
railties (8.0.3) lib/rails/engine/lazy_route_set.rb:60:in 'Rails::Engine::LazyRouteSet#call'
rack (3.2.1) lib/rack/tempfile_reaper.rb:20:in 'Rack::TempfileReaper#call'
rack (3.2.1) lib/rack/etag.rb:29:in 'Rack::ETag#call'
rack (3.2.1) lib/rack/conditional_get.rb:31:in 'Rack::ConditionalGet#call'
rack (3.2.1) lib/rack/head.rb:15:in 'Rack::Head#call'
actionpack (8.0.3) lib/action_dispatch/http/permissions_policy.rb:38:in 'ActionDispatch::PermissionsPolicy::Middleware#call'
actionpack (8.0.3) lib/action_dispatch/http/content_security_policy.rb:38:in 'ActionDispatch::ContentSecurityPolicy::Middleware#call'
rack-session (2.1.1) lib/rack/session/abstract/id.rb:274:in 'Rack::Session::Abstract::Persisted#context'
rack-session (2.1.1) lib/rack/session/abstract/id.rb:268:in 'Rack::Session::Abstract::Persisted#call'
actionpack (8.0.3) lib/action_dispatch/middleware/cookies.rb:706:in 'ActionDispatch::Cookies#call'
activerecord (8.0.3) lib/active_record/migration.rb:670:in 'ActiveRecord::Migration::CheckPending#call'
actionpack (8.0.3) lib/action_dispatch/middleware/callbacks.rb:31:in 'block in ActionDispatch::Callbacks#call'
activesupport (8.0.3) lib/active_support/callbacks.rb:100:in 'ActiveSupport::Callbacks#run_callbacks'
actionpack (8.0.3) lib/action_dispatch/middleware/callbacks.rb:30:in 'ActionDispatch::Callbacks#call'
actionpack (8.0.3) lib/action_dispatch/middleware/executor.rb:16:in 'ActionDispatch::Executor#call'
actionpack (8.0.3) lib/action_dispatch/middleware/actionable_exceptions.rb:18:in 'ActionDispatch::ActionableExceptions#call'
actionpack (8.0.3) lib/action_dispatch/middleware/debug_exceptions.rb:31:in 'ActionDispatch::DebugExceptions#call'
web-console (4.2.1) lib/web_console/middleware.rb:132:in 'WebConsole::Middleware#call_app'
web-console (4.2.1) lib/web_console/middleware.rb:28:in 'block in WebConsole::Middleware#call'
web-console (4.2.1) lib/web_console/middleware.rb:17:in 'Kernel#catch'
web-console (4.2.1) lib/web_console/middleware.rb:17:in 'WebConsole::Middleware#call'
actionpack (8.0.3) lib/action_dispatch/middleware/show_exceptions.rb:32:in 'ActionDispatch::ShowExceptions#call'
railties (8.0.3) lib/rails/rack/logger.rb:41:in 'Rails::Rack::Logger#call_app'
railties (8.0.3) lib/rails/rack/logger.rb:29:in 'Rails::Rack::Logger#call'
actionpack (8.0.3) lib/action_dispatch/middleware/remote_ip.rb:96:in 'ActionDispatch::RemoteIp#call'
actionpack (8.0.3) lib/action_dispatch/middleware/request_id.rb:34:in 'ActionDispatch::RequestId#call'
rack (3.2.1) lib/rack/method_override.rb:28:in 'Rack::MethodOverride#call'
rack (3.2.1) lib/rack/runtime.rb:24:in 'Rack::Runtime#call'
actionpack (8.0.3) lib/action_dispatch/middleware/server_timing.rb:61:in 'block in ActionDispatch::ServerTiming#call'
actionpack (8.0.3) lib/action_dispatch/middleware/server_timing.rb:26:in 'ActionDispatch::ServerTiming::Subscriber#collect_events'
actionpack (8.0.3) lib/action_dispatch/middleware/server_timing.rb:60:in 'ActionDispatch::ServerTiming#call'
actionpack (8.0.3) lib/action_dispatch/middleware/executor.rb:16:in 'ActionDispatch::Executor#call'
propshaft (1.3.1) lib/propshaft/server.rb:37:in 'Propshaft::Server#call'
actionpack (8.0.3) lib/action_dispatch/middleware/static.rb:27:in 'ActionDispatch::Static#call'
rack (3.2.1) lib/rack/sendfile.rb:114:in 'Rack::Sendfile#call'
actionpack (8.0.3) lib/action_dispatch/middleware/host_authorization.rb:143:in 'ActionDispatch::HostAuthorization#call'
railties (8.0.3) lib/rails/engine.rb:535:in 'Rails::Engine#call'
puma (7.0.4) lib/puma/configuration.rb:299:in 'Puma::Configuration::ConfigMiddleware#call'
puma (7.0.4) lib/puma/request.rb:101:in 'block in Puma::Request#handle_request'
puma (7.0.4) lib/puma/thread_pool.rb:346:in 'Puma::ThreadPool#with_force_shutdown'
puma (7.0.4) lib/puma/request.rb:100:in 'Puma::Request#handle_request'
puma (7.0.4) lib/puma/server.rb:506:in 'Puma::Server#process_client'
puma (7.0.4) lib/puma/server.rb:265:in 'block in Puma::Server#run'
puma (7.0.4) lib/puma/thread_pool.rb:173:in 'block in Puma::ThreadPool#spawn_thread'
Started GET "/" for ::1 at 2025-10-03 22:09:29 +0900
Started GET "/favicon.ico" for ::1 at 2025-10-03 22:09:29 +0900
  
ActionController::RoutingError (No route matches [GET] "/favicon.ico"):
  
Processing by SessionsController#new as HTML
  Rendering layout layouts/application.html.erb
  Rendering sessions/new.html.erb within layouts/application
  Rendered sessions/new.html.erb within layouts/application (Duration: 3.1ms | GC: 1.7ms)
  Rendered layout layouts/application.html.erb (Duration: 4.0ms | GC: 1.9ms)
Completed 200 OK in 168ms (Views: 4.8ms | ActiveRecord: 0.0ms (0 queries, 0 cached) | GC: 13.8ms)


Started GET "/users/new" for ::1 at 2025-10-03 22:12:59 +0900
  
ActionController::RoutingError (uninitialized constant UsersController)
Caused by: ActionDispatch::MissingController (uninitialized constant UsersController)
Caused by: NameError (uninitialized constant UsersController)

Information for: ActionController::RoutingError (uninitialized constant UsersController):
  

Information for cause: ActionDispatch::MissingController (uninitialized constant UsersController):
  
actionpack (8.0.3) lib/action_dispatch/http/request.rb:102:in 'ActionDispatch::Request#controller_class_for'
actionpack (8.0.3) lib/action_dispatch/http/request.rb:91:in 'ActionDispatch::Request#controller_class'
actionpack (8.0.3) lib/action_dispatch/routing/route_set.rb:61:in 'ActionDispatch::Routing::RouteSet::Dispatcher#controller'
actionpack (8.0.3) lib/action_dispatch/routing/route_set.rb:48:in 'ActionDispatch::Routing::RouteSet::Dispatcher#serve'
actionpack (8.0.3) lib/action_dispatch/journey/router.rb:53:in 'block in ActionDispatch::Journey::Router#serve'
actionpack (8.0.3) lib/action_dispatch/journey/router.rb:133:in 'block in ActionDispatch::Journey::Router#find_routes'
actionpack (8.0.3) lib/action_dispatch/journey/router.rb:126:in 'Array#each'
actionpack (8.0.3) lib/action_dispatch/journey/router.rb:126:in 'ActionDispatch::Journey::Router#find_routes'
actionpack (8.0.3) lib/action_dispatch/journey/router.rb:34:in 'ActionDispatch::Journey::Router#serve'
actionpack (8.0.3) lib/action_dispatch/routing/route_set.rb:908:in 'ActionDispatch::Routing::RouteSet#call'
railties (8.0.3) lib/rails/engine/lazy_route_set.rb:60:in 'Rails::Engine::LazyRouteSet#call'
rack (3.2.1) lib/rack/tempfile_reaper.rb:20:in 'Rack::TempfileReaper#call'
rack (3.2.1) lib/rack/etag.rb:29:in 'Rack::ETag#call'
rack (3.2.1) lib/rack/conditional_get.rb:31:in 'Rack::ConditionalGet#call'
rack (3.2.1) lib/rack/head.rb:15:in 'Rack::Head#call'
actionpack (8.0.3) lib/action_dispatch/http/permissions_policy.rb:38:in 'ActionDispatch::PermissionsPolicy::Middleware#call'
actionpack (8.0.3) lib/action_dispatch/http/content_security_policy.rb:38:in 'ActionDispatch::ContentSecurityPolicy::Middleware#call'
rack-session (2.1.1) lib/rack/session/abstract/id.rb:274:in 'Rack::Session::Abstract::Persisted#context'
rack-session (2.1.1) lib/rack/session/abstract/id.rb:268:in 'Rack::Session::Abstract::Persisted#call'
actionpack (8.0.3) lib/action_dispatch/middleware/cookies.rb:706:in 'ActionDispatch::Cookies#call'
activerecord (8.0.3) lib/active_record/migration.rb:670:in 'ActiveRecord::Migration::CheckPending#call'
actionpack (8.0.3) lib/action_dispatch/middleware/callbacks.rb:31:in 'block in ActionDispatch::Callbacks#call'
activesupport (8.0.3) lib/active_support/callbacks.rb:100:in 'ActiveSupport::Callbacks#run_callbacks'
actionpack (8.0.3) lib/action_dispatch/middleware/callbacks.rb:30:in 'ActionDispatch::Callbacks#call'
actionpack (8.0.3) lib/action_dispatch/middleware/executor.rb:16:in 'ActionDispatch::Executor#call'
actionpack (8.0.3) lib/action_dispatch/middleware/actionable_exceptions.rb:18:in 'ActionDispatch::ActionableExceptions#call'
actionpack (8.0.3) lib/action_dispatch/middleware/debug_exceptions.rb:31:in 'ActionDispatch::DebugExceptions#call'
web-console (4.2.1) lib/web_console/middleware.rb:132:in 'WebConsole::Middleware#call_app'
web-console (4.2.1) lib/web_console/middleware.rb:28:in 'block in WebConsole::Middleware#call'
web-console (4.2.1) lib/web_console/middleware.rb:17:in 'Kernel#catch'
web-console (4.2.1) lib/web_console/middleware.rb:17:in 'WebConsole::Middleware#call'
actionpack (8.0.3) lib/action_dispatch/middleware/show_exceptions.rb:32:in 'ActionDispatch::ShowExceptions#call'
railties (8.0.3) lib/rails/rack/logger.rb:41:in 'Rails::Rack::Logger#call_app'
railties (8.0.3) lib/rails/rack/logger.rb:29:in 'Rails::Rack::Logger#call'
actionpack (8.0.3) lib/action_dispatch/middleware/remote_ip.rb:96:in 'ActionDispatch::RemoteIp#call'
actionpack (8.0.3) lib/action_dispatch/middleware/request_id.rb:34:in 'ActionDispatch::RequestId#call'
rack (3.2.1) lib/rack/method_override.rb:28:in 'Rack::MethodOverride#call'
rack (3.2.1) lib/rack/runtime.rb:24:in 'Rack::Runtime#call'
actionpack (8.0.3) lib/action_dispatch/middleware/server_timing.rb:61:in 'block in ActionDispatch::ServerTiming#call'
actionpack (8.0.3) lib/action_dispatch/middleware/server_timing.rb:26:in 'ActionDispatch::ServerTiming::Subscriber#collect_events'
actionpack (8.0.3) lib/action_dispatch/middleware/server_timing.rb:60:in 'ActionDispatch::ServerTiming#call'
actionpack (8.0.3) lib/action_dispatch/middleware/executor.rb:16:in 'ActionDispatch::Executor#call'
propshaft (1.3.1) lib/propshaft/server.rb:37:in 'Propshaft::Server#call'
actionpack (8.0.3) lib/action_dispatch/middleware/static.rb:27:in 'ActionDispatch::Static#call'
rack (3.2.1) lib/rack/sendfile.rb:114:in 'Rack::Sendfile#call'
actionpack (8.0.3) lib/action_dispatch/middleware/host_authorization.rb:143:in 'ActionDispatch::HostAuthorization#call'
railties (8.0.3) lib/rails/engine.rb:535:in 'Rails::Engine#call'
puma (7.0.4) lib/puma/configuration.rb:299:in 'Puma::Configuration::ConfigMiddleware#call'
puma (7.0.4) lib/puma/request.rb:101:in 'block in Puma::Request#handle_request'
puma (7.0.4) lib/puma/thread_pool.rb:346:in 'Puma::ThreadPool#with_force_shutdown'
puma (7.0.4) lib/puma/request.rb:100:in 'Puma::Request#handle_request'
puma (7.0.4) lib/puma/server.rb:506:in 'Puma::Server#process_client'
puma (7.0.4) lib/puma/server.rb:265:in 'block in Puma::Server#run'
puma (7.0.4) lib/puma/thread_pool.rb:173:in 'block in Puma::ThreadPool#spawn_thread'

Information for cause: NameError (uninitialized constant UsersController):
  
activesupport (8.0.3) lib/active_support/inflector/methods.rb:290:in 'ActiveSupport::Inflector#constantize'
activesupport (8.0.3) lib/active_support/core_ext/string/inflections.rb:74:in 'String#constantize'
actionpack (8.0.3) lib/action_dispatch/http/request.rb:99:in 'ActionDispatch::Request#controller_class_for'
actionpack (8.0.3) lib/action_dispatch/http/request.rb:91:in 'ActionDispatch::Request#controller_class'
actionpack (8.0.3) lib/action_dispatch/routing/route_set.rb:61:in 'ActionDispatch::Routing::RouteSet::Dispatcher#controller'
actionpack (8.0.3) lib/action_dispatch/routing/route_set.rb:48:in 'ActionDispatch::Routing::RouteSet::Dispatcher#serve'
actionpack (8.0.3) lib/action_dispatch/journey/router.rb:53:in 'block in ActionDispatch::Journey::Router#serve'
actionpack (8.0.3) lib/action_dispatch/journey/router.rb:133:in 'block in ActionDispatch::Journey::Router#find_routes'
actionpack (8.0.3) lib/action_dispatch/journey/router.rb:126:in 'Array#each'
actionpack (8.0.3) lib/action_dispatch/journey/router.rb:126:in 'ActionDispatch::Journey::Router#find_routes'
actionpack (8.0.3) lib/action_dispatch/journey/router.rb:34:in 'ActionDispatch::Journey::Router#serve'
actionpack (8.0.3) lib/action_dispatch/routing/route_set.rb:908:in 'ActionDispatch::Routing::RouteSet#call'
railties (8.0.3) lib/rails/engine/lazy_route_set.rb:60:in 'Rails::Engine::LazyRouteSet#call'
rack (3.2.1) lib/rack/tempfile_reaper.rb:20:in 'Rack::TempfileReaper#call'
rack (3.2.1) lib/rack/etag.rb:29:in 'Rack::ETag#call'
rack (3.2.1) lib/rack/conditional_get.rb:31:in 'Rack::ConditionalGet#call'
rack (3.2.1) lib/rack/head.rb:15:in 'Rack::Head#call'
actionpack (8.0.3) lib/action_dispatch/http/permissions_policy.rb:38:in 'ActionDispatch::PermissionsPolicy::Middleware#call'
actionpack (8.0.3) lib/action_dispatch/http/content_security_policy.rb:38:in 'ActionDispatch::ContentSecurityPolicy::Middleware#call'
rack-session (2.1.1) lib/rack/session/abstract/id.rb:274:in 'Rack::Session::Abstract::Persisted#context'
rack-session (2.1.1) lib/rack/session/abstract/id.rb:268:in 'Rack::Session::Abstract::Persisted#call'
actionpack (8.0.3) lib/action_dispatch/middleware/cookies.rb:706:in 'ActionDispatch::Cookies#call'
activerecord (8.0.3) lib/active_record/migration.rb:670:in 'ActiveRecord::Migration::CheckPending#call'
actionpack (8.0.3) lib/action_dispatch/middleware/callbacks.rb:31:in 'block in ActionDispatch::Callbacks#call'
activesupport (8.0.3) lib/active_support/callbacks.rb:100:in 'ActiveSupport::Callbacks#run_callbacks'
actionpack (8.0.3) lib/action_dispatch/middleware/callbacks.rb:30:in 'ActionDispatch::Callbacks#call'
actionpack (8.0.3) lib/action_dispatch/middleware/executor.rb:16:in 'ActionDispatch::Executor#call'
actionpack (8.0.3) lib/action_dispatch/middleware/actionable_exceptions.rb:18:in 'ActionDispatch::ActionableExceptions#call'
actionpack (8.0.3) lib/action_dispatch/middleware/debug_exceptions.rb:31:in 'ActionDispatch::DebugExceptions#call'
web-console (4.2.1) lib/web_console/middleware.rb:132:in 'WebConsole::Middleware#call_app'
web-console (4.2.1) lib/web_console/middleware.rb:28:in 'block in WebConsole::Middleware#call'
web-console (4.2.1) lib/web_console/middleware.rb:17:in 'Kernel#catch'
web-console (4.2.1) lib/web_console/middleware.rb:17:in 'WebConsole::Middleware#call'
actionpack (8.0.3) lib/action_dispatch/middleware/show_exceptions.rb:32:in 'ActionDispatch::ShowExceptions#call'
railties (8.0.3) lib/rails/rack/logger.rb:41:in 'Rails::Rack::Logger#call_app'
railties (8.0.3) lib/rails/rack/logger.rb:29:in 'Rails::Rack::Logger#call'
actionpack (8.0.3) lib/action_dispatch/middleware/remote_ip.rb:96:in 'ActionDispatch::RemoteIp#call'
actionpack (8.0.3) lib/action_dispatch/middleware/request_id.rb:34:in 'ActionDispatch::RequestId#call'
rack (3.2.1) lib/rack/method_override.rb:28:in 'Rack::MethodOverride#call'
rack (3.2.1) lib/rack/runtime.rb:24:in 'Rack::Runtime#call'
actionpack (8.0.3) lib/action_dispatch/middleware/server_timing.rb:61:in 'block in ActionDispatch::ServerTiming#call'
actionpack (8.0.3) lib/action_dispatch/middleware/server_timing.rb:26:in 'ActionDispatch::ServerTiming::Subscriber#collect_events'
actionpack (8.0.3) lib/action_dispatch/middleware/server_timing.rb:60:in 'ActionDispatch::ServerTiming#call'
actionpack (8.0.3) lib/action_dispatch/middleware/executor.rb:16:in 'ActionDispatch::Executor#call'
propshaft (1.3.1) lib/propshaft/server.rb:37:in 'Propshaft::Server#call'
actionpack (8.0.3) lib/action_dispatch/middleware/static.rb:27:in 'ActionDispatch::Static#call'
rack (3.2.1) lib/rack/sendfile.rb:114:in 'Rack::Sendfile#call'
actionpack (8.0.3) lib/action_dispatch/middleware/host_authorization.rb:143:in 'ActionDispatch::HostAuthorization#call'
railties (8.0.3) lib/rails/engine.rb:535:in 'Rails::Engine#call'
puma (7.0.4) lib/puma/configuration.rb:299:in 'Puma::Configuration::ConfigMiddleware#call'
puma (7.0.4) lib/puma/request.rb:101:in 'block in Puma::Request#handle_request'
puma (7.0.4) lib/puma/thread_pool.rb:346:in 'Puma::ThreadPool#with_force_shutdown'
puma (7.0.4) lib/puma/request.rb:100:in 'Puma::Request#handle_request'
puma (7.0.4) lib/puma/server.rb:506:in 'Puma::Server#process_client'
puma (7.0.4) lib/puma/server.rb:265:in 'block in Puma::Server#run'
puma (7.0.4) lib/puma/thread_pool.rb:173:in 'block in Puma::ThreadPool#spawn_thread'
Started GET "/users/new" for ::1 at 2025-10-03 22:20:59 +0900
  [1m[36mActiveRecord::SchemaMigration Load (0.7ms)[0m  [1m[34mSELECT "schema_migrations"."version" FROM "schema_migrations" ORDER BY "schema_migrations"."version" ASC /*application='CareApp2'*/[0m
  
ActionController::RoutingError (uninitialized constant UsersController)
Caused by: ActionDispatch::MissingController (uninitialized constant UsersController)
Caused by: NameError (uninitialized constant UsersController)

Information for: ActionController::RoutingError (uninitialized constant UsersController):
  

Information for cause: ActionDispatch::MissingController (uninitialized constant UsersController):
  
actionpack (8.0.3) lib/action_dispatch/http/request.rb:102:in 'ActionDispatch::Request#controller_class_for'
actionpack (8.0.3) lib/action_dispatch/http/request.rb:91:in 'ActionDispatch::Request#controller_class'
actionpack (8.0.3) lib/action_dispatch/routing/route_set.rb:61:in 'ActionDispatch::Routing::RouteSet::Dispatcher#controller'
actionpack (8.0.3) lib/action_dispatch/routing/route_set.rb:48:in 'ActionDispatch::Routing::RouteSet::Dispatcher#serve'
actionpack (8.0.3) lib/action_dispatch/journey/router.rb:53:in 'block in ActionDispatch::Journey::Router#serve'
actionpack (8.0.3) lib/action_dispatch/journey/router.rb:133:in 'block in ActionDispatch::Journey::Router#find_routes'
actionpack (8.0.3) lib/action_dispatch/journey/router.rb:126:in 'Array#each'
actionpack (8.0.3) lib/action_dispatch/journey/router.rb:126:in 'ActionDispatch::Journey::Router#find_routes'
actionpack (8.0.3) lib/action_dispatch/journey/router.rb:34:in 'ActionDispatch::Journey::Router#serve'
actionpack (8.0.3) lib/action_dispatch/routing/route_set.rb:908:in 'ActionDispatch::Routing::RouteSet#call'
railties (8.0.3) lib/rails/engine/lazy_route_set.rb:60:in 'Rails::Engine::LazyRouteSet#call'
rack (3.2.1) lib/rack/tempfile_reaper.rb:20:in 'Rack::TempfileReaper#call'
rack (3.2.1) lib/rack/etag.rb:29:in 'Rack::ETag#call'
rack (3.2.1) lib/rack/conditional_get.rb:31:in 'Rack::ConditionalGet#call'
rack (3.2.1) lib/rack/head.rb:15:in 'Rack::Head#call'
actionpack (8.0.3) lib/action_dispatch/http/permissions_policy.rb:38:in 'ActionDispatch::PermissionsPolicy::Middleware#call'
actionpack (8.0.3) lib/action_dispatch/http/content_security_policy.rb:38:in 'ActionDispatch::ContentSecurityPolicy::Middleware#call'
rack-session (2.1.1) lib/rack/session/abstract/id.rb:274:in 'Rack::Session::Abstract::Persisted#context'
rack-session (2.1.1) lib/rack/session/abstract/id.rb:268:in 'Rack::Session::Abstract::Persisted#call'
actionpack (8.0.3) lib/action_dispatch/middleware/cookies.rb:706:in 'ActionDispatch::Cookies#call'
activerecord (8.0.3) lib/active_record/migration.rb:670:in 'ActiveRecord::Migration::CheckPending#call'
actionpack (8.0.3) lib/action_dispatch/middleware/callbacks.rb:31:in 'block in ActionDispatch::Callbacks#call'
activesupport (8.0.3) lib/active_support/callbacks.rb:100:in 'ActiveSupport::Callbacks#run_callbacks'
actionpack (8.0.3) lib/action_dispatch/middleware/callbacks.rb:30:in 'ActionDispatch::Callbacks#call'
actionpack (8.0.3) lib/action_dispatch/middleware/executor.rb:16:in 'ActionDispatch::Executor#call'
actionpack (8.0.3) lib/action_dispatch/middleware/actionable_exceptions.rb:18:in 'ActionDispatch::ActionableExceptions#call'
actionpack (8.0.3) lib/action_dispatch/middleware/debug_exceptions.rb:31:in 'ActionDispatch::DebugExceptions#call'
web-console (4.2.1) lib/web_console/middleware.rb:132:in 'WebConsole::Middleware#call_app'
web-console (4.2.1) lib/web_console/middleware.rb:28:in 'block in WebConsole::Middleware#call'
web-console (4.2.1) lib/web_console/middleware.rb:17:in 'Kernel#catch'
web-console (4.2.1) lib/web_console/middleware.rb:17:in 'WebConsole::Middleware#call'
actionpack (8.0.3) lib/action_dispatch/middleware/show_exceptions.rb:32:in 'ActionDispatch::ShowExceptions#call'
railties (8.0.3) lib/rails/rack/logger.rb:41:in 'Rails::Rack::Logger#call_app'
railties (8.0.3) lib/rails/rack/logger.rb:29:in 'Rails::Rack::Logger#call'
actionpack (8.0.3) lib/action_dispatch/middleware/remote_ip.rb:96:in 'ActionDispatch::RemoteIp#call'
actionpack (8.0.3) lib/action_dispatch/middleware/request_id.rb:34:in 'ActionDispatch::RequestId#call'
rack (3.2.1) lib/rack/method_override.rb:28:in 'Rack::MethodOverride#call'
rack (3.2.1) lib/rack/runtime.rb:24:in 'Rack::Runtime#call'
actionpack (8.0.3) lib/action_dispatch/middleware/server_timing.rb:61:in 'block in ActionDispatch::ServerTiming#call'
actionpack (8.0.3) lib/action_dispatch/middleware/server_timing.rb:26:in 'ActionDispatch::ServerTiming::Subscriber#collect_events'
actionpack (8.0.3) lib/action_dispatch/middleware/server_timing.rb:60:in 'ActionDispatch::ServerTiming#call'
actionpack (8.0.3) lib/action_dispatch/middleware/executor.rb:16:in 'ActionDispatch::Executor#call'
propshaft (1.3.1) lib/propshaft/server.rb:37:in 'Propshaft::Server#call'
actionpack (8.0.3) lib/action_dispatch/middleware/static.rb:27:in 'ActionDispatch::Static#call'
rack (3.2.1) lib/rack/sendfile.rb:114:in 'Rack::Sendfile#call'
actionpack (8.0.3) lib/action_dispatch/middleware/host_authorization.rb:143:in 'ActionDispatch::HostAuthorization#call'
railties (8.0.3) lib/rails/engine.rb:535:in 'Rails::Engine#call'
puma (7.0.4) lib/puma/configuration.rb:299:in 'Puma::Configuration::ConfigMiddleware#call'
puma (7.0.4) lib/puma/request.rb:101:in 'block in Puma::Request#handle_request'
puma (7.0.4) lib/puma/thread_pool.rb:346:in 'Puma::ThreadPool#with_force_shutdown'
puma (7.0.4) lib/puma/request.rb:100:in 'Puma::Request#handle_request'
puma (7.0.4) lib/puma/server.rb:506:in 'Puma::Server#process_client'
puma (7.0.4) lib/puma/server.rb:265:in 'block in Puma::Server#run'
puma (7.0.4) lib/puma/thread_pool.rb:173:in 'block in Puma::ThreadPool#spawn_thread'

Information for cause: NameError (uninitialized constant UsersController):
  
activesupport (8.0.3) lib/active_support/inflector/methods.rb:290:in 'ActiveSupport::Inflector#constantize'
activesupport (8.0.3) lib/active_support/core_ext/string/inflections.rb:74:in 'String#constantize'
actionpack (8.0.3) lib/action_dispatch/http/request.rb:99:in 'ActionDispatch::Request#controller_class_for'
actionpack (8.0.3) lib/action_dispatch/http/request.rb:91:in 'ActionDispatch::Request#controller_class'
actionpack (8.0.3) lib/action_dispatch/routing/route_set.rb:61:in 'ActionDispatch::Routing::RouteSet::Dispatcher#controller'
actionpack (8.0.3) lib/action_dispatch/routing/route_set.rb:48:in 'ActionDispatch::Routing::RouteSet::Dispatcher#serve'
actionpack (8.0.3) lib/action_dispatch/journey/router.rb:53:in 'block in ActionDispatch::Journey::Router#serve'
actionpack (8.0.3) lib/action_dispatch/journey/router.rb:133:in 'block in ActionDispatch::Journey::Router#find_routes'
actionpack (8.0.3) lib/action_dispatch/journey/router.rb:126:in 'Array#each'
actionpack (8.0.3) lib/action_dispatch/journey/router.rb:126:in 'ActionDispatch::Journey::Router#find_routes'
actionpack (8.0.3) lib/action_dispatch/journey/router.rb:34:in 'ActionDispatch::Journey::Router#serve'
actionpack (8.0.3) lib/action_dispatch/routing/route_set.rb:908:in 'ActionDispatch::Routing::RouteSet#call'
railties (8.0.3) lib/rails/engine/lazy_route_set.rb:60:in 'Rails::Engine::LazyRouteSet#call'
rack (3.2.1) lib/rack/tempfile_reaper.rb:20:in 'Rack::TempfileReaper#call'
rack (3.2.1) lib/rack/etag.rb:29:in 'Rack::ETag#call'
rack (3.2.1) lib/rack/conditional_get.rb:31:in 'Rack::ConditionalGet#call'
rack (3.2.1) lib/rack/head.rb:15:in 'Rack::Head#call'
actionpack (8.0.3) lib/action_dispatch/http/permissions_policy.rb:38:in 'ActionDispatch::PermissionsPolicy::Middleware#call'
actionpack (8.0.3) lib/action_dispatch/http/content_security_policy.rb:38:in 'ActionDispatch::ContentSecurityPolicy::Middleware#call'
rack-session (2.1.1) lib/rack/session/abstract/id.rb:274:in 'Rack::Session::Abstract::Persisted#context'
rack-session (2.1.1) lib/rack/session/abstract/id.rb:268:in 'Rack::Session::Abstract::Persisted#call'
actionpack (8.0.3) lib/action_dispatch/middleware/cookies.rb:706:in 'ActionDispatch::Cookies#call'
activerecord (8.0.3) lib/active_record/migration.rb:670:in 'ActiveRecord::Migration::CheckPending#call'
actionpack (8.0.3) lib/action_dispatch/middleware/callbacks.rb:31:in 'block in ActionDispatch::Callbacks#call'
activesupport (8.0.3) lib/active_support/callbacks.rb:100:in 'ActiveSupport::Callbacks#run_callbacks'
actionpack (8.0.3) lib/action_dispatch/middleware/callbacks.rb:30:in 'ActionDispatch::Callbacks#call'
actionpack (8.0.3) lib/action_dispatch/middleware/executor.rb:16:in 'ActionDispatch::Executor#call'
actionpack (8.0.3) lib/action_dispatch/middleware/actionable_exceptions.rb:18:in 'ActionDispatch::ActionableExceptions#call'
actionpack (8.0.3) lib/action_dispatch/middleware/debug_exceptions.rb:31:in 'ActionDispatch::DebugExceptions#call'
web-console (4.2.1) lib/web_console/middleware.rb:132:in 'WebConsole::Middleware#call_app'
web-console (4.2.1) lib/web_console/middleware.rb:28:in 'block in WebConsole::Middleware#call'
web-console (4.2.1) lib/web_console/middleware.rb:17:in 'Kernel#catch'
web-console (4.2.1) lib/web_console/middleware.rb:17:in 'WebConsole::Middleware#call'
actionpack (8.0.3) lib/action_dispatch/middleware/show_exceptions.rb:32:in 'ActionDispatch::ShowExceptions#call'
railties (8.0.3) lib/rails/rack/logger.rb:41:in 'Rails::Rack::Logger#call_app'
railties (8.0.3) lib/rails/rack/logger.rb:29:in 'Rails::Rack::Logger#call'
actionpack (8.0.3) lib/action_dispatch/middleware/remote_ip.rb:96:in 'ActionDispatch::RemoteIp#call'
actionpack (8.0.3) lib/action_dispatch/middleware/request_id.rb:34:in 'ActionDispatch::RequestId#call'
rack (3.2.1) lib/rack/method_override.rb:28:in 'Rack::MethodOverride#call'
rack (3.2.1) lib/rack/runtime.rb:24:in 'Rack::Runtime#call'
actionpack (8.0.3) lib/action_dispatch/middleware/server_timing.rb:61:in 'block in ActionDispatch::ServerTiming#call'
actionpack (8.0.3) lib/action_dispatch/middleware/server_timing.rb:26:in 'ActionDispatch::ServerTiming::Subscriber#collect_events'
actionpack (8.0.3) lib/action_dispatch/middleware/server_timing.rb:60:in 'ActionDispatch::ServerTiming#call'
actionpack (8.0.3) lib/action_dispatch/middleware/executor.rb:16:in 'ActionDispatch::Executor#call'
propshaft (1.3.1) lib/propshaft/server.rb:37:in 'Propshaft::Server#call'
actionpack (8.0.3) lib/action_dispatch/middleware/static.rb:27:in 'ActionDispatch::Static#call'
rack (3.2.1) lib/rack/sendfile.rb:114:in 'Rack::Sendfile#call'
actionpack (8.0.3) lib/action_dispatch/middleware/host_authorization.rb:143:in 'ActionDispatch::HostAuthorization#call'
railties (8.0.3) lib/rails/engine.rb:535:in 'Rails::Engine#call'
puma (7.0.4) lib/puma/configuration.rb:299:in 'Puma::Configuration::ConfigMiddleware#call'
puma (7.0.4) lib/puma/request.rb:101:in 'block in Puma::Request#handle_request'
puma (7.0.4) lib/puma/thread_pool.rb:346:in 'Puma::ThreadPool#with_force_shutdown'
puma (7.0.4) lib/puma/request.rb:100:in 'Puma::Request#handle_request'
puma (7.0.4) lib/puma/server.rb:506:in 'Puma::Server#process_client'
puma (7.0.4) lib/puma/server.rb:265:in 'block in Puma::Server#run'
puma (7.0.4) lib/puma/thread_pool.rb:173:in 'block in Puma::ThreadPool#spawn_thread'
Started GET "/" for ::1 at 2025-10-03 22:21:06 +0900
Processing by SessionsController#new as HTML
  Rendering layout layouts/application.html.erb
  Rendering sessions/new.html.erb within layouts/application
  Rendered sessions/new.html.erb within layouts/application (Duration: 3.3ms | GC: 0.0ms)
  Rendered layout layouts/application.html.erb (Duration: 24.8ms | GC: 0.0ms)
Completed 200 OK in 143ms (Views: 26.6ms | ActiveRecord: 0.0ms (0 queries, 0 cached) | GC: 0.0ms)


Started GET "/users/new" for ::1 at 2025-10-03 22:21:08 +0900
  
ActionController::RoutingError (uninitialized constant UsersController)
Caused by: ActionDispatch::MissingController (uninitialized constant UsersController)
Caused by: NameError (uninitialized constant UsersController)

Information for: ActionController::RoutingError (uninitialized constant UsersController):
  

Information for cause: ActionDispatch::MissingController (uninitialized constant UsersController):
  
actionpack (8.0.3) lib/action_dispatch/http/request.rb:102:in 'ActionDispatch::Request#controller_class_for'
actionpack (8.0.3) lib/action_dispatch/http/request.rb:91:in 'ActionDispatch::Request#controller_class'
actionpack (8.0.3) lib/action_dispatch/routing/route_set.rb:61:in 'ActionDispatch::Routing::RouteSet::Dispatcher#controller'
actionpack (8.0.3) lib/action_dispatch/routing/route_set.rb:48:in 'ActionDispatch::Routing::RouteSet::Dispatcher#serve'
actionpack (8.0.3) lib/action_dispatch/journey/router.rb:53:in 'block in ActionDispatch::Journey::Router#serve'
actionpack (8.0.3) lib/action_dispatch/journey/router.rb:133:in 'block in ActionDispatch::Journey::Router#find_routes'
actionpack (8.0.3) lib/action_dispatch/journey/router.rb:126:in 'Array#each'
actionpack (8.0.3) lib/action_dispatch/journey/router.rb:126:in 'ActionDispatch::Journey::Router#find_routes'
actionpack (8.0.3) lib/action_dispatch/journey/router.rb:34:in 'ActionDispatch::Journey::Router#serve'
actionpack (8.0.3) lib/action_dispatch/routing/route_set.rb:908:in 'ActionDispatch::Routing::RouteSet#call'
railties (8.0.3) lib/rails/engine/lazy_route_set.rb:60:in 'Rails::Engine::LazyRouteSet#call'
rack (3.2.1) lib/rack/tempfile_reaper.rb:20:in 'Rack::TempfileReaper#call'
rack (3.2.1) lib/rack/etag.rb:29:in 'Rack::ETag#call'
rack (3.2.1) lib/rack/conditional_get.rb:31:in 'Rack::ConditionalGet#call'
rack (3.2.1) lib/rack/head.rb:15:in 'Rack::Head#call'
actionpack (8.0.3) lib/action_dispatch/http/permissions_policy.rb:38:in 'ActionDispatch::PermissionsPolicy::Middleware#call'
actionpack (8.0.3) lib/action_dispatch/http/content_security_policy.rb:38:in 'ActionDispatch::ContentSecurityPolicy::Middleware#call'
rack-session (2.1.1) lib/rack/session/abstract/id.rb:274:in 'Rack::Session::Abstract::Persisted#context'
rack-session (2.1.1) lib/rack/session/abstract/id.rb:268:in 'Rack::Session::Abstract::Persisted#call'
actionpack (8.0.3) lib/action_dispatch/middleware/cookies.rb:706:in 'ActionDispatch::Cookies#call'
activerecord (8.0.3) lib/active_record/migration.rb:670:in 'ActiveRecord::Migration::CheckPending#call'
actionpack (8.0.3) lib/action_dispatch/middleware/callbacks.rb:31:in 'block in ActionDispatch::Callbacks#call'
activesupport (8.0.3) lib/active_support/callbacks.rb:100:in 'ActiveSupport::Callbacks#run_callbacks'
actionpack (8.0.3) lib/action_dispatch/middleware/callbacks.rb:30:in 'ActionDispatch::Callbacks#call'
actionpack (8.0.3) lib/action_dispatch/middleware/executor.rb:16:in 'ActionDispatch::Executor#call'
actionpack (8.0.3) lib/action_dispatch/middleware/actionable_exceptions.rb:18:in 'ActionDispatch::ActionableExceptions#call'
actionpack (8.0.3) lib/action_dispatch/middleware/debug_exceptions.rb:31:in 'ActionDispatch::DebugExceptions#call'
web-console (4.2.1) lib/web_console/middleware.rb:132:in 'WebConsole::Middleware#call_app'
web-console (4.2.1) lib/web_console/middleware.rb:28:in 'block in WebConsole::Middleware#call'
web-console (4.2.1) lib/web_console/middleware.rb:17:in 'Kernel#catch'
web-console (4.2.1) lib/web_console/middleware.rb:17:in 'WebConsole::Middleware#call'
actionpack (8.0.3) lib/action_dispatch/middleware/show_exceptions.rb:32:in 'ActionDispatch::ShowExceptions#call'
railties (8.0.3) lib/rails/rack/logger.rb:41:in 'Rails::Rack::Logger#call_app'
railties (8.0.3) lib/rails/rack/logger.rb:29:in 'Rails::Rack::Logger#call'
actionpack (8.0.3) lib/action_dispatch/middleware/remote_ip.rb:96:in 'ActionDispatch::RemoteIp#call'
actionpack (8.0.3) lib/action_dispatch/middleware/request_id.rb:34:in 'ActionDispatch::RequestId#call'
rack (3.2.1) lib/rack/method_override.rb:28:in 'Rack::MethodOverride#call'
rack (3.2.1) lib/rack/runtime.rb:24:in 'Rack::Runtime#call'
actionpack (8.0.3) lib/action_dispatch/middleware/server_timing.rb:61:in 'block in ActionDispatch::ServerTiming#call'
actionpack (8.0.3) lib/action_dispatch/middleware/server_timing.rb:26:in 'ActionDispatch::ServerTiming::Subscriber#collect_events'
actionpack (8.0.3) lib/action_dispatch/middleware/server_timing.rb:60:in 'ActionDispatch::ServerTiming#call'
actionpack (8.0.3) lib/action_dispatch/middleware/executor.rb:16:in 'ActionDispatch::Executor#call'
propshaft (1.3.1) lib/propshaft/server.rb:37:in 'Propshaft::Server#call'
actionpack (8.0.3) lib/action_dispatch/middleware/static.rb:27:in 'ActionDispatch::Static#call'
rack (3.2.1) lib/rack/sendfile.rb:114:in 'Rack::Sendfile#call'
actionpack (8.0.3) lib/action_dispatch/middleware/host_authorization.rb:143:in 'ActionDispatch::HostAuthorization#call'
railties (8.0.3) lib/rails/engine.rb:535:in 'Rails::Engine#call'
puma (7.0.4) lib/puma/configuration.rb:299:in 'Puma::Configuration::ConfigMiddleware#call'
puma (7.0.4) lib/puma/request.rb:101:in 'block in Puma::Request#handle_request'
puma (7.0.4) lib/puma/thread_pool.rb:346:in 'Puma::ThreadPool#with_force_shutdown'
puma (7.0.4) lib/puma/request.rb:100:in 'Puma::Request#handle_request'
puma (7.0.4) lib/puma/server.rb:506:in 'Puma::Server#process_client'
puma (7.0.4) lib/puma/server.rb:265:in 'block in Puma::Server#run'
puma (7.0.4) lib/puma/thread_pool.rb:173:in 'block in Puma::ThreadPool#spawn_thread'

Information for cause: NameError (uninitialized constant UsersController):
  
activesupport (8.0.3) lib/active_support/inflector/methods.rb:290:in 'ActiveSupport::Inflector#constantize'
activesupport (8.0.3) lib/active_support/core_ext/string/inflections.rb:74:in 'String#constantize'
actionpack (8.0.3) lib/action_dispatch/http/request.rb:99:in 'ActionDispatch::Request#controller_class_for'
actionpack (8.0.3) lib/action_dispatch/http/request.rb:91:in 'ActionDispatch::Request#controller_class'
actionpack (8.0.3) lib/action_dispatch/routing/route_set.rb:61:in 'ActionDispatch::Routing::RouteSet::Dispatcher#controller'
actionpack (8.0.3) lib/action_dispatch/routing/route_set.rb:48:in 'ActionDispatch::Routing::RouteSet::Dispatcher#serve'
actionpack (8.0.3) lib/action_dispatch/journey/router.rb:53:in 'block in ActionDispatch::Journey::Router#serve'
actionpack (8.0.3) lib/action_dispatch/journey/router.rb:133:in 'block in ActionDispatch::Journey::Router#find_routes'
actionpack (8.0.3) lib/action_dispatch/journey/router.rb:126:in 'Array#each'
actionpack (8.0.3) lib/action_dispatch/journey/router.rb:126:in 'ActionDispatch::Journey::Router#find_routes'
actionpack (8.0.3) lib/action_dispatch/journey/router.rb:34:in 'ActionDispatch::Journey::Router#serve'
actionpack (8.0.3) lib/action_dispatch/routing/route_set.rb:908:in 'ActionDispatch::Routing::RouteSet#call'
railties (8.0.3) lib/rails/engine/lazy_route_set.rb:60:in 'Rails::Engine::LazyRouteSet#call'
rack (3.2.1) lib/rack/tempfile_reaper.rb:20:in 'Rack::TempfileReaper#call'
rack (3.2.1) lib/rack/etag.rb:29:in 'Rack::ETag#call'
rack (3.2.1) lib/rack/conditional_get.rb:31:in 'Rack::ConditionalGet#call'
rack (3.2.1) lib/rack/head.rb:15:in 'Rack::Head#call'
actionpack (8.0.3) lib/action_dispatch/http/permissions_policy.rb:38:in 'ActionDispatch::PermissionsPolicy::Middleware#call'
actionpack (8.0.3) lib/action_dispatch/http/content_security_policy.rb:38:in 'ActionDispatch::ContentSecurityPolicy::Middleware#call'
rack-session (2.1.1) lib/rack/session/abstract/id.rb:274:in 'Rack::Session::Abstract::Persisted#context'
rack-session (2.1.1) lib/rack/session/abstract/id.rb:268:in 'Rack::Session::Abstract::Persisted#call'
actionpack (8.0.3) lib/action_dispatch/middleware/cookies.rb:706:in 'ActionDispatch::Cookies#call'
activerecord (8.0.3) lib/active_record/migration.rb:670:in 'ActiveRecord::Migration::CheckPending#call'
actionpack (8.0.3) lib/action_dispatch/middleware/callbacks.rb:31:in 'block in ActionDispatch::Callbacks#call'
activesupport (8.0.3) lib/active_support/callbacks.rb:100:in 'ActiveSupport::Callbacks#run_callbacks'
actionpack (8.0.3) lib/action_dispatch/middleware/callbacks.rb:30:in 'ActionDispatch::Callbacks#call'
actionpack (8.0.3) lib/action_dispatch/middleware/executor.rb:16:in 'ActionDispatch::Executor#call'
actionpack (8.0.3) lib/action_dispatch/middleware/actionable_exceptions.rb:18:in 'ActionDispatch::ActionableExceptions#call'
actionpack (8.0.3) lib/action_dispatch/middleware/debug_exceptions.rb:31:in 'ActionDispatch::DebugExceptions#call'
web-console (4.2.1) lib/web_console/middleware.rb:132:in 'WebConsole::Middleware#call_app'
web-console (4.2.1) lib/web_console/middleware.rb:28:in 'block in WebConsole::Middleware#call'
web-console (4.2.1) lib/web_console/middleware.rb:17:in 'Kernel#catch'
web-console (4.2.1) lib/web_console/middleware.rb:17:in 'WebConsole::Middleware#call'
actionpack (8.0.3) lib/action_dispatch/middleware/show_exceptions.rb:32:in 'ActionDispatch::ShowExceptions#call'
railties (8.0.3) lib/rails/rack/logger.rb:41:in 'Rails::Rack::Logger#call_app'
railties (8.0.3) lib/rails/rack/logger.rb:29:in 'Rails::Rack::Logger#call'
actionpack (8.0.3) lib/action_dispatch/middleware/remote_ip.rb:96:in 'ActionDispatch::RemoteIp#call'
actionpack (8.0.3) lib/action_dispatch/middleware/request_id.rb:34:in 'ActionDispatch::RequestId#call'
rack (3.2.1) lib/rack/method_override.rb:28:in 'Rack::MethodOverride#call'
rack (3.2.1) lib/rack/runtime.rb:24:in 'Rack::Runtime#call'
actionpack (8.0.3) lib/action_dispatch/middleware/server_timing.rb:61:in 'block in ActionDispatch::ServerTiming#call'
actionpack (8.0.3) lib/action_dispatch/middleware/server_timing.rb:26:in 'ActionDispatch::ServerTiming::Subscriber#collect_events'
actionpack (8.0.3) lib/action_dispatch/middleware/server_timing.rb:60:in 'ActionDispatch::ServerTiming#call'
actionpack (8.0.3) lib/action_dispatch/middleware/executor.rb:16:in 'ActionDispatch::Executor#call'
propshaft (1.3.1) lib/propshaft/server.rb:37:in 'Propshaft::Server#call'
actionpack (8.0.3) lib/action_dispatch/middleware/static.rb:27:in 'ActionDispatch::Static#call'
rack (3.2.1) lib/rack/sendfile.rb:114:in 'Rack::Sendfile#call'
actionpack (8.0.3) lib/action_dispatch/middleware/host_authorization.rb:143:in 'ActionDispatch::HostAuthorization#call'
railties (8.0.3) lib/rails/engine.rb:535:in 'Rails::Engine#call'
puma (7.0.4) lib/puma/configuration.rb:299:in 'Puma::Configuration::ConfigMiddleware#call'
puma (7.0.4) lib/puma/request.rb:101:in 'block in Puma::Request#handle_request'
puma (7.0.4) lib/puma/thread_pool.rb:346:in 'Puma::ThreadPool#with_force_shutdown'
puma (7.0.4) lib/puma/request.rb:100:in 'Puma::Request#handle_request'
puma (7.0.4) lib/puma/server.rb:506:in 'Puma::Server#process_client'
puma (7.0.4) lib/puma/server.rb:265:in 'block in Puma::Server#run'
puma (7.0.4) lib/puma/thread_pool.rb:173:in 'block in Puma::ThreadPool#spawn_thread'
  [1m[35m (0.1ms)[0m  [1m[34mSELECT pg_try_advisory_lock(3619463488481394750) /*application='CareApp2'*/[0m
  [1m[36mActiveRecord::SchemaMigration Load (0.6ms)[0m  [1m[34mSELECT "schema_migrations"."version" FROM "schema_migrations" ORDER BY "schema_migrations"."version" ASC /*application='CareApp2'*/[0m
  [1m[36mActiveRecord::InternalMetadata Load (0.6ms)[0m  [1m[34mSELECT * FROM "ar_internal_metadata" WHERE "ar_internal_metadata"."key" = 'environment' ORDER BY "ar_internal_metadata"."key" ASC LIMIT 1 /*application='CareApp2'*/[0m
  [1m[35m (0.2ms)[0m  [1m[34mSELECT pg_advisory_unlock(3619463488481394750) /*application='CareApp2'*/[0m
  [1m[36mActiveRecord::SchemaMigration Load (0.1ms)[0m  [1m[34mSELECT "schema_migrations"."version" FROM "schema_migrations" ORDER BY "schema_migrations"."version" ASC /*application='CareApp2'*/[0m
Started GET "/" for ::1 at 2025-10-03 22:21:58 +0900
  [1m[36mActiveRecord::SchemaMigration Load (0.7ms)[0m  [1m[34mSELECT "schema_migrations"."version" FROM "schema_migrations" ORDER BY "schema_migrations"."version" ASC /*application='CareApp2'*/[0m
Processing by SessionsController#new as HTML
  Rendering layout layouts/application.html.erb
  Rendering sessions/new.html.erb within layouts/application
  Rendered sessions/new.html.erb within layouts/application (Duration: 10.1ms | GC: 0.0ms)
  Rendered layout layouts/application.html.erb (Duration: 28.4ms | GC: 0.0ms)
Completed 200 OK in 169ms (Views: 31.7ms | ActiveRecord: 0.0ms (0 queries, 0 cached) | GC: 0.0ms)


Started GET "/users/new" for ::1 at 2025-10-03 22:22:00 +0900
  
ActionController::RoutingError (uninitialized constant UsersController)
Caused by: ActionDispatch::MissingController (uninitialized constant UsersController)
Caused by: NameError (uninitialized constant UsersController)

Information for: ActionController::RoutingError (uninitialized constant UsersController):
  

Information for cause: ActionDispatch::MissingController (uninitialized constant UsersController):
  
actionpack (8.0.3) lib/action_dispatch/http/request.rb:102:in 'ActionDispatch::Request#controller_class_for'
actionpack (8.0.3) lib/action_dispatch/http/request.rb:91:in 'ActionDispatch::Request#controller_class'
actionpack (8.0.3) lib/action_dispatch/routing/route_set.rb:61:in 'ActionDispatch::Routing::RouteSet::Dispatcher#controller'
actionpack (8.0.3) lib/action_dispatch/routing/route_set.rb:48:in 'ActionDispatch::Routing::RouteSet::Dispatcher#serve'
actionpack (8.0.3) lib/action_dispatch/journey/router.rb:53:in 'block in ActionDispatch::Journey::Router#serve'
actionpack (8.0.3) lib/action_dispatch/journey/router.rb:133:in 'block in ActionDispatch::Journey::Router#find_routes'
actionpack (8.0.3) lib/action_dispatch/journey/router.rb:126:in 'Array#each'
actionpack (8.0.3) lib/action_dispatch/journey/router.rb:126:in 'ActionDispatch::Journey::Router#find_routes'
actionpack (8.0.3) lib/action_dispatch/journey/router.rb:34:in 'ActionDispatch::Journey::Router#serve'
actionpack (8.0.3) lib/action_dispatch/routing/route_set.rb:908:in 'ActionDispatch::Routing::RouteSet#call'
railties (8.0.3) lib/rails/engine/lazy_route_set.rb:60:in 'Rails::Engine::LazyRouteSet#call'
rack (3.2.1) lib/rack/tempfile_reaper.rb:20:in 'Rack::TempfileReaper#call'
rack (3.2.1) lib/rack/etag.rb:29:in 'Rack::ETag#call'
rack (3.2.1) lib/rack/conditional_get.rb:31:in 'Rack::ConditionalGet#call'
rack (3.2.1) lib/rack/head.rb:15:in 'Rack::Head#call'
actionpack (8.0.3) lib/action_dispatch/http/permissions_policy.rb:38:in 'ActionDispatch::PermissionsPolicy::Middleware#call'
actionpack (8.0.3) lib/action_dispatch/http/content_security_policy.rb:38:in 'ActionDispatch::ContentSecurityPolicy::Middleware#call'
rack-session (2.1.1) lib/rack/session/abstract/id.rb:274:in 'Rack::Session::Abstract::Persisted#context'
rack-session (2.1.1) lib/rack/session/abstract/id.rb:268:in 'Rack::Session::Abstract::Persisted#call'
actionpack (8.0.3) lib/action_dispatch/middleware/cookies.rb:706:in 'ActionDispatch::Cookies#call'
activerecord (8.0.3) lib/active_record/migration.rb:670:in 'ActiveRecord::Migration::CheckPending#call'
actionpack (8.0.3) lib/action_dispatch/middleware/callbacks.rb:31:in 'block in ActionDispatch::Callbacks#call'
activesupport (8.0.3) lib/active_support/callbacks.rb:100:in 'ActiveSupport::Callbacks#run_callbacks'
actionpack (8.0.3) lib/action_dispatch/middleware/callbacks.rb:30:in 'ActionDispatch::Callbacks#call'
actionpack (8.0.3) lib/action_dispatch/middleware/executor.rb:16:in 'ActionDispatch::Executor#call'
actionpack (8.0.3) lib/action_dispatch/middleware/actionable_exceptions.rb:18:in 'ActionDispatch::ActionableExceptions#call'
actionpack (8.0.3) lib/action_dispatch/middleware/debug_exceptions.rb:31:in 'ActionDispatch::DebugExceptions#call'
web-console (4.2.1) lib/web_console/middleware.rb:132:in 'WebConsole::Middleware#call_app'
web-console (4.2.1) lib/web_console/middleware.rb:28:in 'block in WebConsole::Middleware#call'
web-console (4.2.1) lib/web_console/middleware.rb:17:in 'Kernel#catch'
web-console (4.2.1) lib/web_console/middleware.rb:17:in 'WebConsole::Middleware#call'
actionpack (8.0.3) lib/action_dispatch/middleware/show_exceptions.rb:32:in 'ActionDispatch::ShowExceptions#call'
railties (8.0.3) lib/rails/rack/logger.rb:41:in 'Rails::Rack::Logger#call_app'
railties (8.0.3) lib/rails/rack/logger.rb:29:in 'Rails::Rack::Logger#call'
actionpack (8.0.3) lib/action_dispatch/middleware/remote_ip.rb:96:in 'ActionDispatch::RemoteIp#call'
actionpack (8.0.3) lib/action_dispatch/middleware/request_id.rb:34:in 'ActionDispatch::RequestId#call'
rack (3.2.1) lib/rack/method_override.rb:28:in 'Rack::MethodOverride#call'
rack (3.2.1) lib/rack/runtime.rb:24:in 'Rack::Runtime#call'
actionpack (8.0.3) lib/action_dispatch/middleware/server_timing.rb:61:in 'block in ActionDispatch::ServerTiming#call'
actionpack (8.0.3) lib/action_dispatch/middleware/server_timing.rb:26:in 'ActionDispatch::ServerTiming::Subscriber#collect_events'
actionpack (8.0.3) lib/action_dispatch/middleware/server_timing.rb:60:in 'ActionDispatch::ServerTiming#call'
actionpack (8.0.3) lib/action_dispatch/middleware/executor.rb:16:in 'ActionDispatch::Executor#call'
propshaft (1.3.1) lib/propshaft/server.rb:37:in 'Propshaft::Server#call'
actionpack (8.0.3) lib/action_dispatch/middleware/static.rb:27:in 'ActionDispatch::Static#call'
rack (3.2.1) lib/rack/sendfile.rb:114:in 'Rack::Sendfile#call'
actionpack (8.0.3) lib/action_dispatch/middleware/host_authorization.rb:143:in 'ActionDispatch::HostAuthorization#call'
railties (8.0.3) lib/rails/engine.rb:535:in 'Rails::Engine#call'
puma (7.0.4) lib/puma/configuration.rb:299:in 'Puma::Configuration::ConfigMiddleware#call'
puma (7.0.4) lib/puma/request.rb:101:in 'block in Puma::Request#handle_request'
puma (7.0.4) lib/puma/thread_pool.rb:346:in 'Puma::ThreadPool#with_force_shutdown'
puma (7.0.4) lib/puma/request.rb:100:in 'Puma::Request#handle_request'
puma (7.0.4) lib/puma/server.rb:506:in 'Puma::Server#process_client'
puma (7.0.4) lib/puma/server.rb:265:in 'block in Puma::Server#run'
puma (7.0.4) lib/puma/thread_pool.rb:173:in 'block in Puma::ThreadPool#spawn_thread'

Information for cause: NameError (uninitialized constant UsersController):
  
activesupport (8.0.3) lib/active_support/inflector/methods.rb:290:in 'ActiveSupport::Inflector#constantize'
activesupport (8.0.3) lib/active_support/core_ext/string/inflections.rb:74:in 'String#constantize'
actionpack (8.0.3) lib/action_dispatch/http/request.rb:99:in 'ActionDispatch::Request#controller_class_for'
actionpack (8.0.3) lib/action_dispatch/http/request.rb:91:in 'ActionDispatch::Request#controller_class'
actionpack (8.0.3) lib/action_dispatch/routing/route_set.rb:61:in 'ActionDispatch::Routing::RouteSet::Dispatcher#controller'
actionpack (8.0.3) lib/action_dispatch/routing/route_set.rb:48:in 'ActionDispatch::Routing::RouteSet::Dispatcher#serve'
actionpack (8.0.3) lib/action_dispatch/journey/router.rb:53:in 'block in ActionDispatch::Journey::Router#serve'
actionpack (8.0.3) lib/action_dispatch/journey/router.rb:133:in 'block in ActionDispatch::Journey::Router#find_routes'
actionpack (8.0.3) lib/action_dispatch/journey/router.rb:126:in 'Array#each'
actionpack (8.0.3) lib/action_dispatch/journey/router.rb:126:in 'ActionDispatch::Journey::Router#find_routes'
actionpack (8.0.3) lib/action_dispatch/journey/router.rb:34:in 'ActionDispatch::Journey::Router#serve'
actionpack (8.0.3) lib/action_dispatch/routing/route_set.rb:908:in 'ActionDispatch::Routing::RouteSet#call'
railties (8.0.3) lib/rails/engine/lazy_route_set.rb:60:in 'Rails::Engine::LazyRouteSet#call'
rack (3.2.1) lib/rack/tempfile_reaper.rb:20:in 'Rack::TempfileReaper#call'
rack (3.2.1) lib/rack/etag.rb:29:in 'Rack::ETag#call'
rack (3.2.1) lib/rack/conditional_get.rb:31:in 'Rack::ConditionalGet#call'
rack (3.2.1) lib/rack/head.rb:15:in 'Rack::Head#call'
actionpack (8.0.3) lib/action_dispatch/http/permissions_policy.rb:38:in 'ActionDispatch::PermissionsPolicy::Middleware#call'
actionpack (8.0.3) lib/action_dispatch/http/content_security_policy.rb:38:in 'ActionDispatch::ContentSecurityPolicy::Middleware#call'
rack-session (2.1.1) lib/rack/session/abstract/id.rb:274:in 'Rack::Session::Abstract::Persisted#context'
rack-session (2.1.1) lib/rack/session/abstract/id.rb:268:in 'Rack::Session::Abstract::Persisted#call'
actionpack (8.0.3) lib/action_dispatch/middleware/cookies.rb:706:in 'ActionDispatch::Cookies#call'
activerecord (8.0.3) lib/active_record/migration.rb:670:in 'ActiveRecord::Migration::CheckPending#call'
actionpack (8.0.3) lib/action_dispatch/middleware/callbacks.rb:31:in 'block in ActionDispatch::Callbacks#call'
activesupport (8.0.3) lib/active_support/callbacks.rb:100:in 'ActiveSupport::Callbacks#run_callbacks'
actionpack (8.0.3) lib/action_dispatch/middleware/callbacks.rb:30:in 'ActionDispatch::Callbacks#call'
actionpack (8.0.3) lib/action_dispatch/middleware/executor.rb:16:in 'ActionDispatch::Executor#call'
actionpack (8.0.3) lib/action_dispatch/middleware/actionable_exceptions.rb:18:in 'ActionDispatch::ActionableExceptions#call'
actionpack (8.0.3) lib/action_dispatch/middleware/debug_exceptions.rb:31:in 'ActionDispatch::DebugExceptions#call'
web-console (4.2.1) lib/web_console/middleware.rb:132:in 'WebConsole::Middleware#call_app'
web-console (4.2.1) lib/web_console/middleware.rb:28:in 'block in WebConsole::Middleware#call'
web-console (4.2.1) lib/web_console/middleware.rb:17:in 'Kernel#catch'
web-console (4.2.1) lib/web_console/middleware.rb:17:in 'WebConsole::Middleware#call'
actionpack (8.0.3) lib/action_dispatch/middleware/show_exceptions.rb:32:in 'ActionDispatch::ShowExceptions#call'
railties (8.0.3) lib/rails/rack/logger.rb:41:in 'Rails::Rack::Logger#call_app'
railties (8.0.3) lib/rails/rack/logger.rb:29:in 'Rails::Rack::Logger#call'
actionpack (8.0.3) lib/action_dispatch/middleware/remote_ip.rb:96:in 'ActionDispatch::RemoteIp#call'
actionpack (8.0.3) lib/action_dispatch/middleware/request_id.rb:34:in 'ActionDispatch::RequestId#call'
rack (3.2.1) lib/rack/method_override.rb:28:in 'Rack::MethodOverride#call'
rack (3.2.1) lib/rack/runtime.rb:24:in 'Rack::Runtime#call'
actionpack (8.0.3) lib/action_dispatch/middleware/server_timing.rb:61:in 'block in ActionDispatch::ServerTiming#call'
actionpack (8.0.3) lib/action_dispatch/middleware/server_timing.rb:26:in 'ActionDispatch::ServerTiming::Subscriber#collect_events'
actionpack (8.0.3) lib/action_dispatch/middleware/server_timing.rb:60:in 'ActionDispatch::ServerTiming#call'
actionpack (8.0.3) lib/action_dispatch/middleware/executor.rb:16:in 'ActionDispatch::Executor#call'
propshaft (1.3.1) lib/propshaft/server.rb:37:in 'Propshaft::Server#call'
actionpack (8.0.3) lib/action_dispatch/middleware/static.rb:27:in 'ActionDispatch::Static#call'
rack (3.2.1) lib/rack/sendfile.rb:114:in 'Rack::Sendfile#call'
actionpack (8.0.3) lib/action_dispatch/middleware/host_authorization.rb:143:in 'ActionDispatch::HostAuthorization#call'
railties (8.0.3) lib/rails/engine.rb:535:in 'Rails::Engine#call'
puma (7.0.4) lib/puma/configuration.rb:299:in 'Puma::Configuration::ConfigMiddleware#call'
puma (7.0.4) lib/puma/request.rb:101:in 'block in Puma::Request#handle_request'
puma (7.0.4) lib/puma/thread_pool.rb:346:in 'Puma::ThreadPool#with_force_shutdown'
puma (7.0.4) lib/puma/request.rb:100:in 'Puma::Request#handle_request'
puma (7.0.4) lib/puma/server.rb:506:in 'Puma::Server#process_client'
puma (7.0.4) lib/puma/server.rb:265:in 'block in Puma::Server#run'
puma (7.0.4) lib/puma/thread_pool.rb:173:in 'block in Puma::ThreadPool#spawn_thread'
Started GET "/users/new" for ::1 at 2025-10-03 22:25:31 +0900
  [1m[36mActiveRecord::SchemaMigration Load (0.7ms)[0m  [1m[34mSELECT "schema_migrations"."version" FROM "schema_migrations" ORDER BY "schema_migrations"."version" ASC /*application='CareApp2'*/[0m
Processing by UsersController#new as HTML
Completed 406 Not Acceptable in 142ms (ActiveRecord: 10.9ms (0 queries, 0 cached) | GC: 0.0ms)


  
ActionController::MissingExactTemplate (UsersController#new is missing a template for request formats: text/html):
  
actionpack (8.0.3) lib/action_controller/metal/implicit_render.rb:49:in 'ActionController::ImplicitRender#default_render'
actionpack (8.0.3) lib/action_controller/metal/basic_implicit_render.rb:9:in 'ActionController::BasicImplicitRender#send_action'
actionpack (8.0.3) lib/abstract_controller/base.rb:215:in 'AbstractController::Base#process_action'
actionpack (8.0.3) lib/action_controller/metal/rendering.rb:193:in 'ActionController::Rendering#process_action'
actionpack (8.0.3) lib/abstract_controller/callbacks.rb:261:in 'block in AbstractController::Callbacks#process_action'
activesupport (8.0.3) lib/active_support/callbacks.rb:120:in 'block in ActiveSupport::Callbacks#run_callbacks'
turbo-rails (2.0.17) lib/turbo-rails.rb:24:in 'Turbo.with_request_id'
turbo-rails (2.0.17) app/controllers/concerns/turbo/request_id_tracking.rb:10:in 'Turbo::RequestIdTracking#turbo_tracking_request_id'
activesupport (8.0.3) lib/active_support/callbacks.rb:129:in 'block in ActiveSupport::Callbacks#run_callbacks'
actiontext (8.0.3) lib/action_text/rendering.rb:25:in 'ActionText::Rendering::ClassMethods#with_renderer'
actiontext (8.0.3) lib/action_text/engine.rb:71:in 'block (4 levels) in <class:Engine>'
activesupport (8.0.3) lib/active_support/callbacks.rb:129:in 'BasicObject#instance_exec'
activesupport (8.0.3) lib/active_support/callbacks.rb:129:in 'block in ActiveSupport::Callbacks#run_callbacks'
activesupport (8.0.3) lib/active_support/callbacks.rb:140:in 'ActiveSupport::Callbacks#run_callbacks'
actionpack (8.0.3) lib/abstract_controller/callbacks.rb:260:in 'AbstractController::Callbacks#process_action'
actionpack (8.0.3) lib/action_controller/metal/rescue.rb:27:in 'ActionController::Rescue#process_action'
actionpack (8.0.3) lib/action_controller/metal/instrumentation.rb:76:in 'block in ActionController::Instrumentation#process_action'
activesupport (8.0.3) lib/active_support/notifications.rb:210:in 'block in ActiveSupport::Notifications.instrument'
activesupport (8.0.3) lib/active_support/notifications/instrumenter.rb:58:in 'ActiveSupport::Notifications::Instrumenter#instrument'
activesupport (8.0.3) lib/active_support/notifications.rb:210:in 'ActiveSupport::Notifications.instrument'
actionpack (8.0.3) lib/action_controller/metal/instrumentation.rb:75:in 'ActionController::Instrumentation#process_action'
actionpack (8.0.3) lib/action_controller/metal/params_wrapper.rb:259:in 'ActionController::ParamsWrapper#process_action'
activerecord (8.0.3) lib/active_record/railties/controller_runtime.rb:39:in 'ActiveRecord::Railties::ControllerRuntime#process_action'
actionpack (8.0.3) lib/abstract_controller/base.rb:152:in 'AbstractController::Base#process'
actionview (8.0.3) lib/action_view/rendering.rb:40:in 'ActionView::Rendering#process'
actionpack (8.0.3) lib/action_controller/metal.rb:252:in 'ActionController::Metal#dispatch'
actionpack (8.0.3) lib/action_controller/metal.rb:335:in 'ActionController::Metal.dispatch'
actionpack (8.0.3) lib/action_dispatch/routing/route_set.rb:67:in 'ActionDispatch::Routing::RouteSet::Dispatcher#dispatch'
actionpack (8.0.3) lib/action_dispatch/routing/route_set.rb:50:in 'ActionDispatch::Routing::RouteSet::Dispatcher#serve'
actionpack (8.0.3) lib/action_dispatch/journey/router.rb:53:in 'block in ActionDispatch::Journey::Router#serve'
actionpack (8.0.3) lib/action_dispatch/journey/router.rb:133:in 'block in ActionDispatch::Journey::Router#find_routes'
actionpack (8.0.3) lib/action_dispatch/journey/router.rb:126:in 'Array#each'
actionpack (8.0.3) lib/action_dispatch/journey/router.rb:126:in 'ActionDispatch::Journey::Router#find_routes'
actionpack (8.0.3) lib/action_dispatch/journey/router.rb:34:in 'ActionDispatch::Journey::Router#serve'
actionpack (8.0.3) lib/action_dispatch/routing/route_set.rb:908:in 'ActionDispatch::Routing::RouteSet#call'
railties (8.0.3) lib/rails/engine/lazy_route_set.rb:60:in 'Rails::Engine::LazyRouteSet#call'
rack (3.2.1) lib/rack/tempfile_reaper.rb:20:in 'Rack::TempfileReaper#call'
rack (3.2.1) lib/rack/etag.rb:29:in 'Rack::ETag#call'
rack (3.2.1) lib/rack/conditional_get.rb:31:in 'Rack::ConditionalGet#call'
rack (3.2.1) lib/rack/head.rb:15:in 'Rack::Head#call'
actionpack (8.0.3) lib/action_dispatch/http/permissions_policy.rb:38:in 'ActionDispatch::PermissionsPolicy::Middleware#call'
actionpack (8.0.3) lib/action_dispatch/http/content_security_policy.rb:38:in 'ActionDispatch::ContentSecurityPolicy::Middleware#call'
rack-session (2.1.1) lib/rack/session/abstract/id.rb:274:in 'Rack::Session::Abstract::Persisted#context'
rack-session (2.1.1) lib/rack/session/abstract/id.rb:268:in 'Rack::Session::Abstract::Persisted#call'
actionpack (8.0.3) lib/action_dispatch/middleware/cookies.rb:706:in 'ActionDispatch::Cookies#call'
activerecord (8.0.3) lib/active_record/migration.rb:670:in 'ActiveRecord::Migration::CheckPending#call'
actionpack (8.0.3) lib/action_dispatch/middleware/callbacks.rb:31:in 'block in ActionDispatch::Callbacks#call'
activesupport (8.0.3) lib/active_support/callbacks.rb:100:in 'ActiveSupport::Callbacks#run_callbacks'
actionpack (8.0.3) lib/action_dispatch/middleware/callbacks.rb:30:in 'ActionDispatch::Callbacks#call'
actionpack (8.0.3) lib/action_dispatch/middleware/executor.rb:16:in 'ActionDispatch::Executor#call'
actionpack (8.0.3) lib/action_dispatch/middleware/actionable_exceptions.rb:18:in 'ActionDispatch::ActionableExceptions#call'
actionpack (8.0.3) lib/action_dispatch/middleware/debug_exceptions.rb:31:in 'ActionDispatch::DebugExceptions#call'
web-console (4.2.1) lib/web_console/middleware.rb:132:in 'WebConsole::Middleware#call_app'
web-console (4.2.1) lib/web_console/middleware.rb:28:in 'block in WebConsole::Middleware#call'
web-console (4.2.1) lib/web_console/middleware.rb:17:in 'Kernel#catch'
web-console (4.2.1) lib/web_console/middleware.rb:17:in 'WebConsole::Middleware#call'
actionpack (8.0.3) lib/action_dispatch/middleware/show_exceptions.rb:32:in 'ActionDispatch::ShowExceptions#call'
railties (8.0.3) lib/rails/rack/logger.rb:41:in 'Rails::Rack::Logger#call_app'
railties (8.0.3) lib/rails/rack/logger.rb:29:in 'Rails::Rack::Logger#call'
actionpack (8.0.3) lib/action_dispatch/middleware/remote_ip.rb:96:in 'ActionDispatch::RemoteIp#call'
actionpack (8.0.3) lib/action_dispatch/middleware/request_id.rb:34:in 'ActionDispatch::RequestId#call'
rack (3.2.1) lib/rack/method_override.rb:28:in 'Rack::MethodOverride#call'
rack (3.2.1) lib/rack/runtime.rb:24:in 'Rack::Runtime#call'
actionpack (8.0.3) lib/action_dispatch/middleware/server_timing.rb:61:in 'block in ActionDispatch::ServerTiming#call'
actionpack (8.0.3) lib/action_dispatch/middleware/server_timing.rb:26:in 'ActionDispatch::ServerTiming::Subscriber#collect_events'
actionpack (8.0.3) lib/action_dispatch/middleware/server_timing.rb:60:in 'ActionDispatch::ServerTiming#call'
actionpack (8.0.3) lib/action_dispatch/middleware/executor.rb:16:in 'ActionDispatch::Executor#call'
propshaft (1.3.1) lib/propshaft/server.rb:37:in 'Propshaft::Server#call'
actionpack (8.0.3) lib/action_dispatch/middleware/static.rb:27:in 'ActionDispatch::Static#call'
rack (3.2.1) lib/rack/sendfile.rb:114:in 'Rack::Sendfile#call'
actionpack (8.0.3) lib/action_dispatch/middleware/host_authorization.rb:143:in 'ActionDispatch::HostAuthorization#call'
railties (8.0.3) lib/rails/engine.rb:535:in 'Rails::Engine#call'
puma (7.0.4) lib/puma/configuration.rb:299:in 'Puma::Configuration::ConfigMiddleware#call'
puma (7.0.4) lib/puma/request.rb:101:in 'block in Puma::Request#handle_request'
puma (7.0.4) lib/puma/thread_pool.rb:346:in 'Puma::ThreadPool#with_force_shutdown'
puma (7.0.4) lib/puma/request.rb:100:in 'Puma::Request#handle_request'
puma (7.0.4) lib/puma/server.rb:506:in 'Puma::Server#process_client'
puma (7.0.4) lib/puma/server.rb:265:in 'block in Puma::Server#run'
puma (7.0.4) lib/puma/thread_pool.rb:173:in 'block in Puma::ThreadPool#spawn_thread'
Started GET "/users/new" for ::1 at 2025-10-03 22:29:10 +0900
  [1m[36mActiveRecord::SchemaMigration Load (0.8ms)[0m  [1m[34mSELECT "schema_migrations"."version" FROM "schema_migrations" ORDER BY "schema_migrations"."version" ASC /*application='CareApp2'*/[0m
Processing by UsersController#new as HTML
Completed 406 Not Acceptable in 143ms (ActiveRecord: 8.7ms (0 queries, 0 cached) | GC: 0.0ms)


  
ActionController::MissingExactTemplate (UsersController#new is missing a template for request formats: text/html):
  
actionpack (8.0.3) lib/action_controller/metal/implicit_render.rb:49:in 'ActionController::ImplicitRender#default_render'
actionpack (8.0.3) lib/action_controller/metal/basic_implicit_render.rb:9:in 'ActionController::BasicImplicitRender#send_action'
actionpack (8.0.3) lib/abstract_controller/base.rb:215:in 'AbstractController::Base#process_action'
actionpack (8.0.3) lib/action_controller/metal/rendering.rb:193:in 'ActionController::Rendering#process_action'
actionpack (8.0.3) lib/abstract_controller/callbacks.rb:261:in 'block in AbstractController::Callbacks#process_action'
activesupport (8.0.3) lib/active_support/callbacks.rb:120:in 'block in ActiveSupport::Callbacks#run_callbacks'
turbo-rails (2.0.17) lib/turbo-rails.rb:24:in 'Turbo.with_request_id'
turbo-rails (2.0.17) app/controllers/concerns/turbo/request_id_tracking.rb:10:in 'Turbo::RequestIdTracking#turbo_tracking_request_id'
activesupport (8.0.3) lib/active_support/callbacks.rb:129:in 'block in ActiveSupport::Callbacks#run_callbacks'
actiontext (8.0.3) lib/action_text/rendering.rb:25:in 'ActionText::Rendering::ClassMethods#with_renderer'
actiontext (8.0.3) lib/action_text/engine.rb:71:in 'block (4 levels) in <class:Engine>'
activesupport (8.0.3) lib/active_support/callbacks.rb:129:in 'BasicObject#instance_exec'
activesupport (8.0.3) lib/active_support/callbacks.rb:129:in 'block in ActiveSupport::Callbacks#run_callbacks'
activesupport (8.0.3) lib/active_support/callbacks.rb:140:in 'ActiveSupport::Callbacks#run_callbacks'
actionpack (8.0.3) lib/abstract_controller/callbacks.rb:260:in 'AbstractController::Callbacks#process_action'
actionpack (8.0.3) lib/action_controller/metal/rescue.rb:27:in 'ActionController::Rescue#process_action'
actionpack (8.0.3) lib/action_controller/metal/instrumentation.rb:76:in 'block in ActionController::Instrumentation#process_action'
activesupport (8.0.3) lib/active_support/notifications.rb:210:in 'block in ActiveSupport::Notifications.instrument'
activesupport (8.0.3) lib/active_support/notifications/instrumenter.rb:58:in 'ActiveSupport::Notifications::Instrumenter#instrument'
activesupport (8.0.3) lib/active_support/notifications.rb:210:in 'ActiveSupport::Notifications.instrument'
actionpack (8.0.3) lib/action_controller/metal/instrumentation.rb:75:in 'ActionController::Instrumentation#process_action'
actionpack (8.0.3) lib/action_controller/metal/params_wrapper.rb:259:in 'ActionController::ParamsWrapper#process_action'
activerecord (8.0.3) lib/active_record/railties/controller_runtime.rb:39:in 'ActiveRecord::Railties::ControllerRuntime#process_action'
actionpack (8.0.3) lib/abstract_controller/base.rb:152:in 'AbstractController::Base#process'
actionview (8.0.3) lib/action_view/rendering.rb:40:in 'ActionView::Rendering#process'
actionpack (8.0.3) lib/action_controller/metal.rb:252:in 'ActionController::Metal#dispatch'
actionpack (8.0.3) lib/action_controller/metal.rb:335:in 'ActionController::Metal.dispatch'
actionpack (8.0.3) lib/action_dispatch/routing/route_set.rb:67:in 'ActionDispatch::Routing::RouteSet::Dispatcher#dispatch'
actionpack (8.0.3) lib/action_dispatch/routing/route_set.rb:50:in 'ActionDispatch::Routing::RouteSet::Dispatcher#serve'
actionpack (8.0.3) lib/action_dispatch/journey/router.rb:53:in 'block in ActionDispatch::Journey::Router#serve'
actionpack (8.0.3) lib/action_dispatch/journey/router.rb:133:in 'block in ActionDispatch::Journey::Router#find_routes'
actionpack (8.0.3) lib/action_dispatch/journey/router.rb:126:in 'Array#each'
actionpack (8.0.3) lib/action_dispatch/journey/router.rb:126:in 'ActionDispatch::Journey::Router#find_routes'
actionpack (8.0.3) lib/action_dispatch/journey/router.rb:34:in 'ActionDispatch::Journey::Router#serve'
actionpack (8.0.3) lib/action_dispatch/routing/route_set.rb:908:in 'ActionDispatch::Routing::RouteSet#call'
railties (8.0.3) lib/rails/engine/lazy_route_set.rb:60:in 'Rails::Engine::LazyRouteSet#call'
rack (3.2.1) lib/rack/tempfile_reaper.rb:20:in 'Rack::TempfileReaper#call'
rack (3.2.1) lib/rack/etag.rb:29:in 'Rack::ETag#call'
rack (3.2.1) lib/rack/conditional_get.rb:31:in 'Rack::ConditionalGet#call'
rack (3.2.1) lib/rack/head.rb:15:in 'Rack::Head#call'
actionpack (8.0.3) lib/action_dispatch/http/permissions_policy.rb:38:in 'ActionDispatch::PermissionsPolicy::Middleware#call'
actionpack (8.0.3) lib/action_dispatch/http/content_security_policy.rb:38:in 'ActionDispatch::ContentSecurityPolicy::Middleware#call'
rack-session (2.1.1) lib/rack/session/abstract/id.rb:274:in 'Rack::Session::Abstract::Persisted#context'
rack-session (2.1.1) lib/rack/session/abstract/id.rb:268:in 'Rack::Session::Abstract::Persisted#call'
actionpack (8.0.3) lib/action_dispatch/middleware/cookies.rb:706:in 'ActionDispatch::Cookies#call'
activerecord (8.0.3) lib/active_record/migration.rb:670:in 'ActiveRecord::Migration::CheckPending#call'
actionpack (8.0.3) lib/action_dispatch/middleware/callbacks.rb:31:in 'block in ActionDispatch::Callbacks#call'
activesupport (8.0.3) lib/active_support/callbacks.rb:100:in 'ActiveSupport::Callbacks#run_callbacks'
actionpack (8.0.3) lib/action_dispatch/middleware/callbacks.rb:30:in 'ActionDispatch::Callbacks#call'
actionpack (8.0.3) lib/action_dispatch/middleware/executor.rb:16:in 'ActionDispatch::Executor#call'
actionpack (8.0.3) lib/action_dispatch/middleware/actionable_exceptions.rb:18:in 'ActionDispatch::ActionableExceptions#call'
actionpack (8.0.3) lib/action_dispatch/middleware/debug_exceptions.rb:31:in 'ActionDispatch::DebugExceptions#call'
web-console (4.2.1) lib/web_console/middleware.rb:132:in 'WebConsole::Middleware#call_app'
web-console (4.2.1) lib/web_console/middleware.rb:28:in 'block in WebConsole::Middleware#call'
web-console (4.2.1) lib/web_console/middleware.rb:17:in 'Kernel#catch'
web-console (4.2.1) lib/web_console/middleware.rb:17:in 'WebConsole::Middleware#call'
actionpack (8.0.3) lib/action_dispatch/middleware/show_exceptions.rb:32:in 'ActionDispatch::ShowExceptions#call'
railties (8.0.3) lib/rails/rack/logger.rb:41:in 'Rails::Rack::Logger#call_app'
railties (8.0.3) lib/rails/rack/logger.rb:29:in 'Rails::Rack::Logger#call'
actionpack (8.0.3) lib/action_dispatch/middleware/remote_ip.rb:96:in 'ActionDispatch::RemoteIp#call'
actionpack (8.0.3) lib/action_dispatch/middleware/request_id.rb:34:in 'ActionDispatch::RequestId#call'
rack (3.2.1) lib/rack/method_override.rb:28:in 'Rack::MethodOverride#call'
rack (3.2.1) lib/rack/runtime.rb:24:in 'Rack::Runtime#call'
actionpack (8.0.3) lib/action_dispatch/middleware/server_timing.rb:61:in 'block in ActionDispatch::ServerTiming#call'
actionpack (8.0.3) lib/action_dispatch/middleware/server_timing.rb:26:in 'ActionDispatch::ServerTiming::Subscriber#collect_events'
actionpack (8.0.3) lib/action_dispatch/middleware/server_timing.rb:60:in 'ActionDispatch::ServerTiming#call'
actionpack (8.0.3) lib/action_dispatch/middleware/executor.rb:16:in 'ActionDispatch::Executor#call'
propshaft (1.3.1) lib/propshaft/server.rb:37:in 'Propshaft::Server#call'
actionpack (8.0.3) lib/action_dispatch/middleware/static.rb:27:in 'ActionDispatch::Static#call'
rack (3.2.1) lib/rack/sendfile.rb:114:in 'Rack::Sendfile#call'
actionpack (8.0.3) lib/action_dispatch/middleware/host_authorization.rb:143:in 'ActionDispatch::HostAuthorization#call'
railties (8.0.3) lib/rails/engine.rb:535:in 'Rails::Engine#call'
puma (7.0.4) lib/puma/configuration.rb:299:in 'Puma::Configuration::ConfigMiddleware#call'
puma (7.0.4) lib/puma/request.rb:101:in 'block in Puma::Request#handle_request'
puma (7.0.4) lib/puma/thread_pool.rb:346:in 'Puma::ThreadPool#with_force_shutdown'
puma (7.0.4) lib/puma/request.rb:100:in 'Puma::Request#handle_request'
puma (7.0.4) lib/puma/server.rb:506:in 'Puma::Server#process_client'
puma (7.0.4) lib/puma/server.rb:265:in 'block in Puma::Server#run'
puma (7.0.4) lib/puma/thread_pool.rb:173:in 'block in Puma::ThreadPool#spawn_thread'
Started GET "/users/new" for ::1 at 2025-10-03 22:33:06 +0900
  [1m[36mActiveRecord::SchemaMigration Load (0.7ms)[0m  [1m[34mSELECT "schema_migrations"."version" FROM "schema_migrations" ORDER BY "schema_migrations"."version" ASC /*application='CareApp2'*/[0m
Processing by UsersController#new as HTML
Completed 406 Not Acceptable in 137ms (ActiveRecord: 10.4ms (0 queries, 0 cached) | GC: 0.0ms)


  
ActionController::MissingExactTemplate (UsersController#new is missing a template for request formats: text/html):
  
actionpack (8.0.3) lib/action_controller/metal/implicit_render.rb:49:in 'ActionController::ImplicitRender#default_render'
actionpack (8.0.3) lib/action_controller/metal/basic_implicit_render.rb:9:in 'ActionController::BasicImplicitRender#send_action'
actionpack (8.0.3) lib/abstract_controller/base.rb:215:in 'AbstractController::Base#process_action'
actionpack (8.0.3) lib/action_controller/metal/rendering.rb:193:in 'ActionController::Rendering#process_action'
actionpack (8.0.3) lib/abstract_controller/callbacks.rb:261:in 'block in AbstractController::Callbacks#process_action'
activesupport (8.0.3) lib/active_support/callbacks.rb:120:in 'block in ActiveSupport::Callbacks#run_callbacks'
turbo-rails (2.0.17) lib/turbo-rails.rb:24:in 'Turbo.with_request_id'
turbo-rails (2.0.17) app/controllers/concerns/turbo/request_id_tracking.rb:10:in 'Turbo::RequestIdTracking#turbo_tracking_request_id'
activesupport (8.0.3) lib/active_support/callbacks.rb:129:in 'block in ActiveSupport::Callbacks#run_callbacks'
actiontext (8.0.3) lib/action_text/rendering.rb:25:in 'ActionText::Rendering::ClassMethods#with_renderer'
actiontext (8.0.3) lib/action_text/engine.rb:71:in 'block (4 levels) in <class:Engine>'
activesupport (8.0.3) lib/active_support/callbacks.rb:129:in 'BasicObject#instance_exec'
activesupport (8.0.3) lib/active_support/callbacks.rb:129:in 'block in ActiveSupport::Callbacks#run_callbacks'
activesupport (8.0.3) lib/active_support/callbacks.rb:140:in 'ActiveSupport::Callbacks#run_callbacks'
actionpack (8.0.3) lib/abstract_controller/callbacks.rb:260:in 'AbstractController::Callbacks#process_action'
actionpack (8.0.3) lib/action_controller/metal/rescue.rb:27:in 'ActionController::Rescue#process_action'
actionpack (8.0.3) lib/action_controller/metal/instrumentation.rb:76:in 'block in ActionController::Instrumentation#process_action'
activesupport (8.0.3) lib/active_support/notifications.rb:210:in 'block in ActiveSupport::Notifications.instrument'
activesupport (8.0.3) lib/active_support/notifications/instrumenter.rb:58:in 'ActiveSupport::Notifications::Instrumenter#instrument'
activesupport (8.0.3) lib/active_support/notifications.rb:210:in 'ActiveSupport::Notifications.instrument'
actionpack (8.0.3) lib/action_controller/metal/instrumentation.rb:75:in 'ActionController::Instrumentation#process_action'
actionpack (8.0.3) lib/action_controller/metal/params_wrapper.rb:259:in 'ActionController::ParamsWrapper#process_action'
activerecord (8.0.3) lib/active_record/railties/controller_runtime.rb:39:in 'ActiveRecord::Railties::ControllerRuntime#process_action'
actionpack (8.0.3) lib/abstract_controller/base.rb:152:in 'AbstractController::Base#process'
actionview (8.0.3) lib/action_view/rendering.rb:40:in 'ActionView::Rendering#process'
actionpack (8.0.3) lib/action_controller/metal.rb:252:in 'ActionController::Metal#dispatch'
actionpack (8.0.3) lib/action_controller/metal.rb:335:in 'ActionController::Metal.dispatch'
actionpack (8.0.3) lib/action_dispatch/routing/route_set.rb:67:in 'ActionDispatch::Routing::RouteSet::Dispatcher#dispatch'
actionpack (8.0.3) lib/action_dispatch/routing/route_set.rb:50:in 'ActionDispatch::Routing::RouteSet::Dispatcher#serve'
actionpack (8.0.3) lib/action_dispatch/journey/router.rb:53:in 'block in ActionDispatch::Journey::Router#serve'
actionpack (8.0.3) lib/action_dispatch/journey/router.rb:133:in 'block in ActionDispatch::Journey::Router#find_routes'
actionpack (8.0.3) lib/action_dispatch/journey/router.rb:126:in 'Array#each'
actionpack (8.0.3) lib/action_dispatch/journey/router.rb:126:in 'ActionDispatch::Journey::Router#find_routes'
actionpack (8.0.3) lib/action_dispatch/journey/router.rb:34:in 'ActionDispatch::Journey::Router#serve'
actionpack (8.0.3) lib/action_dispatch/routing/route_set.rb:908:in 'ActionDispatch::Routing::RouteSet#call'
railties (8.0.3) lib/rails/engine/lazy_route_set.rb:60:in 'Rails::Engine::LazyRouteSet#call'
rack (3.2.1) lib/rack/tempfile_reaper.rb:20:in 'Rack::TempfileReaper#call'
rack (3.2.1) lib/rack/etag.rb:29:in 'Rack::ETag#call'
rack (3.2.1) lib/rack/conditional_get.rb:31:in 'Rack::ConditionalGet#call'
rack (3.2.1) lib/rack/head.rb:15:in 'Rack::Head#call'
actionpack (8.0.3) lib/action_dispatch/http/permissions_policy.rb:38:in 'ActionDispatch::PermissionsPolicy::Middleware#call'
actionpack (8.0.3) lib/action_dispatch/http/content_security_policy.rb:38:in 'ActionDispatch::ContentSecurityPolicy::Middleware#call'
rack-session (2.1.1) lib/rack/session/abstract/id.rb:274:in 'Rack::Session::Abstract::Persisted#context'
rack-session (2.1.1) lib/rack/session/abstract/id.rb:268:in 'Rack::Session::Abstract::Persisted#call'
actionpack (8.0.3) lib/action_dispatch/middleware/cookies.rb:706:in 'ActionDispatch::Cookies#call'
activerecord (8.0.3) lib/active_record/migration.rb:670:in 'ActiveRecord::Migration::CheckPending#call'
actionpack (8.0.3) lib/action_dispatch/middleware/callbacks.rb:31:in 'block in ActionDispatch::Callbacks#call'
activesupport (8.0.3) lib/active_support/callbacks.rb:100:in 'ActiveSupport::Callbacks#run_callbacks'
actionpack (8.0.3) lib/action_dispatch/middleware/callbacks.rb:30:in 'ActionDispatch::Callbacks#call'
actionpack (8.0.3) lib/action_dispatch/middleware/executor.rb:16:in 'ActionDispatch::Executor#call'
actionpack (8.0.3) lib/action_dispatch/middleware/actionable_exceptions.rb:18:in 'ActionDispatch::ActionableExceptions#call'
actionpack (8.0.3) lib/action_dispatch/middleware/debug_exceptions.rb:31:in 'ActionDispatch::DebugExceptions#call'
web-console (4.2.1) lib/web_console/middleware.rb:132:in 'WebConsole::Middleware#call_app'
web-console (4.2.1) lib/web_console/middleware.rb:28:in 'block in WebConsole::Middleware#call'
web-console (4.2.1) lib/web_console/middleware.rb:17:in 'Kernel#catch'
web-console (4.2.1) lib/web_console/middleware.rb:17:in 'WebConsole::Middleware#call'
actionpack (8.0.3) lib/action_dispatch/middleware/show_exceptions.rb:32:in 'ActionDispatch::ShowExceptions#call'
railties (8.0.3) lib/rails/rack/logger.rb:41:in 'Rails::Rack::Logger#call_app'
railties (8.0.3) lib/rails/rack/logger.rb:29:in 'Rails::Rack::Logger#call'
actionpack (8.0.3) lib/action_dispatch/middleware/remote_ip.rb:96:in 'ActionDispatch::RemoteIp#call'
actionpack (8.0.3) lib/action_dispatch/middleware/request_id.rb:34:in 'ActionDispatch::RequestId#call'
rack (3.2.1) lib/rack/method_override.rb:28:in 'Rack::MethodOverride#call'
rack (3.2.1) lib/rack/runtime.rb:24:in 'Rack::Runtime#call'
actionpack (8.0.3) lib/action_dispatch/middleware/server_timing.rb:61:in 'block in ActionDispatch::ServerTiming#call'
actionpack (8.0.3) lib/action_dispatch/middleware/server_timing.rb:26:in 'ActionDispatch::ServerTiming::Subscriber#collect_events'
actionpack (8.0.3) lib/action_dispatch/middleware/server_timing.rb:60:in 'ActionDispatch::ServerTiming#call'
actionpack (8.0.3) lib/action_dispatch/middleware/executor.rb:16:in 'ActionDispatch::Executor#call'
propshaft (1.3.1) lib/propshaft/server.rb:37:in 'Propshaft::Server#call'
actionpack (8.0.3) lib/action_dispatch/middleware/static.rb:27:in 'ActionDispatch::Static#call'
rack (3.2.1) lib/rack/sendfile.rb:114:in 'Rack::Sendfile#call'
actionpack (8.0.3) lib/action_dispatch/middleware/host_authorization.rb:143:in 'ActionDispatch::HostAuthorization#call'
railties (8.0.3) lib/rails/engine.rb:535:in 'Rails::Engine#call'
puma (7.0.4) lib/puma/configuration.rb:299:in 'Puma::Configuration::ConfigMiddleware#call'
puma (7.0.4) lib/puma/request.rb:101:in 'block in Puma::Request#handle_request'
puma (7.0.4) lib/puma/thread_pool.rb:346:in 'Puma::ThreadPool#with_force_shutdown'
puma (7.0.4) lib/puma/request.rb:100:in 'Puma::Request#handle_request'
puma (7.0.4) lib/puma/server.rb:506:in 'Puma::Server#process_client'
puma (7.0.4) lib/puma/server.rb:265:in 'block in Puma::Server#run'
puma (7.0.4) lib/puma/thread_pool.rb:173:in 'block in Puma::ThreadPool#spawn_thread'
Started GET "/users/new" for ::1 at 2025-10-03 22:33:11 +0900
Processing by UsersController#new as HTML
Completed 406 Not Acceptable in 103ms (ActiveRecord: 0.0ms (0 queries, 0 cached) | GC: 0.0ms)


  
ActionController::MissingExactTemplate (UsersController#new is missing a template for request formats: text/html):
  
actionpack (8.0.3) lib/action_controller/metal/implicit_render.rb:49:in 'ActionController::ImplicitRender#default_render'
actionpack (8.0.3) lib/action_controller/metal/basic_implicit_render.rb:9:in 'ActionController::BasicImplicitRender#send_action'
actionpack (8.0.3) lib/abstract_controller/base.rb:215:in 'AbstractController::Base#process_action'
actionpack (8.0.3) lib/action_controller/metal/rendering.rb:193:in 'ActionController::Rendering#process_action'
actionpack (8.0.3) lib/abstract_controller/callbacks.rb:261:in 'block in AbstractController::Callbacks#process_action'
activesupport (8.0.3) lib/active_support/callbacks.rb:120:in 'block in ActiveSupport::Callbacks#run_callbacks'
turbo-rails (2.0.17) lib/turbo-rails.rb:24:in 'Turbo.with_request_id'
turbo-rails (2.0.17) app/controllers/concerns/turbo/request_id_tracking.rb:10:in 'Turbo::RequestIdTracking#turbo_tracking_request_id'
activesupport (8.0.3) lib/active_support/callbacks.rb:129:in 'block in ActiveSupport::Callbacks#run_callbacks'
actiontext (8.0.3) lib/action_text/rendering.rb:25:in 'ActionText::Rendering::ClassMethods#with_renderer'
actiontext (8.0.3) lib/action_text/engine.rb:71:in 'block (4 levels) in <class:Engine>'
activesupport (8.0.3) lib/active_support/callbacks.rb:129:in 'BasicObject#instance_exec'
activesupport (8.0.3) lib/active_support/callbacks.rb:129:in 'block in ActiveSupport::Callbacks#run_callbacks'
activesupport (8.0.3) lib/active_support/callbacks.rb:140:in 'ActiveSupport::Callbacks#run_callbacks'
actionpack (8.0.3) lib/abstract_controller/callbacks.rb:260:in 'AbstractController::Callbacks#process_action'
actionpack (8.0.3) lib/action_controller/metal/rescue.rb:27:in 'ActionController::Rescue#process_action'
actionpack (8.0.3) lib/action_controller/metal/instrumentation.rb:76:in 'block in ActionController::Instrumentation#process_action'
activesupport (8.0.3) lib/active_support/notifications.rb:210:in 'block in ActiveSupport::Notifications.instrument'
activesupport (8.0.3) lib/active_support/notifications/instrumenter.rb:58:in 'ActiveSupport::Notifications::Instrumenter#instrument'
activesupport (8.0.3) lib/active_support/notifications.rb:210:in 'ActiveSupport::Notifications.instrument'
actionpack (8.0.3) lib/action_controller/metal/instrumentation.rb:75:in 'ActionController::Instrumentation#process_action'
actionpack (8.0.3) lib/action_controller/metal/params_wrapper.rb:259:in 'ActionController::ParamsWrapper#process_action'
activerecord (8.0.3) lib/active_record/railties/controller_runtime.rb:39:in 'ActiveRecord::Railties::ControllerRuntime#process_action'
actionpack (8.0.3) lib/abstract_controller/base.rb:152:in 'AbstractController::Base#process'
actionview (8.0.3) lib/action_view/rendering.rb:40:in 'ActionView::Rendering#process'
actionpack (8.0.3) lib/action_controller/metal.rb:252:in 'ActionController::Metal#dispatch'
actionpack (8.0.3) lib/action_controller/metal.rb:335:in 'ActionController::Metal.dispatch'
actionpack (8.0.3) lib/action_dispatch/routing/route_set.rb:67:in 'ActionDispatch::Routing::RouteSet::Dispatcher#dispatch'
actionpack (8.0.3) lib/action_dispatch/routing/route_set.rb:50:in 'ActionDispatch::Routing::RouteSet::Dispatcher#serve'
actionpack (8.0.3) lib/action_dispatch/journey/router.rb:53:in 'block in ActionDispatch::Journey::Router#serve'
actionpack (8.0.3) lib/action_dispatch/journey/router.rb:133:in 'block in ActionDispatch::Journey::Router#find_routes'
actionpack (8.0.3) lib/action_dispatch/journey/router.rb:126:in 'Array#each'
actionpack (8.0.3) lib/action_dispatch/journey/router.rb:126:in 'ActionDispatch::Journey::Router#find_routes'
actionpack (8.0.3) lib/action_dispatch/journey/router.rb:34:in 'ActionDispatch::Journey::Router#serve'
actionpack (8.0.3) lib/action_dispatch/routing/route_set.rb:908:in 'ActionDispatch::Routing::RouteSet#call'
railties (8.0.3) lib/rails/engine/lazy_route_set.rb:60:in 'Rails::Engine::LazyRouteSet#call'
rack (3.2.1) lib/rack/tempfile_reaper.rb:20:in 'Rack::TempfileReaper#call'
rack (3.2.1) lib/rack/etag.rb:29:in 'Rack::ETag#call'
rack (3.2.1) lib/rack/conditional_get.rb:31:in 'Rack::ConditionalGet#call'
rack (3.2.1) lib/rack/head.rb:15:in 'Rack::Head#call'
actionpack (8.0.3) lib/action_dispatch/http/permissions_policy.rb:38:in 'ActionDispatch::PermissionsPolicy::Middleware#call'
actionpack (8.0.3) lib/action_dispatch/http/content_security_policy.rb:38:in 'ActionDispatch::ContentSecurityPolicy::Middleware#call'
rack-session (2.1.1) lib/rack/session/abstract/id.rb:274:in 'Rack::Session::Abstract::Persisted#context'
rack-session (2.1.1) lib/rack/session/abstract/id.rb:268:in 'Rack::Session::Abstract::Persisted#call'
actionpack (8.0.3) lib/action_dispatch/middleware/cookies.rb:706:in 'ActionDispatch::Cookies#call'
activerecord (8.0.3) lib/active_record/migration.rb:670:in 'ActiveRecord::Migration::CheckPending#call'
actionpack (8.0.3) lib/action_dispatch/middleware/callbacks.rb:31:in 'block in ActionDispatch::Callbacks#call'
activesupport (8.0.3) lib/active_support/callbacks.rb:100:in 'ActiveSupport::Callbacks#run_callbacks'
actionpack (8.0.3) lib/action_dispatch/middleware/callbacks.rb:30:in 'ActionDispatch::Callbacks#call'
actionpack (8.0.3) lib/action_dispatch/middleware/executor.rb:16:in 'ActionDispatch::Executor#call'
actionpack (8.0.3) lib/action_dispatch/middleware/actionable_exceptions.rb:18:in 'ActionDispatch::ActionableExceptions#call'
actionpack (8.0.3) lib/action_dispatch/middleware/debug_exceptions.rb:31:in 'ActionDispatch::DebugExceptions#call'
web-console (4.2.1) lib/web_console/middleware.rb:132:in 'WebConsole::Middleware#call_app'
web-console (4.2.1) lib/web_console/middleware.rb:28:in 'block in WebConsole::Middleware#call'
web-console (4.2.1) lib/web_console/middleware.rb:17:in 'Kernel#catch'
web-console (4.2.1) lib/web_console/middleware.rb:17:in 'WebConsole::Middleware#call'
actionpack (8.0.3) lib/action_dispatch/middleware/show_exceptions.rb:32:in 'ActionDispatch::ShowExceptions#call'
railties (8.0.3) lib/rails/rack/logger.rb:41:in 'Rails::Rack::Logger#call_app'
railties (8.0.3) lib/rails/rack/logger.rb:29:in 'Rails::Rack::Logger#call'
actionpack (8.0.3) lib/action_dispatch/middleware/remote_ip.rb:96:in 'ActionDispatch::RemoteIp#call'
actionpack (8.0.3) lib/action_dispatch/middleware/request_id.rb:34:in 'ActionDispatch::RequestId#call'
rack (3.2.1) lib/rack/method_override.rb:28:in 'Rack::MethodOverride#call'
rack (3.2.1) lib/rack/runtime.rb:24:in 'Rack::Runtime#call'
actionpack (8.0.3) lib/action_dispatch/middleware/server_timing.rb:61:in 'block in ActionDispatch::ServerTiming#call'
actionpack (8.0.3) lib/action_dispatch/middleware/server_timing.rb:26:in 'ActionDispatch::ServerTiming::Subscriber#collect_events'
actionpack (8.0.3) lib/action_dispatch/middleware/server_timing.rb:60:in 'ActionDispatch::ServerTiming#call'
actionpack (8.0.3) lib/action_dispatch/middleware/executor.rb:16:in 'ActionDispatch::Executor#call'
propshaft (1.3.1) lib/propshaft/server.rb:37:in 'Propshaft::Server#call'
actionpack (8.0.3) lib/action_dispatch/middleware/static.rb:27:in 'ActionDispatch::Static#call'
rack (3.2.1) lib/rack/sendfile.rb:114:in 'Rack::Sendfile#call'
actionpack (8.0.3) lib/action_dispatch/middleware/host_authorization.rb:143:in 'ActionDispatch::HostAuthorization#call'
railties (8.0.3) lib/rails/engine.rb:535:in 'Rails::Engine#call'
puma (7.0.4) lib/puma/configuration.rb:299:in 'Puma::Configuration::ConfigMiddleware#call'
puma (7.0.4) lib/puma/request.rb:101:in 'block in Puma::Request#handle_request'
puma (7.0.4) lib/puma/thread_pool.rb:346:in 'Puma::ThreadPool#with_force_shutdown'
puma (7.0.4) lib/puma/request.rb:100:in 'Puma::Request#handle_request'
puma (7.0.4) lib/puma/server.rb:506:in 'Puma::Server#process_client'
puma (7.0.4) lib/puma/server.rb:265:in 'block in Puma::Server#run'
puma (7.0.4) lib/puma/thread_pool.rb:173:in 'block in Puma::ThreadPool#spawn_thread'
Started GET "/users/new" for ::1 at 2025-10-03 22:33:40 +0900
Processing by UsersController#new as HTML
  Rendering layout layouts/application.html.erb
  Rendering users/new.html.erb within layouts/application
  Rendered users/new.html.erb within layouts/application (Duration: 15.5ms | GC: 1.8ms)
  Rendered layout layouts/application.html.erb (Duration: 43.6ms | GC: 7.4ms)
Completed 200 OK in 202ms (Views: 45.6ms | ActiveRecord: 3.0ms (0 queries, 0 cached) | GC: 19.6ms)


Started POST "/users" for ::1 at 2025-10-03 22:33:59 +0900
Processing by UsersController#create as TURBO_STREAM
  Parameters: {"authenticity_token" => "[FILTERED]", "user" => {"name" => "wataru", "email" => "[FILTERED]", "password" => "[FILTERED]", "password_confirmation" => "[FILTERED]"}, "commit" => "登録"}
  [1m[36mTRANSACTION (0.2ms)[0m  [1m[35mBEGIN /*action='create',application='CareApp2',controller='users'*/[0m
  ↳ app/controllers/users_controller.rb:13:in 'UsersController#create'
  [1m[36mUser Exists? (3.4ms)[0m  [1m[34mSELECT 1 AS one FROM "users" WHERE "users"."email" = 'wataru1983_118@yahoo.co.jp' LIMIT 1 /*action='create',application='CareApp2',controller='users'*/[0m
  ↳ app/controllers/users_controller.rb:13:in 'UsersController#create'
  [1m[36mUser Create (2.2ms)[0m  [1m[32mINSERT INTO "users" ("name", "email", "password_digest", "created_at", "updated_at") VALUES ('wataru', 'wataru1983_118@yahoo.co.jp', '$2a$12$Vw2r8h4IPI5Gzc/ucRr6E.JFooEJ/B1FscQpuz3dxBKwORcUbXtWW', '2025-10-03 13:34:00.108175', '2025-10-03 13:34:00.108175') RETURNING "id" /*action='create',application='CareApp2',controller='users'*/[0m
  ↳ app/controllers/users_controller.rb:13:in 'UsersController#create'
  [1m[36mTRANSACTION (9.3ms)[0m  [1m[35mCOMMIT /*action='create',application='CareApp2',controller='users'*/[0m
  ↳ app/controllers/users_controller.rb:13:in 'UsersController#create'
Redirected to http://localhost:3000/users/1
Completed 302 Found in 371ms (ActiveRecord: 15.1ms (2 queries, 0 cached) | GC: 3.4ms)


Started GET "/users/1" for ::1 at 2025-10-03 22:34:00 +0900
Processing by UsersController#show as TURBO_STREAM
  Parameters: {"id" => "1"}
  [1m[36mUser Load (0.3ms)[0m  [1m[34mSELECT "users".* FROM "users" WHERE "users"."id" = 1 LIMIT 1 /*action='show',application='CareApp2',controller='users'*/[0m
  ↳ app/controllers/users_controller.rb:46:in 'UsersController#set_user'
  [1m[36mCACHE User Load (0.0ms)[0m  [1m[34mSELECT "users".* FROM "users" WHERE "users"."id" = 1 LIMIT 1[0m
  ↳ app/controllers/application_controller.rb:4:in 'ApplicationController#current_user'
No template found for UsersController#show, rendering head :no_content
Completed 204 No Content in 111ms (ActiveRecord: 0.3ms (2 queries, 1 cached) | GC: 0.0ms)


Started GET "/login" for ::1 at 2025-10-03 22:34:05 +0900
Processing by SessionsController#new as HTML
  Rendering layout layouts/application.html.erb
  Rendering sessions/new.html.erb within layouts/application
  Rendered sessions/new.html.erb within layouts/application (Duration: 1.8ms | GC: 0.0ms)
  Rendered layout layouts/application.html.erb (Duration: 2.4ms | GC: 0.0ms)
Completed 200 OK in 109ms (Views: 3.4ms | ActiveRecord: 0.0ms (0 queries, 0 cached) | GC: 0.0ms)


Started POST "/login" for ::1 at 2025-10-03 22:34:29 +0900
Processing by SessionsController#create as TURBO_STREAM
  Parameters: {"authenticity_token" => "[FILTERED]", "email" => "[FILTERED]", "password" => "[FILTERED]", "commit" => "ログイン"}
  [1m[36mUser Load (0.4ms)[0m  [1m[34mSELECT "users".* FROM "users" WHERE "users"."email" = 'wataru1983_118@yahoo.co.jp' LIMIT 1 /*action='create',application='CareApp2',controller='sessions'*/[0m
  ↳ app/controllers/sessions_controller.rb:6:in 'SessionsController#create'
Redirected to http://localhost:3000/users/1
Completed 302 Found in 350ms (ActiveRecord: 0.4ms (1 query, 0 cached) | GC: 0.0ms)


Started GET "/users/1" for ::1 at 2025-10-03 22:34:30 +0900
Processing by UsersController#show as TURBO_STREAM
  Parameters: {"id" => "1"}
  [1m[36mUser Load (0.3ms)[0m  [1m[34mSELECT "users".* FROM "users" WHERE "users"."id" = 1 LIMIT 1 /*action='show',application='CareApp2',controller='users'*/[0m
  ↳ app/controllers/users_controller.rb:46:in 'UsersController#set_user'
  [1m[36mCACHE User Load (0.0ms)[0m  [1m[34mSELECT "users".* FROM "users" WHERE "users"."id" = 1 LIMIT 1[0m
  ↳ app/controllers/application_controller.rb:4:in 'ApplicationController#current_user'
No template found for UsersController#show, rendering head :no_content
Completed 204 No Content in 113ms (ActiveRecord: 0.3ms (2 queries, 1 cached) | GC: 0.0ms)


Started POST "/login" for ::1 at 2025-10-03 22:38:13 +0900
  [1m[36mActiveRecord::SchemaMigration Load (1.3ms)[0m  [1m[34mSELECT "schema_migrations"."version" FROM "schema_migrations" ORDER BY "schema_migrations"."version" ASC /*application='CareApp2'*/[0m
Processing by SessionsController#create as TURBO_STREAM
  Parameters: {"authenticity_token" => "[FILTERED]", "email" => "[FILTERED]", "password" => "[FILTERED]", "commit" => "ログイン"}
  [1m[36mUser Load (0.8ms)[0m  [1m[34mSELECT "users".* FROM "users" WHERE "users"."email" = 'wataru1983_118@yahoo.co.jp' LIMIT 1 /*action='create',application='CareApp2',controller='sessions'*/[0m
  ↳ app/controllers/sessions_controller.rb:6:in 'SessionsController#create'
Redirected to http://localhost:3000/users/1
Completed 302 Found in 376ms (ActiveRecord: 10.2ms (1 query, 0 cached) | GC: 0.0ms)


Started GET "/users/1" for ::1 at 2025-10-03 22:38:13 +0900
Processing by UsersController#show as TURBO_STREAM
  Parameters: {"id" => "1"}
  [1m[36mUser Load (0.3ms)[0m  [1m[34mSELECT "users".* FROM "users" WHERE "users"."id" = 1 LIMIT 1 /*action='show',application='CareApp2',controller='users'*/[0m
  ↳ app/controllers/users_controller.rb:46:in 'UsersController#set_user'
  [1m[36mCACHE User Load (0.0ms)[0m  [1m[34mSELECT "users".* FROM "users" WHERE "users"."id" = 1 LIMIT 1[0m
  ↳ app/controllers/application_controller.rb:4:in 'ApplicationController#current_user'
  Rendering layout layouts/application.html.erb
  Rendering users/show.html.erb within layouts/application
  [1m[36mActiveStorage::Attachment Load (2.7ms)[0m  [1m[34mSELECT "active_storage_attachments".* FROM "active_storage_attachments" WHERE "active_storage_attachments"."record_id" = 1 AND "active_storage_attachments"."record_type" = 'User' AND "active_storage_attachments"."name" = 'avatar' LIMIT 1 /*action='show',application='CareApp2',controller='users'*/[0m
  ↳ app/views/users/show.html.erb:15
  Rendered users/show.html.erb within layouts/application (Duration: 43.2ms | GC: 0.0ms)
  Rendered layout layouts/application.html.erb (Duration: 62.0ms | GC: 0.0ms)
Completed 200 OK in 178ms (Views: 60.7ms | ActiveRecord: 5.3ms (3 queries, 1 cached) | GC: 0.0ms)


Started GET "/users/1/edit" for ::1 at 2025-10-03 22:38:22 +0900
Processing by UsersController#edit as HTML
  Parameters: {"id" => "1"}
  [1m[36mUser Load (0.4ms)[0m  [1m[34mSELECT "users".* FROM "users" WHERE "users"."id" = 1 LIMIT 1 /*action='edit',application='CareApp2',controller='users'*/[0m
  ↳ app/controllers/users_controller.rb:46:in 'UsersController#set_user'
  [1m[36mCACHE User Load (0.0ms)[0m  [1m[34mSELECT "users".* FROM "users" WHERE "users"."id" = 1 LIMIT 1[0m
  ↳ app/controllers/application_controller.rb:4:in 'ApplicationController#current_user'
Completed 406 Not Acceptable in 94ms (ActiveRecord: 0.4ms (2 queries, 1 cached) | GC: 0.0ms)


  
ActionController::MissingExactTemplate (UsersController#edit is missing a template for request formats: text/html):
  
actionpack (8.0.3) lib/action_controller/metal/implicit_render.rb:49:in 'ActionController::ImplicitRender#default_render'
actionpack (8.0.3) lib/action_controller/metal/basic_implicit_render.rb:9:in 'ActionController::BasicImplicitRender#send_action'
actionpack (8.0.3) lib/abstract_controller/base.rb:215:in 'AbstractController::Base#process_action'
actionpack (8.0.3) lib/action_controller/metal/rendering.rb:193:in 'ActionController::Rendering#process_action'
actionpack (8.0.3) lib/abstract_controller/callbacks.rb:261:in 'block in AbstractController::Callbacks#process_action'
activesupport (8.0.3) lib/active_support/callbacks.rb:120:in 'block in ActiveSupport::Callbacks#run_callbacks'
turbo-rails (2.0.17) lib/turbo-rails.rb:24:in 'Turbo.with_request_id'
turbo-rails (2.0.17) app/controllers/concerns/turbo/request_id_tracking.rb:10:in 'Turbo::RequestIdTracking#turbo_tracking_request_id'
activesupport (8.0.3) lib/active_support/callbacks.rb:129:in 'block in ActiveSupport::Callbacks#run_callbacks'
actiontext (8.0.3) lib/action_text/rendering.rb:25:in 'ActionText::Rendering::ClassMethods#with_renderer'
actiontext (8.0.3) lib/action_text/engine.rb:71:in 'block (4 levels) in <class:Engine>'
activesupport (8.0.3) lib/active_support/callbacks.rb:129:in 'BasicObject#instance_exec'
activesupport (8.0.3) lib/active_support/callbacks.rb:129:in 'block in ActiveSupport::Callbacks#run_callbacks'
activesupport (8.0.3) lib/active_support/callbacks.rb:140:in 'ActiveSupport::Callbacks#run_callbacks'
actionpack (8.0.3) lib/abstract_controller/callbacks.rb:260:in 'AbstractController::Callbacks#process_action'
actionpack (8.0.3) lib/action_controller/metal/rescue.rb:27:in 'ActionController::Rescue#process_action'
actionpack (8.0.3) lib/action_controller/metal/instrumentation.rb:76:in 'block in ActionController::Instrumentation#process_action'
activesupport (8.0.3) lib/active_support/notifications.rb:210:in 'block in ActiveSupport::Notifications.instrument'
activesupport (8.0.3) lib/active_support/notifications/instrumenter.rb:58:in 'ActiveSupport::Notifications::Instrumenter#instrument'
activesupport (8.0.3) lib/active_support/notifications.rb:210:in 'ActiveSupport::Notifications.instrument'
actionpack (8.0.3) lib/action_controller/metal/instrumentation.rb:75:in 'ActionController::Instrumentation#process_action'
actionpack (8.0.3) lib/action_controller/metal/params_wrapper.rb:259:in 'ActionController::ParamsWrapper#process_action'
activerecord (8.0.3) lib/active_record/railties/controller_runtime.rb:39:in 'ActiveRecord::Railties::ControllerRuntime#process_action'
actionpack (8.0.3) lib/abstract_controller/base.rb:152:in 'AbstractController::Base#process'
actionview (8.0.3) lib/action_view/rendering.rb:40:in 'ActionView::Rendering#process'
actionpack (8.0.3) lib/action_controller/metal.rb:252:in 'ActionController::Metal#dispatch'
actionpack (8.0.3) lib/action_controller/metal.rb:335:in 'ActionController::Metal.dispatch'
actionpack (8.0.3) lib/action_dispatch/routing/route_set.rb:67:in 'ActionDispatch::Routing::RouteSet::Dispatcher#dispatch'
actionpack (8.0.3) lib/action_dispatch/routing/route_set.rb:50:in 'ActionDispatch::Routing::RouteSet::Dispatcher#serve'
actionpack (8.0.3) lib/action_dispatch/journey/router.rb:53:in 'block in ActionDispatch::Journey::Router#serve'
actionpack (8.0.3) lib/action_dispatch/journey/router.rb:133:in 'block in ActionDispatch::Journey::Router#find_routes'
actionpack (8.0.3) lib/action_dispatch/journey/router.rb:126:in 'Array#each'
actionpack (8.0.3) lib/action_dispatch/journey/router.rb:126:in 'ActionDispatch::Journey::Router#find_routes'
actionpack (8.0.3) lib/action_dispatch/journey/router.rb:34:in 'ActionDispatch::Journey::Router#serve'
actionpack (8.0.3) lib/action_dispatch/routing/route_set.rb:908:in 'ActionDispatch::Routing::RouteSet#call'
railties (8.0.3) lib/rails/engine/lazy_route_set.rb:60:in 'Rails::Engine::LazyRouteSet#call'
rack (3.2.1) lib/rack/tempfile_reaper.rb:20:in 'Rack::TempfileReaper#call'
rack (3.2.1) lib/rack/etag.rb:29:in 'Rack::ETag#call'
rack (3.2.1) lib/rack/conditional_get.rb:31:in 'Rack::ConditionalGet#call'
rack (3.2.1) lib/rack/head.rb:15:in 'Rack::Head#call'
actionpack (8.0.3) lib/action_dispatch/http/permissions_policy.rb:38:in 'ActionDispatch::PermissionsPolicy::Middleware#call'
actionpack (8.0.3) lib/action_dispatch/http/content_security_policy.rb:38:in 'ActionDispatch::ContentSecurityPolicy::Middleware#call'
rack-session (2.1.1) lib/rack/session/abstract/id.rb:274:in 'Rack::Session::Abstract::Persisted#context'
rack-session (2.1.1) lib/rack/session/abstract/id.rb:268:in 'Rack::Session::Abstract::Persisted#call'
actionpack (8.0.3) lib/action_dispatch/middleware/cookies.rb:706:in 'ActionDispatch::Cookies#call'
activerecord (8.0.3) lib/active_record/migration.rb:670:in 'ActiveRecord::Migration::CheckPending#call'
actionpack (8.0.3) lib/action_dispatch/middleware/callbacks.rb:31:in 'block in ActionDispatch::Callbacks#call'
activesupport (8.0.3) lib/active_support/callbacks.rb:100:in 'ActiveSupport::Callbacks#run_callbacks'
actionpack (8.0.3) lib/action_dispatch/middleware/callbacks.rb:30:in 'ActionDispatch::Callbacks#call'
actionpack (8.0.3) lib/action_dispatch/middleware/executor.rb:16:in 'ActionDispatch::Executor#call'
actionpack (8.0.3) lib/action_dispatch/middleware/actionable_exceptions.rb:18:in 'ActionDispatch::ActionableExceptions#call'
actionpack (8.0.3) lib/action_dispatch/middleware/debug_exceptions.rb:31:in 'ActionDispatch::DebugExceptions#call'
web-console (4.2.1) lib/web_console/middleware.rb:132:in 'WebConsole::Middleware#call_app'
web-console (4.2.1) lib/web_console/middleware.rb:28:in 'block in WebConsole::Middleware#call'
web-console (4.2.1) lib/web_console/middleware.rb:17:in 'Kernel#catch'
web-console (4.2.1) lib/web_console/middleware.rb:17:in 'WebConsole::Middleware#call'
actionpack (8.0.3) lib/action_dispatch/middleware/show_exceptions.rb:32:in 'ActionDispatch::ShowExceptions#call'
railties (8.0.3) lib/rails/rack/logger.rb:41:in 'Rails::Rack::Logger#call_app'
railties (8.0.3) lib/rails/rack/logger.rb:29:in 'Rails::Rack::Logger#call'
actionpack (8.0.3) lib/action_dispatch/middleware/remote_ip.rb:96:in 'ActionDispatch::RemoteIp#call'
actionpack (8.0.3) lib/action_dispatch/middleware/request_id.rb:34:in 'ActionDispatch::RequestId#call'
rack (3.2.1) lib/rack/method_override.rb:28:in 'Rack::MethodOverride#call'
rack (3.2.1) lib/rack/runtime.rb:24:in 'Rack::Runtime#call'
actionpack (8.0.3) lib/action_dispatch/middleware/server_timing.rb:61:in 'block in ActionDispatch::ServerTiming#call'
actionpack (8.0.3) lib/action_dispatch/middleware/server_timing.rb:26:in 'ActionDispatch::ServerTiming::Subscriber#collect_events'
actionpack (8.0.3) lib/action_dispatch/middleware/server_timing.rb:60:in 'ActionDispatch::ServerTiming#call'
actionpack (8.0.3) lib/action_dispatch/middleware/executor.rb:16:in 'ActionDispatch::Executor#call'
propshaft (1.3.1) lib/propshaft/server.rb:37:in 'Propshaft::Server#call'
actionpack (8.0.3) lib/action_dispatch/middleware/static.rb:27:in 'ActionDispatch::Static#call'
rack (3.2.1) lib/rack/sendfile.rb:114:in 'Rack::Sendfile#call'
actionpack (8.0.3) lib/action_dispatch/middleware/host_authorization.rb:143:in 'ActionDispatch::HostAuthorization#call'
railties (8.0.3) lib/rails/engine.rb:535:in 'Rails::Engine#call'
puma (7.0.4) lib/puma/configuration.rb:299:in 'Puma::Configuration::ConfigMiddleware#call'
puma (7.0.4) lib/puma/request.rb:101:in 'block in Puma::Request#handle_request'
puma (7.0.4) lib/puma/thread_pool.rb:346:in 'Puma::ThreadPool#with_force_shutdown'
puma (7.0.4) lib/puma/request.rb:100:in 'Puma::Request#handle_request'
puma (7.0.4) lib/puma/server.rb:506:in 'Puma::Server#process_client'
puma (7.0.4) lib/puma/server.rb:265:in 'block in Puma::Server#run'
puma (7.0.4) lib/puma/thread_pool.rb:173:in 'block in Puma::ThreadPool#spawn_thread'
Started GET "/users/1" for ::1 at 2025-10-03 22:38:25 +0900
Processing by UsersController#show as HTML
  Parameters: {"id" => "1"}
  [1m[36mUser Load (0.4ms)[0m  [1m[34mSELECT "users".* FROM "users" WHERE "users"."id" = 1 LIMIT 1 /*action='show',application='CareApp2',controller='users'*/[0m
  ↳ app/controllers/users_controller.rb:46:in 'UsersController#set_user'
  [1m[36mCACHE User Load (0.0ms)[0m  [1m[34mSELECT "users".* FROM "users" WHERE "users"."id" = 1 LIMIT 1[0m
  ↳ app/controllers/application_controller.rb:4:in 'ApplicationController#current_user'
  Rendering layout layouts/application.html.erb
  Rendering users/show.html.erb within layouts/application
  [1m[36mActiveStorage::Attachment Load (0.5ms)[0m  [1m[34mSELECT "active_storage_attachments".* FROM "active_storage_attachments" WHERE "active_storage_attachments"."record_id" = 1 AND "active_storage_attachments"."record_type" = 'User' AND "active_storage_attachments"."name" = 'avatar' LIMIT 1 /*action='show',application='CareApp2',controller='users'*/[0m
  ↳ app/views/users/show.html.erb:15
  Rendered users/show.html.erb within layouts/application (Duration: 2.8ms | GC: 0.0ms)
  Rendered layout layouts/application.html.erb (Duration: 4.7ms | GC: 0.9ms)
Completed 200 OK in 109ms (Views: 4.8ms | ActiveRecord: 0.8ms (3 queries, 1 cached) | GC: 0.9ms)


Started GET "/logout" for ::1 at 2025-10-03 22:38:54 +0900
  
ActionController::RoutingError (No route matches [GET] "/logout"):
  
Started GET "/users/1" for ::1 at 2025-10-03 22:39:00 +0900
Processing by UsersController#show as HTML
  Parameters: {"id" => "1"}
  [1m[36mUser Load (0.4ms)[0m  [1m[34mSELECT "users".* FROM "users" WHERE "users"."id" = 1 LIMIT 1 /*action='show',application='CareApp2',controller='users'*/[0m
  ↳ app/controllers/users_controller.rb:46:in 'UsersController#set_user'
  [1m[36mCACHE User Load (0.0ms)[0m  [1m[34mSELECT "users".* FROM "users" WHERE "users"."id" = 1 LIMIT 1[0m
  ↳ app/controllers/application_controller.rb:4:in 'ApplicationController#current_user'
  Rendering layout layouts/application.html.erb
  Rendering users/show.html.erb within layouts/application
  [1m[36mActiveStorage::Attachment Load (0.3ms)[0m  [1m[34mSELECT "active_storage_attachments".* FROM "active_storage_attachments" WHERE "active_storage_attachments"."record_id" = 1 AND "active_storage_attachments"."record_type" = 'User' AND "active_storage_attachments"."name" = 'avatar' LIMIT 1 /*action='show',application='CareApp2',controller='users'*/[0m
  ↳ app/views/users/show.html.erb:15
  Rendered users/show.html.erb within layouts/application (Duration: 2.2ms | GC: 0.0ms)
  Rendered layout layouts/application.html.erb (Duration: 3.1ms | GC: 0.0ms)
Completed 200 OK in 124ms (Views: 3.3ms | ActiveRecord: 0.6ms (3 queries, 1 cached) | GC: 0.0ms)


Started GET "/logout" for ::1 at 2025-10-03 22:42:54 +0900
  
ActionController::RoutingError (No route matches [GET] "/logout"):
  
Started GET "/users/1" for ::1 at 2025-10-03 22:43:03 +0900
Processing by UsersController#show as HTML
  Parameters: {"id" => "1"}
  [1m[36mUser Load (0.5ms)[0m  [1m[34mSELECT "users".* FROM "users" WHERE "users"."id" = 1 LIMIT 1 /*action='show',application='CareApp2',controller='users'*/[0m
  ↳ app/controllers/users_controller.rb:46:in 'UsersController#set_user'
  [1m[36mCACHE User Load (0.0ms)[0m  [1m[34mSELECT "users".* FROM "users" WHERE "users"."id" = 1 LIMIT 1[0m
  ↳ app/controllers/application_controller.rb:4:in 'ApplicationController#current_user'
  Rendering layout layouts/application.html.erb
  Rendering users/show.html.erb within layouts/application
  [1m[36mActiveStorage::Attachment Load (0.3ms)[0m  [1m[34mSELECT "active_storage_attachments".* FROM "active_storage_attachments" WHERE "active_storage_attachments"."record_id" = 1 AND "active_storage_attachments"."record_type" = 'User' AND "active_storage_attachments"."name" = 'avatar' LIMIT 1 /*action='show',application='CareApp2',controller='users'*/[0m
  ↳ app/views/users/show.html.erb:15
  Rendered users/show.html.erb within layouts/application (Duration: 1.9ms | GC: 0.0ms)
  Rendered layout layouts/application.html.erb (Duration: 2.5ms | GC: 0.0ms)
Completed 200 OK in 115ms (Views: 2.5ms | ActiveRecord: 0.8ms (3 queries, 1 cached) | GC: 0.0ms)


Started GET "/logout" for ::1 at 2025-10-03 22:46:05 +0900
  [1m[36mActiveRecord::SchemaMigration Load (0.6ms)[0m  [1m[34mSELECT "schema_migrations"."version" FROM "schema_migrations" ORDER BY "schema_migrations"."version" ASC /*application='CareApp2'*/[0m
  
ActionController::RoutingError (No route matches [GET] "/logout"):
  
Started GET "/logout" for ::1 at 2025-10-03 22:46:08 +0900
  
ActionController::RoutingError (No route matches [GET] "/logout"):
  
Started GET "/logout" for ::1 at 2025-10-03 22:47:48 +0900
  [1m[36mActiveRecord::SchemaMigration Load (0.6ms)[0m  [1m[34mSELECT "schema_migrations"."version" FROM "schema_migrations" ORDER BY "schema_migrations"."version" ASC /*application='CareApp2'*/[0m
  
ActionController::RoutingError (No route matches [GET] "/logout"):
  
Started GET "/logout" for ::1 at 2025-10-03 22:47:51 +0900
  
ActionController::RoutingError (No route matches [GET] "/logout"):
  
Started GET "/logout" for ::1 at 2025-10-03 22:47:55 +0900
  
ActionController::RoutingError (No route matches [GET] "/logout"):
  
Started GET "/logout" for ::1 at 2025-10-03 22:51:02 +0900
  
ActionController::RoutingError (No route matches [GET] "/logout"):
  
Started GET "/logout" for ::1 at 2025-10-03 22:51:04 +0900
  
ActionController::RoutingError (No route matches [GET] "/logout"):
  
Started GET "/logout" for ::1 at 2025-10-03 22:51:14 +0900
  [1m[36mActiveRecord::SchemaMigration Load (0.7ms)[0m  [1m[34mSELECT "schema_migrations"."version" FROM "schema_migrations" ORDER BY "schema_migrations"."version" ASC /*application='CareApp2'*/[0m
  
ActionController::RoutingError (No route matches [GET] "/logout"):
  
Started GET "/logout" for ::1 at 2025-10-03 22:53:47 +0900
  [1m[36mActiveRecord::SchemaMigration Load (0.8ms)[0m  [1m[34mSELECT "schema_migrations"."version" FROM "schema_migrations" ORDER BY "schema_migrations"."version" ASC /*application='CareApp2'*/[0m
Processing by SessionsController#destroy as HTML
Redirected to http://localhost:3000/login
Completed 302 Found in 111ms (ActiveRecord: 0.0ms (0 queries, 0 cached) | GC: 0.0ms)


Started GET "/login" for ::1 at 2025-10-03 22:53:48 +0900
Processing by SessionsController#new as HTML
  Rendering layout layouts/application.html.erb
  Rendering sessions/new.html.erb within layouts/application
  Rendered sessions/new.html.erb within layouts/application (Duration: 3.5ms | GC: 0.0ms)
  Rendered layout layouts/application.html.erb (Duration: 24.8ms | GC: 0.0ms)
Completed 200 OK in 131ms (Views: 28.0ms | ActiveRecord: 0.0ms (0 queries, 0 cached) | GC: 0.0ms)


Started POST "/login" for ::1 at 2025-10-03 22:53:58 +0900
Processing by SessionsController#create as TURBO_STREAM
  Parameters: {"authenticity_token" => "[FILTERED]", "email" => "[FILTERED]", "password" => "[FILTERED]", "commit" => "ログイン"}
  [1m[36mUser Load (0.6ms)[0m  [1m[34mSELECT "users".* FROM "users" WHERE "users"."email" = 'wataru1983_118@yahoo.co.jp' LIMIT 1 /*action='create',application='CareApp2',controller='sessions'*/[0m
  ↳ app/controllers/sessions_controller.rb:6:in 'SessionsController#create'
Redirected to http://localhost:3000/users/1
Completed 302 Found in 352ms (ActiveRecord: 9.7ms (1 query, 0 cached) | GC: 0.0ms)


Started GET "/users/1" for ::1 at 2025-10-03 22:53:59 +0900
Processing by UsersController#show as TURBO_STREAM
  Parameters: {"id" => "1"}
  [1m[36mUser Load (0.4ms)[0m  [1m[34mSELECT "users".* FROM "users" WHERE "users"."id" = 1 LIMIT 1 /*action='show',application='CareApp2',controller='users'*/[0m
  ↳ app/controllers/users_controller.rb:46:in 'UsersController#set_user'
  [1m[36mCACHE User Load (0.1ms)[0m  [1m[34mSELECT "users".* FROM "users" WHERE "users"."id" = 1 LIMIT 1[0m
  ↳ app/controllers/application_controller.rb:4:in 'ApplicationController#current_user'
  Rendering layout layouts/application.html.erb
  Rendering users/show.html.erb within layouts/application
  [1m[36mActiveStorage::Attachment Load (0.6ms)[0m  [1m[34mSELECT "active_storage_attachments".* FROM "active_storage_attachments" WHERE "active_storage_attachments"."record_id" = 1 AND "active_storage_attachments"."record_type" = 'User' AND "active_storage_attachments"."name" = 'avatar' LIMIT 1 /*action='show',application='CareApp2',controller='users'*/[0m
  ↳ app/views/users/show.html.erb:15
  Rendered users/show.html.erb within layouts/application (Duration: 19.4ms | GC: 0.0ms)
  Rendered layout layouts/application.html.erb (Duration: 20.1ms | GC: 0.0ms)
Completed 200 OK in 129ms (Views: 16.4ms | ActiveRecord: 5.2ms (3 queries, 1 cached) | GC: 0.0ms)


Started DELETE "/logout" for ::1 at 2025-10-03 22:54:01 +0900
Processing by SessionsController#destroy as TURBO_STREAM
  Parameters: {"authenticity_token" => "[FILTERED]"}
Redirected to http://localhost:3000/login
Completed 302 Found in 99ms (ActiveRecord: 0.0ms (0 queries, 0 cached) | GC: 0.0ms)


Started GET "/login" for ::1 at 2025-10-03 22:54:01 +0900
Processing by SessionsController#new as TURBO_STREAM
  Rendering layout layouts/application.html.erb
  Rendering sessions/new.html.erb within layouts/application
  Rendered sessions/new.html.erb within layouts/application (Duration: 1.3ms | GC: 0.0ms)
  Rendered layout layouts/application.html.erb (Duration: 1.9ms | GC: 0.0ms)
Completed 200 OK in 98ms (Views: 2.3ms | ActiveRecord: 0.0ms (0 queries, 0 cached) | GC: 0.0ms)


Started GET "/" for ::1 at 2025-10-05 13:31:34 +0900
  [1m[36mActiveRecord::SchemaMigration Load (10.2ms)[0m  [1m[34mSELECT "schema_migrations"."version" FROM "schema_migrations" ORDER BY "schema_migrations"."version" ASC /*application='CareApp2'*/[0m
Processing by SessionsController#new as HTML
  Rendering layout layouts/application.html.erb
  Rendering sessions/new.html.erb within layouts/application
  Rendered sessions/new.html.erb within layouts/application (Duration: 10.2ms | GC: 0.0ms)
  Rendered layout layouts/application.html.erb (Duration: 55.7ms | GC: 0.0ms)
Completed 200 OK in 304ms (Views: 63.8ms | ActiveRecord: 0.0ms (0 queries, 0 cached) | GC: 0.0ms)


Started POST "/login" for ::1 at 2025-10-05 13:31:56 +0900
Processing by SessionsController#create as TURBO_STREAM
  Parameters: {"authenticity_token" => "[FILTERED]", "email" => "[FILTERED]", "password" => "[FILTERED]", "commit" => "ログイン"}
  [1m[36mUser Load (1.6ms)[0m  [1m[34mSELECT "users".* FROM "users" WHERE "users"."email" = 'wataru1983_118@yahoo.co.jp' LIMIT 1 /*action='create',application='CareApp2',controller='sessions'*/[0m
  ↳ app/controllers/sessions_controller.rb:6:in 'SessionsController#create'
Redirected to http://localhost:3000/users/1
Completed 302 Found in 660ms (ActiveRecord: 260.1ms (1 query, 0 cached) | GC: 0.0ms)


Started GET "/users/1" for ::1 at 2025-10-05 13:31:57 +0900
Processing by UsersController#show as TURBO_STREAM
  Parameters: {"id" => "1"}
  [1m[36mUser Load (0.9ms)[0m  [1m[34mSELECT "users".* FROM "users" WHERE "users"."id" = 1 LIMIT 1 /*action='show',application='CareApp2',controller='users'*/[0m
  ↳ app/controllers/users_controller.rb:46:in 'UsersController#set_user'
  [1m[36mCACHE User Load (0.0ms)[0m  [1m[34mSELECT "users".* FROM "users" WHERE "users"."id" = 1 LIMIT 1[0m
  ↳ app/controllers/application_controller.rb:4:in 'ApplicationController#current_user'
  Rendering layout layouts/application.html.erb
  Rendering users/show.html.erb within layouts/application
  [1m[36mActiveStorage::Attachment Load (1.4ms)[0m  [1m[34mSELECT "active_storage_attachments".* FROM "active_storage_attachments" WHERE "active_storage_attachments"."record_id" = 1 AND "active_storage_attachments"."record_type" = 'User' AND "active_storage_attachments"."name" = 'avatar' LIMIT 1 /*action='show',application='CareApp2',controller='users'*/[0m
  ↳ app/views/users/show.html.erb:15
  Rendered users/show.html.erb within layouts/application (Duration: 32.6ms | GC: 0.0ms)
  Rendered layout layouts/application.html.erb (Duration: 33.6ms | GC: 0.0ms)
Completed 200 OK in 152ms (Views: 31.4ms | ActiveRecord: 4.5ms (3 queries, 1 cached) | GC: 0.0ms)


Started DELETE "/logout" for ::1 at 2025-10-05 13:32:02 +0900
Processing by SessionsController#destroy as TURBO_STREAM
  Parameters: {"authenticity_token" => "[FILTERED]"}
Redirected to http://localhost:3000/login
Completed 302 Found in 120ms (ActiveRecord: 0.0ms (0 queries, 0 cached) | GC: 0.0ms)


Started GET "/login" for ::1 at 2025-10-05 13:32:02 +0900
Processing by SessionsController#new as TURBO_STREAM
  Rendering layout layouts/application.html.erb
  Rendering sessions/new.html.erb within layouts/application
  Rendered sessions/new.html.erb within layouts/application (Duration: 2.7ms | GC: 0.0ms)
  Rendered layout layouts/application.html.erb (Duration: 3.4ms | GC: 0.0ms)
Completed 200 OK in 180ms (Views: 3.8ms | ActiveRecord: 0.0ms (0 queries, 0 cached) | GC: 0.0ms)


Started POST "/login" for ::1 at 2025-10-05 13:32:11 +0900
Processing by SessionsController#create as TURBO_STREAM
  Parameters: {"authenticity_token" => "[FILTERED]", "email" => "[FILTERED]", "password" => "[FILTERED]", "commit" => "ログイン"}
  [1m[36mUser Load (0.4ms)[0m  [1m[34mSELECT "users".* FROM "users" WHERE "users"."email" = 'wataru1983_118@yahoo.co.jp' LIMIT 1 /*action='create',application='CareApp2',controller='sessions'*/[0m
  ↳ app/controllers/sessions_controller.rb:6:in 'SessionsController#create'
Redirected to http://localhost:3000/users/1
Completed 302 Found in 332ms (ActiveRecord: 0.4ms (1 query, 0 cached) | GC: 0.0ms)


Started GET "/users/1" for ::1 at 2025-10-05 13:32:11 +0900
Processing by UsersController#show as TURBO_STREAM
  Parameters: {"id" => "1"}
  [1m[36mUser Load (0.3ms)[0m  [1m[34mSELECT "users".* FROM "users" WHERE "users"."id" = 1 LIMIT 1 /*action='show',application='CareApp2',controller='users'*/[0m
  ↳ app/controllers/users_controller.rb:46:in 'UsersController#set_user'
  [1m[36mCACHE User Load (0.0ms)[0m  [1m[34mSELECT "users".* FROM "users" WHERE "users"."id" = 1 LIMIT 1[0m
  ↳ app/controllers/application_controller.rb:4:in 'ApplicationController#current_user'
  Rendering layout layouts/application.html.erb
  Rendering users/show.html.erb within layouts/application
  [1m[36mActiveStorage::Attachment Load (0.3ms)[0m  [1m[34mSELECT "active_storage_attachments".* FROM "active_storage_attachments" WHERE "active_storage_attachments"."record_id" = 1 AND "active_storage_attachments"."record_type" = 'User' AND "active_storage_attachments"."name" = 'avatar' LIMIT 1 /*action='show',application='CareApp2',controller='users'*/[0m
  ↳ app/views/users/show.html.erb:15
  Rendered users/show.html.erb within layouts/application (Duration: 2.6ms | GC: 0.0ms)
  Rendered layout layouts/application.html.erb (Duration: 3.9ms | GC: 0.0ms)
Completed 200 OK in 177ms (Views: 4.3ms | ActiveRecord: 0.5ms (3 queries, 1 cached) | GC: 0.0ms)


Started GET "/users/1/edit" for ::1 at 2025-10-05 13:32:13 +0900
Processing by UsersController#edit as HTML
  Parameters: {"id" => "1"}
  [1m[36mUser Load (0.4ms)[0m  [1m[34mSELECT "users".* FROM "users" WHERE "users"."id" = 1 LIMIT 1 /*action='edit',application='CareApp2',controller='users'*/[0m
  ↳ app/controllers/users_controller.rb:46:in 'UsersController#set_user'
  [1m[36mCACHE User Load (0.0ms)[0m  [1m[34mSELECT "users".* FROM "users" WHERE "users"."id" = 1 LIMIT 1[0m
  ↳ app/controllers/application_controller.rb:4:in 'ApplicationController#current_user'
Completed 406 Not Acceptable in 143ms (ActiveRecord: 0.4ms (2 queries, 1 cached) | GC: 0.0ms)


  
ActionController::MissingExactTemplate (UsersController#edit is missing a template for request formats: text/html):
  
actionpack (8.0.3) lib/action_controller/metal/implicit_render.rb:49:in 'ActionController::ImplicitRender#default_render'
actionpack (8.0.3) lib/action_controller/metal/basic_implicit_render.rb:9:in 'ActionController::BasicImplicitRender#send_action'
actionpack (8.0.3) lib/abstract_controller/base.rb:215:in 'AbstractController::Base#process_action'
actionpack (8.0.3) lib/action_controller/metal/rendering.rb:193:in 'ActionController::Rendering#process_action'
actionpack (8.0.3) lib/abstract_controller/callbacks.rb:261:in 'block in AbstractController::Callbacks#process_action'
activesupport (8.0.3) lib/active_support/callbacks.rb:120:in 'block in ActiveSupport::Callbacks#run_callbacks'
turbo-rails (2.0.17) lib/turbo-rails.rb:24:in 'Turbo.with_request_id'
turbo-rails (2.0.17) app/controllers/concerns/turbo/request_id_tracking.rb:10:in 'Turbo::RequestIdTracking#turbo_tracking_request_id'
activesupport (8.0.3) lib/active_support/callbacks.rb:129:in 'block in ActiveSupport::Callbacks#run_callbacks'
actiontext (8.0.3) lib/action_text/rendering.rb:25:in 'ActionText::Rendering::ClassMethods#with_renderer'
actiontext (8.0.3) lib/action_text/engine.rb:71:in 'block (4 levels) in <class:Engine>'
activesupport (8.0.3) lib/active_support/callbacks.rb:129:in 'BasicObject#instance_exec'
activesupport (8.0.3) lib/active_support/callbacks.rb:129:in 'block in ActiveSupport::Callbacks#run_callbacks'
activesupport (8.0.3) lib/active_support/callbacks.rb:140:in 'ActiveSupport::Callbacks#run_callbacks'
actionpack (8.0.3) lib/abstract_controller/callbacks.rb:260:in 'AbstractController::Callbacks#process_action'
actionpack (8.0.3) lib/action_controller/metal/rescue.rb:27:in 'ActionController::Rescue#process_action'
actionpack (8.0.3) lib/action_controller/metal/instrumentation.rb:76:in 'block in ActionController::Instrumentation#process_action'
activesupport (8.0.3) lib/active_support/notifications.rb:210:in 'block in ActiveSupport::Notifications.instrument'
activesupport (8.0.3) lib/active_support/notifications/instrumenter.rb:58:in 'ActiveSupport::Notifications::Instrumenter#instrument'
activesupport (8.0.3) lib/active_support/notifications.rb:210:in 'ActiveSupport::Notifications.instrument'
actionpack (8.0.3) lib/action_controller/metal/instrumentation.rb:75:in 'ActionController::Instrumentation#process_action'
actionpack (8.0.3) lib/action_controller/metal/params_wrapper.rb:259:in 'ActionController::ParamsWrapper#process_action'
activerecord (8.0.3) lib/active_record/railties/controller_runtime.rb:39:in 'ActiveRecord::Railties::ControllerRuntime#process_action'
actionpack (8.0.3) lib/abstract_controller/base.rb:152:in 'AbstractController::Base#process'
actionview (8.0.3) lib/action_view/rendering.rb:40:in 'ActionView::Rendering#process'
actionpack (8.0.3) lib/action_controller/metal.rb:252:in 'ActionController::Metal#dispatch'
actionpack (8.0.3) lib/action_controller/metal.rb:335:in 'ActionController::Metal.dispatch'
actionpack (8.0.3) lib/action_dispatch/routing/route_set.rb:67:in 'ActionDispatch::Routing::RouteSet::Dispatcher#dispatch'
actionpack (8.0.3) lib/action_dispatch/routing/route_set.rb:50:in 'ActionDispatch::Routing::RouteSet::Dispatcher#serve'
actionpack (8.0.3) lib/action_dispatch/journey/router.rb:53:in 'block in ActionDispatch::Journey::Router#serve'
actionpack (8.0.3) lib/action_dispatch/journey/router.rb:133:in 'block in ActionDispatch::Journey::Router#find_routes'
actionpack (8.0.3) lib/action_dispatch/journey/router.rb:126:in 'Array#each'
actionpack (8.0.3) lib/action_dispatch/journey/router.rb:126:in 'ActionDispatch::Journey::Router#find_routes'
actionpack (8.0.3) lib/action_dispatch/journey/router.rb:34:in 'ActionDispatch::Journey::Router#serve'
actionpack (8.0.3) lib/action_dispatch/routing/route_set.rb:908:in 'ActionDispatch::Routing::RouteSet#call'
railties (8.0.3) lib/rails/engine/lazy_route_set.rb:60:in 'Rails::Engine::LazyRouteSet#call'
rack (3.2.1) lib/rack/tempfile_reaper.rb:20:in 'Rack::TempfileReaper#call'
rack (3.2.1) lib/rack/etag.rb:29:in 'Rack::ETag#call'
rack (3.2.1) lib/rack/conditional_get.rb:31:in 'Rack::ConditionalGet#call'
rack (3.2.1) lib/rack/head.rb:15:in 'Rack::Head#call'
actionpack (8.0.3) lib/action_dispatch/http/permissions_policy.rb:38:in 'ActionDispatch::PermissionsPolicy::Middleware#call'
actionpack (8.0.3) lib/action_dispatch/http/content_security_policy.rb:38:in 'ActionDispatch::ContentSecurityPolicy::Middleware#call'
rack-session (2.1.1) lib/rack/session/abstract/id.rb:274:in 'Rack::Session::Abstract::Persisted#context'
rack-session (2.1.1) lib/rack/session/abstract/id.rb:268:in 'Rack::Session::Abstract::Persisted#call'
actionpack (8.0.3) lib/action_dispatch/middleware/cookies.rb:706:in 'ActionDispatch::Cookies#call'
activerecord (8.0.3) lib/active_record/migration.rb:670:in 'ActiveRecord::Migration::CheckPending#call'
actionpack (8.0.3) lib/action_dispatch/middleware/callbacks.rb:31:in 'block in ActionDispatch::Callbacks#call'
activesupport (8.0.3) lib/active_support/callbacks.rb:100:in 'ActiveSupport::Callbacks#run_callbacks'
actionpack (8.0.3) lib/action_dispatch/middleware/callbacks.rb:30:in 'ActionDispatch::Callbacks#call'
actionpack (8.0.3) lib/action_dispatch/middleware/executor.rb:16:in 'ActionDispatch::Executor#call'
actionpack (8.0.3) lib/action_dispatch/middleware/actionable_exceptions.rb:18:in 'ActionDispatch::ActionableExceptions#call'
actionpack (8.0.3) lib/action_dispatch/middleware/debug_exceptions.rb:31:in 'ActionDispatch::DebugExceptions#call'
web-console (4.2.1) lib/web_console/middleware.rb:132:in 'WebConsole::Middleware#call_app'
web-console (4.2.1) lib/web_console/middleware.rb:28:in 'block in WebConsole::Middleware#call'
web-console (4.2.1) lib/web_console/middleware.rb:17:in 'Kernel#catch'
web-console (4.2.1) lib/web_console/middleware.rb:17:in 'WebConsole::Middleware#call'
actionpack (8.0.3) lib/action_dispatch/middleware/show_exceptions.rb:32:in 'ActionDispatch::ShowExceptions#call'
railties (8.0.3) lib/rails/rack/logger.rb:41:in 'Rails::Rack::Logger#call_app'
railties (8.0.3) lib/rails/rack/logger.rb:29:in 'Rails::Rack::Logger#call'
actionpack (8.0.3) lib/action_dispatch/middleware/remote_ip.rb:96:in 'ActionDispatch::RemoteIp#call'
actionpack (8.0.3) lib/action_dispatch/middleware/request_id.rb:34:in 'ActionDispatch::RequestId#call'
rack (3.2.1) lib/rack/method_override.rb:28:in 'Rack::MethodOverride#call'
rack (3.2.1) lib/rack/runtime.rb:24:in 'Rack::Runtime#call'
actionpack (8.0.3) lib/action_dispatch/middleware/server_timing.rb:61:in 'block in ActionDispatch::ServerTiming#call'
actionpack (8.0.3) lib/action_dispatch/middleware/server_timing.rb:26:in 'ActionDispatch::ServerTiming::Subscriber#collect_events'
actionpack (8.0.3) lib/action_dispatch/middleware/server_timing.rb:60:in 'ActionDispatch::ServerTiming#call'
actionpack (8.0.3) lib/action_dispatch/middleware/executor.rb:16:in 'ActionDispatch::Executor#call'
propshaft (1.3.1) lib/propshaft/server.rb:37:in 'Propshaft::Server#call'
actionpack (8.0.3) lib/action_dispatch/middleware/static.rb:27:in 'ActionDispatch::Static#call'
rack (3.2.1) lib/rack/sendfile.rb:114:in 'Rack::Sendfile#call'
actionpack (8.0.3) lib/action_dispatch/middleware/host_authorization.rb:143:in 'ActionDispatch::HostAuthorization#call'
railties (8.0.3) lib/rails/engine.rb:535:in 'Rails::Engine#call'
puma (7.0.4) lib/puma/configuration.rb:299:in 'Puma::Configuration::ConfigMiddleware#call'
puma (7.0.4) lib/puma/request.rb:101:in 'block in Puma::Request#handle_request'
puma (7.0.4) lib/puma/thread_pool.rb:346:in 'Puma::ThreadPool#with_force_shutdown'
puma (7.0.4) lib/puma/request.rb:100:in 'Puma::Request#handle_request'
puma (7.0.4) lib/puma/server.rb:506:in 'Puma::Server#process_client'
puma (7.0.4) lib/puma/server.rb:265:in 'block in Puma::Server#run'
puma (7.0.4) lib/puma/thread_pool.rb:173:in 'block in Puma::ThreadPool#spawn_thread'
Started GET "/users/1" for ::1 at 2025-10-05 13:32:16 +0900
Started GET "/favicon.ico" for ::1 at 2025-10-05 13:32:16 +0900
Processing by UsersController#show as HTML
  Parameters: {"id" => "1"}
  
ActionController::RoutingError (No route matches [GET] "/favicon.ico"):
  
  [1m[36mUser Load (1.1ms)[0m  [1m[34mSELECT "users".* FROM "users" WHERE "users"."id" = 1 LIMIT 1 /*action='show',application='CareApp2',controller='users'*/[0m
  ↳ app/controllers/users_controller.rb:46:in 'UsersController#set_user'
  [1m[36mCACHE User Load (0.0ms)[0m  [1m[34mSELECT "users".* FROM "users" WHERE "users"."id" = 1 LIMIT 1[0m
  ↳ app/controllers/application_controller.rb:4:in 'ApplicationController#current_user'
  Rendering layout layouts/application.html.erb
  Rendering users/show.html.erb within layouts/application
  [1m[36mActiveStorage::Attachment Load (1.1ms)[0m  [1m[34mSELECT "active_storage_attachments".* FROM "active_storage_attachments" WHERE "active_storage_attachments"."record_id" = 1 AND "active_storage_attachments"."record_type" = 'User' AND "active_storage_attachments"."name" = 'avatar' LIMIT 1 /*action='show',application='CareApp2',controller='users'*/[0m
  ↳ app/views/users/show.html.erb:15
  Rendered users/show.html.erb within layouts/application (Duration: 14.6ms | GC: 1.9ms)
  Rendered layout layouts/application.html.erb (Duration: 16.7ms | GC: 2.4ms)
Completed 200 OK in 387ms (Views: 16.2ms | ActiveRecord: 2.1ms (3 queries, 1 cached) | GC: 42.0ms)


Started GET "/users/1/edit" for ::1 at 2025-10-05 14:15:40 +0900
  [1m[36mActiveRecord::SchemaMigration Load (1.0ms)[0m  [1m[34mSELECT "schema_migrations"."version" FROM "schema_migrations" ORDER BY "schema_migrations"."version" ASC /*application='CareApp2'*/[0m
Processing by UsersController#edit as HTML
  Parameters: {"id" => "1"}
  [1m[36mUser Load (1.0ms)[0m  [1m[34mSELECT "users".* FROM "users" WHERE "users"."id" = 1 LIMIT 1 /*action='edit',application='CareApp2',controller='users'*/[0m
  ↳ app/controllers/users_controller.rb:46:in 'UsersController#set_user'
  [1m[36mCACHE User Load (0.0ms)[0m  [1m[34mSELECT "users".* FROM "users" WHERE "users"."id" = 1 LIMIT 1[0m
  ↳ app/controllers/application_controller.rb:4:in 'ApplicationController#current_user'
Completed 406 Not Acceptable in 172ms (ActiveRecord: 22.3ms (2 queries, 1 cached) | GC: 0.0ms)


  
ActionController::MissingExactTemplate (UsersController#edit is missing a template for request formats: text/html):
  
actionpack (8.0.3) lib/action_controller/metal/implicit_render.rb:49:in 'ActionController::ImplicitRender#default_render'
actionpack (8.0.3) lib/action_controller/metal/basic_implicit_render.rb:9:in 'ActionController::BasicImplicitRender#send_action'
actionpack (8.0.3) lib/abstract_controller/base.rb:215:in 'AbstractController::Base#process_action'
actionpack (8.0.3) lib/action_controller/metal/rendering.rb:193:in 'ActionController::Rendering#process_action'
actionpack (8.0.3) lib/abstract_controller/callbacks.rb:261:in 'block in AbstractController::Callbacks#process_action'
activesupport (8.0.3) lib/active_support/callbacks.rb:120:in 'block in ActiveSupport::Callbacks#run_callbacks'
turbo-rails (2.0.17) lib/turbo-rails.rb:24:in 'Turbo.with_request_id'
turbo-rails (2.0.17) app/controllers/concerns/turbo/request_id_tracking.rb:10:in 'Turbo::RequestIdTracking#turbo_tracking_request_id'
activesupport (8.0.3) lib/active_support/callbacks.rb:129:in 'block in ActiveSupport::Callbacks#run_callbacks'
actiontext (8.0.3) lib/action_text/rendering.rb:25:in 'ActionText::Rendering::ClassMethods#with_renderer'
actiontext (8.0.3) lib/action_text/engine.rb:71:in 'block (4 levels) in <class:Engine>'
activesupport (8.0.3) lib/active_support/callbacks.rb:129:in 'BasicObject#instance_exec'
activesupport (8.0.3) lib/active_support/callbacks.rb:129:in 'block in ActiveSupport::Callbacks#run_callbacks'
activesupport (8.0.3) lib/active_support/callbacks.rb:140:in 'ActiveSupport::Callbacks#run_callbacks'
actionpack (8.0.3) lib/abstract_controller/callbacks.rb:260:in 'AbstractController::Callbacks#process_action'
actionpack (8.0.3) lib/action_controller/metal/rescue.rb:27:in 'ActionController::Rescue#process_action'
actionpack (8.0.3) lib/action_controller/metal/instrumentation.rb:76:in 'block in ActionController::Instrumentation#process_action'
activesupport (8.0.3) lib/active_support/notifications.rb:210:in 'block in ActiveSupport::Notifications.instrument'
activesupport (8.0.3) lib/active_support/notifications/instrumenter.rb:58:in 'ActiveSupport::Notifications::Instrumenter#instrument'
activesupport (8.0.3) lib/active_support/notifications.rb:210:in 'ActiveSupport::Notifications.instrument'
actionpack (8.0.3) lib/action_controller/metal/instrumentation.rb:75:in 'ActionController::Instrumentation#process_action'
actionpack (8.0.3) lib/action_controller/metal/params_wrapper.rb:259:in 'ActionController::ParamsWrapper#process_action'
activerecord (8.0.3) lib/active_record/railties/controller_runtime.rb:39:in 'ActiveRecord::Railties::ControllerRuntime#process_action'
actionpack (8.0.3) lib/abstract_controller/base.rb:152:in 'AbstractController::Base#process'
actionview (8.0.3) lib/action_view/rendering.rb:40:in 'ActionView::Rendering#process'
actionpack (8.0.3) lib/action_controller/metal.rb:252:in 'ActionController::Metal#dispatch'
actionpack (8.0.3) lib/action_controller/metal.rb:335:in 'ActionController::Metal.dispatch'
actionpack (8.0.3) lib/action_dispatch/routing/route_set.rb:67:in 'ActionDispatch::Routing::RouteSet::Dispatcher#dispatch'
actionpack (8.0.3) lib/action_dispatch/routing/route_set.rb:50:in 'ActionDispatch::Routing::RouteSet::Dispatcher#serve'
actionpack (8.0.3) lib/action_dispatch/journey/router.rb:53:in 'block in ActionDispatch::Journey::Router#serve'
actionpack (8.0.3) lib/action_dispatch/journey/router.rb:133:in 'block in ActionDispatch::Journey::Router#find_routes'
actionpack (8.0.3) lib/action_dispatch/journey/router.rb:126:in 'Array#each'
actionpack (8.0.3) lib/action_dispatch/journey/router.rb:126:in 'ActionDispatch::Journey::Router#find_routes'
actionpack (8.0.3) lib/action_dispatch/journey/router.rb:34:in 'ActionDispatch::Journey::Router#serve'
actionpack (8.0.3) lib/action_dispatch/routing/route_set.rb:908:in 'ActionDispatch::Routing::RouteSet#call'
railties (8.0.3) lib/rails/engine/lazy_route_set.rb:60:in 'Rails::Engine::LazyRouteSet#call'
rack (3.2.1) lib/rack/tempfile_reaper.rb:20:in 'Rack::TempfileReaper#call'
rack (3.2.1) lib/rack/etag.rb:29:in 'Rack::ETag#call'
rack (3.2.1) lib/rack/conditional_get.rb:31:in 'Rack::ConditionalGet#call'
rack (3.2.1) lib/rack/head.rb:15:in 'Rack::Head#call'
actionpack (8.0.3) lib/action_dispatch/http/permissions_policy.rb:38:in 'ActionDispatch::PermissionsPolicy::Middleware#call'
actionpack (8.0.3) lib/action_dispatch/http/content_security_policy.rb:38:in 'ActionDispatch::ContentSecurityPolicy::Middleware#call'
rack-session (2.1.1) lib/rack/session/abstract/id.rb:274:in 'Rack::Session::Abstract::Persisted#context'
rack-session (2.1.1) lib/rack/session/abstract/id.rb:268:in 'Rack::Session::Abstract::Persisted#call'
actionpack (8.0.3) lib/action_dispatch/middleware/cookies.rb:706:in 'ActionDispatch::Cookies#call'
activerecord (8.0.3) lib/active_record/migration.rb:670:in 'ActiveRecord::Migration::CheckPending#call'
actionpack (8.0.3) lib/action_dispatch/middleware/callbacks.rb:31:in 'block in ActionDispatch::Callbacks#call'
activesupport (8.0.3) lib/active_support/callbacks.rb:100:in 'ActiveSupport::Callbacks#run_callbacks'
actionpack (8.0.3) lib/action_dispatch/middleware/callbacks.rb:30:in 'ActionDispatch::Callbacks#call'
actionpack (8.0.3) lib/action_dispatch/middleware/executor.rb:16:in 'ActionDispatch::Executor#call'
actionpack (8.0.3) lib/action_dispatch/middleware/actionable_exceptions.rb:18:in 'ActionDispatch::ActionableExceptions#call'
actionpack (8.0.3) lib/action_dispatch/middleware/debug_exceptions.rb:31:in 'ActionDispatch::DebugExceptions#call'
web-console (4.2.1) lib/web_console/middleware.rb:132:in 'WebConsole::Middleware#call_app'
web-console (4.2.1) lib/web_console/middleware.rb:28:in 'block in WebConsole::Middleware#call'
web-console (4.2.1) lib/web_console/middleware.rb:17:in 'Kernel#catch'
web-console (4.2.1) lib/web_console/middleware.rb:17:in 'WebConsole::Middleware#call'
actionpack (8.0.3) lib/action_dispatch/middleware/show_exceptions.rb:32:in 'ActionDispatch::ShowExceptions#call'
railties (8.0.3) lib/rails/rack/logger.rb:41:in 'Rails::Rack::Logger#call_app'
railties (8.0.3) lib/rails/rack/logger.rb:29:in 'Rails::Rack::Logger#call'
actionpack (8.0.3) lib/action_dispatch/middleware/remote_ip.rb:96:in 'ActionDispatch::RemoteIp#call'
actionpack (8.0.3) lib/action_dispatch/middleware/request_id.rb:34:in 'ActionDispatch::RequestId#call'
rack (3.2.1) lib/rack/method_override.rb:28:in 'Rack::MethodOverride#call'
rack (3.2.1) lib/rack/runtime.rb:24:in 'Rack::Runtime#call'
actionpack (8.0.3) lib/action_dispatch/middleware/server_timing.rb:61:in 'block in ActionDispatch::ServerTiming#call'
actionpack (8.0.3) lib/action_dispatch/middleware/server_timing.rb:26:in 'ActionDispatch::ServerTiming::Subscriber#collect_events'
actionpack (8.0.3) lib/action_dispatch/middleware/server_timing.rb:60:in 'ActionDispatch::ServerTiming#call'
actionpack (8.0.3) lib/action_dispatch/middleware/executor.rb:16:in 'ActionDispatch::Executor#call'
propshaft (1.3.1) lib/propshaft/server.rb:37:in 'Propshaft::Server#call'
actionpack (8.0.3) lib/action_dispatch/middleware/static.rb:27:in 'ActionDispatch::Static#call'
rack (3.2.1) lib/rack/sendfile.rb:114:in 'Rack::Sendfile#call'
actionpack (8.0.3) lib/action_dispatch/middleware/host_authorization.rb:143:in 'ActionDispatch::HostAuthorization#call'
railties (8.0.3) lib/rails/engine.rb:535:in 'Rails::Engine#call'
puma (7.0.4) lib/puma/configuration.rb:299:in 'Puma::Configuration::ConfigMiddleware#call'
puma (7.0.4) lib/puma/request.rb:101:in 'block in Puma::Request#handle_request'
puma (7.0.4) lib/puma/thread_pool.rb:346:in 'Puma::ThreadPool#with_force_shutdown'
puma (7.0.4) lib/puma/request.rb:100:in 'Puma::Request#handle_request'
puma (7.0.4) lib/puma/server.rb:506:in 'Puma::Server#process_client'
puma (7.0.4) lib/puma/server.rb:265:in 'block in Puma::Server#run'
puma (7.0.4) lib/puma/thread_pool.rb:173:in 'block in Puma::ThreadPool#spawn_thread'
Started GET "/users/1/edit" for ::1 at 2025-10-05 14:21:21 +0900
  [1m[36mActiveRecord::SchemaMigration Load (1.3ms)[0m  [1m[34mSELECT "schema_migrations"."version" FROM "schema_migrations" ORDER BY "schema_migrations"."version" ASC /*application='CareApp2'*/[0m
Processing by UsersController#edit as HTML
  Parameters: {"id" => "1"}
  [1m[36mUser Load (0.5ms)[0m  [1m[34mSELECT "users".* FROM "users" WHERE "users"."id" = 1 LIMIT 1 /*action='edit',application='CareApp2',controller='users'*/[0m
  ↳ app/controllers/users_controller.rb:46:in 'UsersController#set_user'
  [1m[36mCACHE User Load (0.0ms)[0m  [1m[34mSELECT "users".* FROM "users" WHERE "users"."id" = 1 LIMIT 1[0m
  ↳ app/controllers/application_controller.rb:4:in 'ApplicationController#current_user'
  Rendering layout layouts/application.html.erb
  Rendering users/edit.html.erb within layouts/application
  [1m[36mActiveStorage::Attachment Load (0.7ms)[0m  [1m[34mSELECT "active_storage_attachments".* FROM "active_storage_attachments" WHERE "active_storage_attachments"."record_id" = 1 AND "active_storage_attachments"."record_type" = 'User' AND "active_storage_attachments"."name" = 'avatar' LIMIT 1 /*action='edit',application='CareApp2',controller='users'*/[0m
  ↳ app/views/users/edit.html.erb:23
  Rendered users/edit.html.erb within layouts/application (Duration: 37.3ms | GC: 0.0ms)
  Rendered layout layouts/application.html.erb (Duration: 90.9ms | GC: 0.0ms)
Completed 200 OK in 294ms (Views: 98.5ms | ActiveRecord: 27.2ms (3 queries, 1 cached) | GC: 0.0ms)


Started GET "/users/1/edit" for ::1 at 2025-10-05 14:24:37 +0900
  [1m[36mActiveRecord::SchemaMigration Load (0.8ms)[0m  [1m[34mSELECT "schema_migrations"."version" FROM "schema_migrations" ORDER BY "schema_migrations"."version" ASC /*application='CareApp2'*/[0m
  
ActiveRecord::PendingMigrationError (

Migrations are pending. To resolve this issue, run:

        bin/rails db:migrate

You have 1 pending migration:

db/migrate/20251005052355_add_profile_details_to_users.rb


):
  
activerecord (8.0.3) lib/active_record/migration.rb:742:in 'ActiveRecord::Migration.check_pending_migrations'
activerecord (8.0.3) lib/active_record/migration.rb:659:in 'block (2 levels) in ActiveRecord::Migration::CheckPending#call'
activesupport (8.0.3) lib/active_support/file_update_checker.rb:85:in 'ActiveSupport::FileUpdateChecker#execute'
activerecord (8.0.3) lib/active_record/migration.rb:664:in 'block in ActiveRecord::Migration::CheckPending#call'
activerecord (8.0.3) lib/active_record/migration.rb:656:in 'Thread::Mutex#synchronize'
activerecord (8.0.3) lib/active_record/migration.rb:656:in 'ActiveRecord::Migration::CheckPending#call'
actionpack (8.0.3) lib/action_dispatch/middleware/callbacks.rb:31:in 'block in ActionDispatch::Callbacks#call'
activesupport (8.0.3) lib/active_support/callbacks.rb:100:in 'ActiveSupport::Callbacks#run_callbacks'
actionpack (8.0.3) lib/action_dispatch/middleware/callbacks.rb:30:in 'ActionDispatch::Callbacks#call'
actionpack (8.0.3) lib/action_dispatch/middleware/executor.rb:16:in 'ActionDispatch::Executor#call'
actionpack (8.0.3) lib/action_dispatch/middleware/actionable_exceptions.rb:18:in 'ActionDispatch::ActionableExceptions#call'
actionpack (8.0.3) lib/action_dispatch/middleware/debug_exceptions.rb:31:in 'ActionDispatch::DebugExceptions#call'
web-console (4.2.1) lib/web_console/middleware.rb:132:in 'WebConsole::Middleware#call_app'
web-console (4.2.1) lib/web_console/middleware.rb:28:in 'block in WebConsole::Middleware#call'
web-console (4.2.1) lib/web_console/middleware.rb:17:in 'Kernel#catch'
web-console (4.2.1) lib/web_console/middleware.rb:17:in 'WebConsole::Middleware#call'
actionpack (8.0.3) lib/action_dispatch/middleware/show_exceptions.rb:32:in 'ActionDispatch::ShowExceptions#call'
railties (8.0.3) lib/rails/rack/logger.rb:41:in 'Rails::Rack::Logger#call_app'
railties (8.0.3) lib/rails/rack/logger.rb:29:in 'Rails::Rack::Logger#call'
actionpack (8.0.3) lib/action_dispatch/middleware/remote_ip.rb:96:in 'ActionDispatch::RemoteIp#call'
actionpack (8.0.3) lib/action_dispatch/middleware/request_id.rb:34:in 'ActionDispatch::RequestId#call'
rack (3.2.1) lib/rack/method_override.rb:28:in 'Rack::MethodOverride#call'
rack (3.2.1) lib/rack/runtime.rb:24:in 'Rack::Runtime#call'
actionpack (8.0.3) lib/action_dispatch/middleware/server_timing.rb:61:in 'block in ActionDispatch::ServerTiming#call'
actionpack (8.0.3) lib/action_dispatch/middleware/server_timing.rb:26:in 'ActionDispatch::ServerTiming::Subscriber#collect_events'
actionpack (8.0.3) lib/action_dispatch/middleware/server_timing.rb:60:in 'ActionDispatch::ServerTiming#call'
actionpack (8.0.3) lib/action_dispatch/middleware/executor.rb:16:in 'ActionDispatch::Executor#call'
propshaft (1.3.1) lib/propshaft/server.rb:37:in 'Propshaft::Server#call'
actionpack (8.0.3) lib/action_dispatch/middleware/static.rb:27:in 'ActionDispatch::Static#call'
rack (3.2.1) lib/rack/sendfile.rb:114:in 'Rack::Sendfile#call'
actionpack (8.0.3) lib/action_dispatch/middleware/host_authorization.rb:143:in 'ActionDispatch::HostAuthorization#call'
railties (8.0.3) lib/rails/engine.rb:535:in 'Rails::Engine#call'
puma (7.0.4) lib/puma/configuration.rb:299:in 'Puma::Configuration::ConfigMiddleware#call'
puma (7.0.4) lib/puma/request.rb:101:in 'block in Puma::Request#handle_request'
puma (7.0.4) lib/puma/thread_pool.rb:346:in 'Puma::ThreadPool#with_force_shutdown'
puma (7.0.4) lib/puma/request.rb:100:in 'Puma::Request#handle_request'
puma (7.0.4) lib/puma/server.rb:506:in 'Puma::Server#process_client'
puma (7.0.4) lib/puma/server.rb:265:in 'block in Puma::Server#run'
puma (7.0.4) lib/puma/thread_pool.rb:173:in 'block in Puma::ThreadPool#spawn_thread'
  [1m[35m (2.7ms)[0m  [1m[34mSELECT pg_try_advisory_lock(3619463488481394750) /*application='CareApp2'*/[0m
  [1m[36mActiveRecord::SchemaMigration Load (0.7ms)[0m  [1m[34mSELECT "schema_migrations"."version" FROM "schema_migrations" ORDER BY "schema_migrations"."version" ASC /*application='CareApp2'*/[0m
  [1m[36mActiveRecord::InternalMetadata Load (2.8ms)[0m  [1m[34mSELECT * FROM "ar_internal_metadata" WHERE "ar_internal_metadata"."key" = 'environment' ORDER BY "ar_internal_metadata"."key" ASC LIMIT 1 /*application='CareApp2'*/[0m
Migrating to AddProfileDetailsToUsers (20251005052355)
  [1m[36mTRANSACTION (0.2ms)[0m  [1m[35mBEGIN /*application='CareApp2'*/[0m
  [1m[35m (7.7ms)[0m  [1m[35mALTER TABLE "users" ADD "birth_date" date /*application='CareApp2'*/[0m
  [1m[35m (0.7ms)[0m  [1m[35mALTER TABLE "users" ADD "age" integer /*application='CareApp2'*/[0m
  [1m[35m (0.6ms)[0m  [1m[35mALTER TABLE "users" ADD "gender" character varying /*application='CareApp2'*/[0m
  [1m[35m (4.5ms)[0m  [1m[35mALTER TABLE "users" ADD "height" float /*application='CareApp2'*/[0m
  [1m[35m (0.3ms)[0m  [1m[35mALTER TABLE "users" ADD "weight" float /*application='CareApp2'*/[0m
  [1m[35m (0.2ms)[0m  [1m[35mALTER TABLE "users" ADD "primary_symptom" character varying /*application='CareApp2'*/[0m
  [1m[36mActiveRecord::SchemaMigration Create (1.0ms)[0m  [1m[32mINSERT INTO "schema_migrations" ("version") VALUES ('20251005052355') RETURNING "version" /*application='CareApp2'*/[0m
  [1m[36mTRANSACTION (3.6ms)[0m  [1m[35mCOMMIT /*application='CareApp2'*/[0m
  [1m[35m (0.2ms)[0m  [1m[34mSELECT pg_advisory_unlock(3619463488481394750) /*application='CareApp2'*/[0m
  [1m[36mActiveRecord::SchemaMigration Load (0.3ms)[0m  [1m[34mSELECT "schema_migrations"."version" FROM "schema_migrations" ORDER BY "schema_migrations"."version" ASC /*application='CareApp2'*/[0m
Started GET "/users/1/edit" for ::1 at 2025-10-05 14:24:59 +0900
  [1m[36mActiveRecord::SchemaMigration Load (0.6ms)[0m  [1m[34mSELECT "schema_migrations"."version" FROM "schema_migrations" ORDER BY "schema_migrations"."version" ASC /*application='CareApp2'*/[0m
Processing by UsersController#edit as HTML
  Parameters: {"id" => "1"}
  [1m[36mUser Load (0.4ms)[0m  [1m[34mSELECT "users".* FROM "users" WHERE "users"."id" = 1 LIMIT 1 /*action='edit',application='CareApp2',controller='users'*/[0m
  ↳ app/controllers/users_controller.rb:46:in 'UsersController#set_user'
  [1m[36mCACHE User Load (0.0ms)[0m  [1m[34mSELECT "users".* FROM "users" WHERE "users"."id" = 1 LIMIT 1[0m
  ↳ app/controllers/application_controller.rb:4:in 'ApplicationController#current_user'
  Rendering layout layouts/application.html.erb
  Rendering users/edit.html.erb within layouts/application
  [1m[36mActiveStorage::Attachment Load (0.8ms)[0m  [1m[34mSELECT "active_storage_attachments".* FROM "active_storage_attachments" WHERE "active_storage_attachments"."record_id" = 1 AND "active_storage_attachments"."record_type" = 'User' AND "active_storage_attachments"."name" = 'avatar' LIMIT 1 /*action='edit',application='CareApp2',controller='users'*/[0m
  ↳ app/views/users/edit.html.erb:23
  Rendered users/edit.html.erb within layouts/application (Duration: 53.5ms | GC: 0.0ms)
  Rendered layout layouts/application.html.erb (Duration: 77.8ms | GC: 0.0ms)
Completed 200 OK in 264ms (Views: 77.7ms | ActiveRecord: 25.8ms (3 queries, 1 cached) | GC: 0.0ms)


Started GET "/users/1/edit" for ::1 at 2025-10-05 15:27:41 +0900
  [1m[36mActiveRecord::SchemaMigration Load (2.2ms)[0m  [1m[34mSELECT "schema_migrations"."version" FROM "schema_migrations" ORDER BY "schema_migrations"."version" ASC /*application='CareApp2'*/[0m
Processing by UsersController#edit as HTML
  Parameters: {"id" => "1"}
  [1m[36mUser Load (0.5ms)[0m  [1m[34mSELECT "users".* FROM "users" WHERE "users"."id" = 1 LIMIT 1 /*action='edit',application='CareApp2',controller='users'*/[0m
  ↳ app/controllers/users_controller.rb:46:in 'UsersController#set_user'
  [1m[36mCACHE User Load (0.0ms)[0m  [1m[34mSELECT "users".* FROM "users" WHERE "users"."id" = 1 LIMIT 1[0m
  ↳ app/controllers/application_controller.rb:4:in 'ApplicationController#current_user'
  Rendering layout layouts/application.html.erb
  Rendering users/edit.html.erb within layouts/application
  [1m[36mActiveStorage::Attachment Load (0.9ms)[0m  [1m[34mSELECT "active_storage_attachments".* FROM "active_storage_attachments" WHERE "active_storage_attachments"."record_id" = 1 AND "active_storage_attachments"."record_type" = 'User' AND "active_storage_attachments"."name" = 'avatar' LIMIT 1 /*action='edit',application='CareApp2',controller='users'*/[0m
  ↳ app/views/users/edit.html.erb:23
  Rendered users/edit.html.erb within layouts/application (Duration: 33.4ms | GC: 0.0ms)
  Rendered layout layouts/application.html.erb (Duration: 54.5ms | GC: 0.0ms)
Completed 200 OK in 250ms (Views: 58.1ms | ActiveRecord: 27.1ms (3 queries, 1 cached) | GC: 0.0ms)


  [1m[35m (0.2ms)[0m  [1m[34mSELECT pg_try_advisory_lock(3619463488481394750) /*application='CareApp2'*/[0m
  [1m[36mActiveRecord::SchemaMigration Load (0.8ms)[0m  [1m[34mSELECT "schema_migrations"."version" FROM "schema_migrations" ORDER BY "schema_migrations"."version" ASC /*application='CareApp2'*/[0m
  [1m[36mActiveRecord::InternalMetadata Load (3.4ms)[0m  [1m[34mSELECT * FROM "ar_internal_metadata" WHERE "ar_internal_metadata"."key" = 'environment' ORDER BY "ar_internal_metadata"."key" ASC LIMIT 1 /*application='CareApp2'*/[0m
  [1m[35m (0.3ms)[0m  [1m[34mSELECT pg_advisory_unlock(3619463488481394750) /*application='CareApp2'*/[0m
  [1m[36mActiveRecord::SchemaMigration Load (0.2ms)[0m  [1m[34mSELECT "schema_migrations"."version" FROM "schema_migrations" ORDER BY "schema_migrations"."version" ASC /*application='CareApp2'*/[0m
Started GET "/users/1/edit" for ::1 at 2025-10-05 15:28:05 +0900
  [1m[36mActiveRecord::SchemaMigration Load (0.7ms)[0m  [1m[34mSELECT "schema_migrations"."version" FROM "schema_migrations" ORDER BY "schema_migrations"."version" ASC /*application='CareApp2'*/[0m
Processing by UsersController#edit as HTML
  Parameters: {"id" => "1"}
  [1m[36mUser Load (0.5ms)[0m  [1m[34mSELECT "users".* FROM "users" WHERE "users"."id" = 1 LIMIT 1 /*action='edit',application='CareApp2',controller='users'*/[0m
  ↳ app/controllers/users_controller.rb:46:in 'UsersController#set_user'
  [1m[36mCACHE User Load (0.0ms)[0m  [1m[34mSELECT "users".* FROM "users" WHERE "users"."id" = 1 LIMIT 1[0m
  ↳ app/controllers/application_controller.rb:4:in 'ApplicationController#current_user'
  Rendering layout layouts/application.html.erb
  Rendering users/edit.html.erb within layouts/application
  [1m[36mActiveStorage::Attachment Load (0.6ms)[0m  [1m[34mSELECT "active_storage_attachments".* FROM "active_storage_attachments" WHERE "active_storage_attachments"."record_id" = 1 AND "active_storage_attachments"."record_type" = 'User' AND "active_storage_attachments"."name" = 'avatar' LIMIT 1 /*action='edit',application='CareApp2',controller='users'*/[0m
  ↳ app/views/users/edit.html.erb:23
  Rendered users/edit.html.erb within layouts/application (Duration: 26.6ms | GC: 0.0ms)
  Rendered layout layouts/application.html.erb (Duration: 45.2ms | GC: 0.0ms)
Completed 200 OK in 201ms (Views: 46.3ms | ActiveRecord: 21.7ms (3 queries, 1 cached) | GC: 0.0ms)


Started GET "/users/1" for ::1 at 2025-10-05 15:28:24 +0900
Processing by UsersController#show as HTML
  Parameters: {"id" => "1"}
  [1m[36mUser Load (0.5ms)[0m  [1m[34mSELECT "users".* FROM "users" WHERE "users"."id" = 1 LIMIT 1 /*action='show',application='CareApp2',controller='users'*/[0m
  ↳ app/controllers/users_controller.rb:46:in 'UsersController#set_user'
  [1m[36mCACHE User Load (0.0ms)[0m  [1m[34mSELECT "users".* FROM "users" WHERE "users"."id" = 1 LIMIT 1[0m
  ↳ app/controllers/application_controller.rb:4:in 'ApplicationController#current_user'
  Rendering layout layouts/application.html.erb
  Rendering users/show.html.erb within layouts/application
  [1m[36mActiveStorage::Attachment Load (0.4ms)[0m  [1m[34mSELECT "active_storage_attachments".* FROM "active_storage_attachments" WHERE "active_storage_attachments"."record_id" = 1 AND "active_storage_attachments"."record_type" = 'User' AND "active_storage_attachments"."name" = 'avatar' LIMIT 1 /*action='show',application='CareApp2',controller='users'*/[0m
  ↳ app/views/users/show.html.erb:15
  Rendered users/show.html.erb within layouts/application (Duration: 11.1ms | GC: 0.0ms)
  Rendered layout layouts/application.html.erb (Duration: 12.4ms | GC: 0.0ms)
Completed 200 OK in 124ms (Views: 12.6ms | ActiveRecord: 0.9ms (3 queries, 1 cached) | GC: 0.0ms)


Started DELETE "/logout" for ::1 at 2025-10-05 15:29:07 +0900
Processing by SessionsController#destroy as TURBO_STREAM
  Parameters: {"authenticity_token" => "[FILTERED]"}
Redirected to http://localhost:3000/login
Completed 302 Found in 100ms (ActiveRecord: 0.0ms (0 queries, 0 cached) | GC: 0.0ms)


Started GET "/login" for ::1 at 2025-10-05 15:29:07 +0900
Processing by SessionsController#new as TURBO_STREAM
  Rendering layout layouts/application.html.erb
  Rendering sessions/new.html.erb within layouts/application
  Rendered sessions/new.html.erb within layouts/application (Duration: 2.0ms | GC: 0.0ms)
  Rendered layout layouts/application.html.erb (Duration: 2.7ms | GC: 0.0ms)
Completed 200 OK in 100ms (Views: 4.1ms | ActiveRecord: 0.0ms (0 queries, 0 cached) | GC: 0.0ms)


Started POST "/login" for ::1 at 2025-10-05 15:29:15 +0900
Processing by SessionsController#create as TURBO_STREAM
  Parameters: {"authenticity_token" => "[FILTERED]", "email" => "[FILTERED]", "password" => "[FILTERED]", "commit" => "ログイン"}
  [1m[36mUser Load (0.4ms)[0m  [1m[34mSELECT "users".* FROM "users" WHERE "users"."email" = 'wataru1983_118@yahoo.co.jp' LIMIT 1 /*action='create',application='CareApp2',controller='sessions'*/[0m
  ↳ app/controllers/sessions_controller.rb:6:in 'SessionsController#create'
Redirected to http://localhost:3000/users/1
Completed 302 Found in 323ms (ActiveRecord: 0.4ms (1 query, 0 cached) | GC: 0.0ms)


Started GET "/users/1" for ::1 at 2025-10-05 15:29:15 +0900
Processing by UsersController#show as TURBO_STREAM
  Parameters: {"id" => "1"}
  [1m[36mUser Load (0.3ms)[0m  [1m[34mSELECT "users".* FROM "users" WHERE "users"."id" = 1 LIMIT 1 /*action='show',application='CareApp2',controller='users'*/[0m
  ↳ app/controllers/users_controller.rb:46:in 'UsersController#set_user'
  [1m[36mCACHE User Load (0.0ms)[0m  [1m[34mSELECT "users".* FROM "users" WHERE "users"."id" = 1 LIMIT 1[0m
  ↳ app/controllers/application_controller.rb:4:in 'ApplicationController#current_user'
  Rendering layout layouts/application.html.erb
  Rendering users/show.html.erb within layouts/application
  [1m[36mActiveStorage::Attachment Load (0.3ms)[0m  [1m[34mSELECT "active_storage_attachments".* FROM "active_storage_attachments" WHERE "active_storage_attachments"."record_id" = 1 AND "active_storage_attachments"."record_type" = 'User' AND "active_storage_attachments"."name" = 'avatar' LIMIT 1 /*action='show',application='CareApp2',controller='users'*/[0m
  ↳ app/views/users/show.html.erb:15
  Rendered users/show.html.erb within layouts/application (Duration: 3.1ms | GC: 0.0ms)
  Rendered layout layouts/application.html.erb (Duration: 5.6ms | GC: 0.0ms)
Completed 200 OK in 111ms (Views: 5.8ms | ActiveRecord: 0.6ms (3 queries, 1 cached) | GC: 0.0ms)


Started GET "/users/1" for ::1 at 2025-10-05 15:36:30 +0900
  [1m[36mActiveRecord::SchemaMigration Load (0.6ms)[0m  [1m[34mSELECT "schema_migrations"."version" FROM "schema_migrations" ORDER BY "schema_migrations"."version" ASC /*application='CareApp2'*/[0m
Processing by UsersController#show as HTML
  Parameters: {"id" => "1"}
  [1m[36mUser Load (0.8ms)[0m  [1m[34mSELECT "users".* FROM "users" WHERE "users"."id" = 1 LIMIT 1 /*action='show',application='CareApp2',controller='users'*/[0m
  ↳ app/controllers/users_controller.rb:46:in 'UsersController#set_user'
  [1m[36mCACHE User Load (0.0ms)[0m  [1m[34mSELECT "users".* FROM "users" WHERE "users"."id" = 1 LIMIT 1[0m
  ↳ app/controllers/application_controller.rb:4:in 'ApplicationController#current_user'
  Rendering layout layouts/application.html.erb
  Rendering users/show.html.erb within layouts/application
  [1m[36mActiveStorage::Attachment Load (5.5ms)[0m  [1m[34mSELECT "active_storage_attachments".* FROM "active_storage_attachments" WHERE "active_storage_attachments"."record_id" = 1 AND "active_storage_attachments"."record_type" = 'User' AND "active_storage_attachments"."name" = 'avatar' LIMIT 1 /*action='show',application='CareApp2',controller='users'*/[0m
  ↳ app/views/users/show.html.erb:17
  Rendered users/show.html.erb within layouts/application (Duration: 19.2ms | GC: 0.0ms)
  Rendered layout layouts/application.html.erb (Duration: 39.0ms | GC: 0.0ms)
Completed 200 OK in 211ms (Views: 37.3ms | ActiveRecord: 32.0ms (3 queries, 1 cached) | GC: 0.0ms)


  [1m[35m (0.2ms)[0m  [1m[34mSELECT pg_try_advisory_lock(3619463488481394750) /*application='CareApp2'*/[0m
  [1m[36mActiveRecord::SchemaMigration Load (0.8ms)[0m  [1m[34mSELECT "schema_migrations"."version" FROM "schema_migrations" ORDER BY "schema_migrations"."version" ASC /*application='CareApp2'*/[0m
  [1m[36mActiveRecord::InternalMetadata Load (0.8ms)[0m  [1m[34mSELECT * FROM "ar_internal_metadata" WHERE "ar_internal_metadata"."key" = 'environment' ORDER BY "ar_internal_metadata"."key" ASC LIMIT 1 /*application='CareApp2'*/[0m
  [1m[35m (0.1ms)[0m  [1m[34mSELECT pg_advisory_unlock(3619463488481394750) /*application='CareApp2'*/[0m
  [1m[36mActiveRecord::SchemaMigration Load (0.1ms)[0m  [1m[34mSELECT "schema_migrations"."version" FROM "schema_migrations" ORDER BY "schema_migrations"."version" ASC /*application='CareApp2'*/[0m
Started GET "/users/1" for ::1 at 2025-10-05 15:39:56 +0900
  [1m[36mActiveRecord::SchemaMigration Load (0.6ms)[0m  [1m[34mSELECT "schema_migrations"."version" FROM "schema_migrations" ORDER BY "schema_migrations"."version" ASC /*application='CareApp2'*/[0m
Processing by UsersController#show as HTML
  Parameters: {"id" => "1"}
  [1m[36mUser Load (0.9ms)[0m  [1m[34mSELECT "users".* FROM "users" WHERE "users"."id" = 1 LIMIT 1 /*action='show',application='CareApp2',controller='users'*/[0m
  ↳ app/controllers/users_controller.rb:46:in 'UsersController#set_user'
  [1m[36mCACHE User Load (0.0ms)[0m  [1m[34mSELECT "users".* FROM "users" WHERE "users"."id" = 1 LIMIT 1[0m
  ↳ app/controllers/application_controller.rb:4:in 'ApplicationController#current_user'
  Rendering layout layouts/application.html.erb
  Rendering users/show.html.erb within layouts/application
  [1m[36mActiveStorage::Attachment Load (0.7ms)[0m  [1m[34mSELECT "active_storage_attachments".* FROM "active_storage_attachments" WHERE "active_storage_attachments"."record_id" = 1 AND "active_storage_attachments"."record_type" = 'User' AND "active_storage_attachments"."name" = 'avatar' LIMIT 1 /*action='show',application='CareApp2',controller='users'*/[0m
  ↳ app/views/users/show.html.erb:17
  Rendered users/show.html.erb within layouts/application (Duration: 21.6ms | GC: 0.0ms)
  Rendered layout layouts/application.html.erb (Duration: 41.3ms | GC: 0.0ms)
Completed 200 OK in 218ms (Views: 42.8ms | ActiveRecord: 28.0ms (3 queries, 1 cached) | GC: 0.0ms)


Started GET "/users/1" for ::1 at 2025-10-05 15:39:59 +0900
Processing by UsersController#show as HTML
  Parameters: {"id" => "1"}
  [1m[36mUser Load (0.5ms)[0m  [1m[34mSELECT "users".* FROM "users" WHERE "users"."id" = 1 LIMIT 1 /*action='show',application='CareApp2',controller='users'*/[0m
  ↳ app/controllers/users_controller.rb:46:in 'UsersController#set_user'
  [1m[36mCACHE User Load (0.0ms)[0m  [1m[34mSELECT "users".* FROM "users" WHERE "users"."id" = 1 LIMIT 1[0m
  ↳ app/controllers/application_controller.rb:4:in 'ApplicationController#current_user'
  Rendering layout layouts/application.html.erb
  Rendering users/show.html.erb within layouts/application
  [1m[36mActiveStorage::Attachment Load (0.3ms)[0m  [1m[34mSELECT "active_storage_attachments".* FROM "active_storage_attachments" WHERE "active_storage_attachments"."record_id" = 1 AND "active_storage_attachments"."record_type" = 'User' AND "active_storage_attachments"."name" = 'avatar' LIMIT 1 /*action='show',application='CareApp2',controller='users'*/[0m
  ↳ app/views/users/show.html.erb:17
  Rendered users/show.html.erb within layouts/application (Duration: 2.2ms | GC: 0.0ms)
  Rendered layout layouts/application.html.erb (Duration: 2.8ms | GC: 0.0ms)
Completed 200 OK in 102ms (Views: 2.9ms | ActiveRecord: 0.7ms (3 queries, 1 cached) | GC: 0.0ms)


Started GET "/users/1" for ::1 at 2025-10-05 15:40:00 +0900
Processing by UsersController#show as HTML
  Parameters: {"id" => "1"}
  [1m[36mUser Load (0.3ms)[0m  [1m[34mSELECT "users".* FROM "users" WHERE "users"."id" = 1 LIMIT 1 /*action='show',application='CareApp2',controller='users'*/[0m
  ↳ app/controllers/users_controller.rb:46:in 'UsersController#set_user'
  [1m[36mCACHE User Load (0.0ms)[0m  [1m[34mSELECT "users".* FROM "users" WHERE "users"."id" = 1 LIMIT 1[0m
  ↳ app/controllers/application_controller.rb:4:in 'ApplicationController#current_user'
  Rendering layout layouts/application.html.erb
  Rendering users/show.html.erb within layouts/application
  [1m[36mActiveStorage::Attachment Load (0.3ms)[0m  [1m[34mSELECT "active_storage_attachments".* FROM "active_storage_attachments" WHERE "active_storage_attachments"."record_id" = 1 AND "active_storage_attachments"."record_type" = 'User' AND "active_storage_attachments"."name" = 'avatar' LIMIT 1 /*action='show',application='CareApp2',controller='users'*/[0m
  ↳ app/views/users/show.html.erb:17
  Rendered users/show.html.erb within layouts/application (Duration: 2.5ms | GC: 0.0ms)
  Rendered layout layouts/application.html.erb (Duration: 3.1ms | GC: 0.0ms)
Completed 200 OK in 112ms (Views: 3.1ms | ActiveRecord: 0.6ms (3 queries, 1 cached) | GC: 0.0ms)


Started GET "/users/1" for ::1 at 2025-10-05 15:40:04 +0900
Processing by UsersController#show as HTML
  Parameters: {"id" => "1"}
  [1m[36mUser Load (0.5ms)[0m  [1m[34mSELECT "users".* FROM "users" WHERE "users"."id" = 1 LIMIT 1 /*action='show',application='CareApp2',controller='users'*/[0m
  ↳ app/controllers/users_controller.rb:46:in 'UsersController#set_user'
  [1m[36mCACHE User Load (0.0ms)[0m  [1m[34mSELECT "users".* FROM "users" WHERE "users"."id" = 1 LIMIT 1[0m
  ↳ app/controllers/application_controller.rb:4:in 'ApplicationController#current_user'
  Rendering layout layouts/application.html.erb
  Rendering users/show.html.erb within layouts/application
  [1m[36mActiveStorage::Attachment Load (0.3ms)[0m  [1m[34mSELECT "active_storage_attachments".* FROM "active_storage_attachments" WHERE "active_storage_attachments"."record_id" = 1 AND "active_storage_attachments"."record_type" = 'User' AND "active_storage_attachments"."name" = 'avatar' LIMIT 1 /*action='show',application='CareApp2',controller='users'*/[0m
  ↳ app/views/users/show.html.erb:17
  Rendered users/show.html.erb within layouts/application (Duration: 2.3ms | GC: 0.0ms)
  Rendered layout layouts/application.html.erb (Duration: 3.0ms | GC: 0.0ms)
Completed 200 OK in 109ms (Views: 3.0ms | ActiveRecord: 0.8ms (3 queries, 1 cached) | GC: 0.0ms)


Started GET "/users/1" for ::1 at 2025-10-05 15:44:54 +0900
  [1m[36mActiveRecord::SchemaMigration Load (0.7ms)[0m  [1m[34mSELECT "schema_migrations"."version" FROM "schema_migrations" ORDER BY "schema_migrations"."version" ASC /*application='CareApp2'*/[0m
Processing by UsersController#show as HTML
  Parameters: {"id" => "1"}
  [1m[36mUser Load (0.4ms)[0m  [1m[34mSELECT "users".* FROM "users" WHERE "users"."id" = 1 LIMIT 1 /*action='show',application='CareApp2',controller='users'*/[0m
  ↳ app/controllers/users_controller.rb:46:in 'UsersController#set_user'
  [1m[36mCACHE User Load (0.0ms)[0m  [1m[34mSELECT "users".* FROM "users" WHERE "users"."id" = 1 LIMIT 1[0m
  ↳ app/controllers/application_controller.rb:4:in 'ApplicationController#current_user'
  Rendering layout layouts/application.html.erb
  Rendering users/show.html.erb within layouts/application
  [1m[36mActiveStorage::Attachment Load (0.8ms)[0m  [1m[34mSELECT "active_storage_attachments".* FROM "active_storage_attachments" WHERE "active_storage_attachments"."record_id" = 1 AND "active_storage_attachments"."record_type" = 'User' AND "active_storage_attachments"."name" = 'avatar' LIMIT 1 /*action='show',application='CareApp2',controller='users'*/[0m
  ↳ app/views/users/show.html.erb:15
  Rendered users/show.html.erb within layouts/application (Duration: 17.5ms | GC: 0.0ms)
  Rendered layout layouts/application.html.erb (Duration: 38.6ms | GC: 0.0ms)
Completed 200 OK in 196ms (Views: 40.2ms | ActiveRecord: 22.1ms (3 queries, 1 cached) | GC: 0.0ms)


Started GET "/users/1" for ::1 at 2025-10-05 15:44:57 +0900
Processing by UsersController#show as HTML
  Parameters: {"id" => "1"}
  [1m[36mUser Load (0.4ms)[0m  [1m[34mSELECT "users".* FROM "users" WHERE "users"."id" = 1 LIMIT 1 /*action='show',application='CareApp2',controller='users'*/[0m
  ↳ app/controllers/users_controller.rb:46:in 'UsersController#set_user'
  [1m[36mCACHE User Load (0.0ms)[0m  [1m[34mSELECT "users".* FROM "users" WHERE "users"."id" = 1 LIMIT 1[0m
  ↳ app/controllers/application_controller.rb:4:in 'ApplicationController#current_user'
  Rendering layout layouts/application.html.erb
  Rendering users/show.html.erb within layouts/application
  [1m[36mActiveStorage::Attachment Load (0.3ms)[0m  [1m[34mSELECT "active_storage_attachments".* FROM "active_storage_attachments" WHERE "active_storage_attachments"."record_id" = 1 AND "active_storage_attachments"."record_type" = 'User' AND "active_storage_attachments"."name" = 'avatar' LIMIT 1 /*action='show',application='CareApp2',controller='users'*/[0m
  ↳ app/views/users/show.html.erb:15
  Rendered users/show.html.erb within layouts/application (Duration: 2.2ms | GC: 0.0ms)
  Rendered layout layouts/application.html.erb (Duration: 2.7ms | GC: 0.0ms)
Completed 200 OK in 102ms (Views: 2.7ms | ActiveRecord: 0.7ms (3 queries, 1 cached) | GC: 0.0ms)


Started GET "/users/1" for ::1 at 2025-10-05 15:45:43 +0900
Processing by UsersController#show as HTML
  Parameters: {"id" => "1"}
  [1m[36mUser Load (0.2ms)[0m  [1m[34mSELECT "users".* FROM "users" WHERE "users"."id" = 1 LIMIT 1 /*action='show',application='CareApp2',controller='users'*/[0m
  ↳ app/controllers/users_controller.rb:46:in 'UsersController#set_user'
  [1m[36mCACHE User Load (0.0ms)[0m  [1m[34mSELECT "users".* FROM "users" WHERE "users"."id" = 1 LIMIT 1[0m
  ↳ app/controllers/application_controller.rb:4:in 'ApplicationController#current_user'
  Rendering layout layouts/application.html.erb
  Rendering users/show.html.erb within layouts/application
  [1m[36mActiveStorage::Attachment Load (0.3ms)[0m  [1m[34mSELECT "active_storage_attachments".* FROM "active_storage_attachments" WHERE "active_storage_attachments"."record_id" = 1 AND "active_storage_attachments"."record_type" = 'User' AND "active_storage_attachments"."name" = 'avatar' LIMIT 1 /*action='show',application='CareApp2',controller='users'*/[0m
  ↳ app/views/users/show.html.erb:15
  Rendered users/show.html.erb within layouts/application (Duration: 11.3ms | GC: 0.0ms)
  Rendered layout layouts/application.html.erb (Duration: 13.9ms | GC: 0.0ms)
Completed 200 OK in 160ms (Views: 13.9ms | ActiveRecord: 6.7ms (3 queries, 1 cached) | GC: 0.0ms)


Started GET "/users/1" for ::1 at 2025-10-05 15:45:51 +0900
Processing by UsersController#show as HTML
  Parameters: {"id" => "1"}
  [1m[36mUser Load (0.4ms)[0m  [1m[34mSELECT "users".* FROM "users" WHERE "users"."id" = 1 LIMIT 1 /*action='show',application='CareApp2',controller='users'*/[0m
  ↳ app/controllers/users_controller.rb:46:in 'UsersController#set_user'
  [1m[36mCACHE User Load (0.0ms)[0m  [1m[34mSELECT "users".* FROM "users" WHERE "users"."id" = 1 LIMIT 1[0m
  ↳ app/controllers/application_controller.rb:4:in 'ApplicationController#current_user'
  Rendering layout layouts/application.html.erb
  Rendering users/show.html.erb within layouts/application
  [1m[36mActiveStorage::Attachment Load (0.4ms)[0m  [1m[34mSELECT "active_storage_attachments".* FROM "active_storage_attachments" WHERE "active_storage_attachments"."record_id" = 1 AND "active_storage_attachments"."record_type" = 'User' AND "active_storage_attachments"."name" = 'avatar' LIMIT 1 /*action='show',application='CareApp2',controller='users'*/[0m
  ↳ app/views/users/show.html.erb:15
  Rendered users/show.html.erb within layouts/application (Duration: 2.4ms | GC: 0.0ms)
  Rendered layout layouts/application.html.erb (Duration: 3.0ms | GC: 0.0ms)
Completed 200 OK in 104ms (Views: 2.9ms | ActiveRecord: 0.8ms (3 queries, 1 cached) | GC: 0.0ms)


Started GET "/users/1" for ::1 at 2025-10-05 15:50:42 +0900
Processing by UsersController#show as HTML
  Parameters: {"id" => "1"}
  [1m[36mUser Load (0.2ms)[0m  [1m[34mSELECT "users".* FROM "users" WHERE "users"."id" = 1 LIMIT 1 /*action='show',application='CareApp2',controller='users'*/[0m
  ↳ app/controllers/users_controller.rb:46:in 'UsersController#set_user'
  [1m[36mCACHE User Load (0.0ms)[0m  [1m[34mSELECT "users".* FROM "users" WHERE "users"."id" = 1 LIMIT 1[0m
  ↳ app/controllers/application_controller.rb:4:in 'ApplicationController#current_user'
  Rendering layout layouts/application.html.erb
  Rendering users/show.html.erb within layouts/application
  [1m[36mActiveStorage::Attachment Load (0.3ms)[0m  [1m[34mSELECT "active_storage_attachments".* FROM "active_storage_attachments" WHERE "active_storage_attachments"."record_id" = 1 AND "active_storage_attachments"."record_type" = 'User' AND "active_storage_attachments"."name" = 'avatar' LIMIT 1 /*action='show',application='CareApp2',controller='users'*/[0m
  ↳ app/views/users/show.html.erb:15
  Rendered users/show.html.erb within layouts/application (Duration: 10.6ms | GC: 0.5ms)
  Rendered layout layouts/application.html.erb (Duration: 16.2ms | GC: 0.7ms)
Completed 200 OK in 143ms (Views: 16.7ms | ActiveRecord: 5.7ms (3 queries, 1 cached) | GC: 2.3ms)


Started GET "/symptoms" for ::1 at 2025-10-05 15:50:43 +0900
Processing by SymptomsController#index as HTML
  [1m[36mUser Load (0.4ms)[0m  [1m[34mSELECT "users".* FROM "users" WHERE "users"."id" = 1 LIMIT 1 /*action='index',application='CareApp2',controller='symptoms'*/[0m
  ↳ app/controllers/application_controller.rb:4:in 'ApplicationController#current_user'
  Rendering layout layouts/application.html.erb
  Rendering symptoms/index.html.erb within layouts/application
  Rendered symptoms/index.html.erb within layouts/application (Duration: 0.9ms | GC: 0.0ms)
  Rendered layout layouts/application.html.erb (Duration: 1.6ms | GC: 0.0ms)
Completed 200 OK in 124ms (Views: 2.7ms | ActiveRecord: 0.4ms (1 query, 0 cached) | GC: 0.8ms)


Started GET "/users/1" for ::1 at 2025-10-05 15:57:05 +0900
Processing by UsersController#show as HTML
  Parameters: {"id" => "1"}
  [1m[36mUser Load (12.5ms)[0m  [1m[34mSELECT "users".* FROM "users" WHERE "users"."id" = 1 LIMIT 1 /*action='show',application='CareApp2',controller='users'*/[0m
  ↳ app/controllers/users_controller.rb:46:in 'UsersController#set_user'
  [1m[36mCACHE User Load (0.0ms)[0m  [1m[34mSELECT "users".* FROM "users" WHERE "users"."id" = 1 LIMIT 1[0m
  ↳ app/controllers/application_controller.rb:4:in 'ApplicationController#current_user'
  Rendering layout layouts/application.html.erb
  Rendering users/show.html.erb within layouts/application
  [1m[36mActiveStorage::Attachment Load (1.2ms)[0m  [1m[34mSELECT "active_storage_attachments".* FROM "active_storage_attachments" WHERE "active_storage_attachments"."record_id" = 1 AND "active_storage_attachments"."record_type" = 'User' AND "active_storage_attachments"."name" = 'avatar' LIMIT 1 /*action='show',application='CareApp2',controller='users'*/[0m
  ↳ app/views/users/show.html.erb:15
  Rendered users/show.html.erb within layouts/application (Duration: 4.2ms | GC: 0.0ms)
  Rendered layout layouts/application.html.erb (Duration: 4.9ms | GC: 0.0ms)
Completed 200 OK in 117ms (Views: 3.9ms | ActiveRecord: 19.2ms (3 queries, 1 cached) | GC: 0.3ms)


Started DELETE "/logout" for ::1 at 2025-10-05 15:57:10 +0900
Processing by SessionsController#destroy as TURBO_STREAM
  Parameters: {"authenticity_token" => "[FILTERED]"}
Redirected to http://localhost:3000/login
Completed 302 Found in 96ms (ActiveRecord: 0.0ms (0 queries, 0 cached) | GC: 0.0ms)


Started GET "/login" for ::1 at 2025-10-05 15:57:10 +0900
Processing by SessionsController#new as TURBO_STREAM
  Rendering layout layouts/application.html.erb
  Rendering sessions/new.html.erb within layouts/application
  Rendered sessions/new.html.erb within layouts/application (Duration: 3.1ms | GC: 0.0ms)
  Rendered layout layouts/application.html.erb (Duration: 3.7ms | GC: 0.0ms)
Completed 200 OK in 93ms (Views: 4.7ms | ActiveRecord: 0.0ms (0 queries, 0 cached) | GC: 0.0ms)


Started POST "/login" for ::1 at 2025-10-05 16:09:06 +0900
  [1m[36mActiveRecord::SchemaMigration Load (0.7ms)[0m  [1m[34mSELECT "schema_migrations"."version" FROM "schema_migrations" ORDER BY "schema_migrations"."version" ASC /*application='CareApp2'*/[0m
Processing by SessionsController#create as TURBO_STREAM
  Parameters: {"authenticity_token" => "[FILTERED]", "email" => "[FILTERED]", "password" => "[FILTERED]", "commit" => "ログイン"}
  [1m[36mUser Load (0.6ms)[0m  [1m[34mSELECT "users".* FROM "users" WHERE "users"."email" = 'wataru1983_118@yahoo.co.jp' LIMIT 1 /*action='create',application='CareApp2',controller='sessions'*/[0m
  ↳ app/controllers/sessions_controller.rb:6:in 'SessionsController#create'
Redirected to http://localhost:3000/users/1
Completed 302 Found in 373ms (ActiveRecord: 10.5ms (1 query, 0 cached) | GC: 0.0ms)


Started GET "/users/1" for ::1 at 2025-10-05 16:09:07 +0900
Processing by UsersController#show as TURBO_STREAM
  Parameters: {"id" => "1"}
  [1m[36mUser Load (0.3ms)[0m  [1m[34mSELECT "users".* FROM "users" WHERE "users"."id" = 1 LIMIT 1 /*action='show',application='CareApp2',controller='users'*/[0m
  ↳ app/controllers/users_controller.rb:46:in 'UsersController#set_user'
  [1m[36mCACHE User Load (0.0ms)[0m  [1m[34mSELECT "users".* FROM "users" WHERE "users"."id" = 1 LIMIT 1[0m
  ↳ app/controllers/application_controller.rb:4:in 'ApplicationController#current_user'
  Rendering layout layouts/application.html.erb
  Rendering users/show.html.erb within layouts/application
  [1m[36mActiveStorage::Attachment Load (0.5ms)[0m  [1m[34mSELECT "active_storage_attachments".* FROM "active_storage_attachments" WHERE "active_storage_attachments"."record_id" = 1 AND "active_storage_attachments"."record_type" = 'User' AND "active_storage_attachments"."name" = 'avatar' LIMIT 1 /*action='show',application='CareApp2',controller='users'*/[0m
  ↳ app/views/users/show.html.erb:15
  Rendered users/show.html.erb within layouts/application (Duration: 16.5ms | GC: 0.0ms)
  Rendered layout layouts/application.html.erb (Duration: 36.7ms | GC: 0.0ms)
Completed 200 OK in 153ms (Views: 36.2ms | ActiveRecord: 4.2ms (3 queries, 1 cached) | GC: 0.0ms)


Started GET "/symptoms" for ::1 at 2025-10-05 16:09:09 +0900
Processing by SymptomsController#index as HTML
  [1m[36mUser Load (0.5ms)[0m  [1m[34mSELECT "users".* FROM "users" WHERE "users"."id" = 1 LIMIT 1 /*action='index',application='CareApp2',controller='symptoms'*/[0m
  ↳ app/controllers/application_controller.rb:4:in 'ApplicationController#current_user'
  Rendering layout layouts/application.html.erb
  Rendering symptoms/index.html.erb within layouts/application
  Rendered symptoms/index.html.erb within layouts/application (Duration: 1.0ms | GC: 0.0ms)
  Rendered layout layouts/application.html.erb (Duration: 1.7ms | GC: 0.0ms)
Completed 200 OK in 158ms (Views: 6.6ms | ActiveRecord: 0.5ms (1 query, 0 cached) | GC: 0.0ms)


Started GET "/symptoms" for ::1 at 2025-10-05 16:09:09 +0900
Processing by SymptomsController#index as HTML
  [1m[36mUser Load (0.3ms)[0m  [1m[34mSELECT "users".* FROM "users" WHERE "users"."id" = 1 LIMIT 1 /*action='index',application='CareApp2',controller='symptoms'*/[0m
  ↳ app/controllers/application_controller.rb:4:in 'ApplicationController#current_user'
  Rendering layout layouts/application.html.erb
  Rendering symptoms/index.html.erb within layouts/application
  Rendered symptoms/index.html.erb within layouts/application (Duration: 0.9ms | GC: 0.0ms)
  Rendered layout layouts/application.html.erb (Duration: 2.1ms | GC: 0.0ms)
Completed 200 OK in 124ms (Views: 2.6ms | ActiveRecord: 0.3ms (1 query, 0 cached) | GC: 0.0ms)


  [1m[35m (0.1ms)[0m  [1m[34mSELECT pg_try_advisory_lock(3619463488481394750) /*application='CareApp2'*/[0m
  [1m[36mActiveRecord::SchemaMigration Load (0.8ms)[0m  [1m[34mSELECT "schema_migrations"."version" FROM "schema_migrations" ORDER BY "schema_migrations"."version" ASC /*application='CareApp2'*/[0m
  [1m[36mActiveRecord::InternalMetadata Load (0.6ms)[0m  [1m[34mSELECT * FROM "ar_internal_metadata" WHERE "ar_internal_metadata"."key" = 'environment' ORDER BY "ar_internal_metadata"."key" ASC LIMIT 1 /*application='CareApp2'*/[0m
Migrating to AddVideoFieldsToExercises (20251005071228)
  [1m[36mTRANSACTION (0.3ms)[0m  [1m[35mBEGIN /*application='CareApp2'*/[0m
  [1m[35m (3.9ms)[0m  [1m[35mALTER TABLE "exercises" ADD "youtube_url" character varying /*application='CareApp2'*/[0m
  [1m[35m (0.4ms)[0m  [1m[35mALTER TABLE "exercises" ADD "instoructions" text /*application='CareApp2'*/[0m
  [1m[35m (1.1ms)[0m  [1m[35mALTER TABLE "exercises" ADD "steps" text /*application='CareApp2'*/[0m
  [1m[36mTRANSACTION (0.1ms)[0m  [1m[31mROLLBACK /*application='CareApp2'*/[0m
  [1m[35m (0.5ms)[0m  [1m[34mSELECT pg_advisory_unlock(3619463488481394750) /*application='CareApp2'*/[0m
Started GET "/symptoms" for ::1 at 2025-10-05 16:16:15 +0900
  [1m[36mActiveRecord::SchemaMigration Load (0.6ms)[0m  [1m[34mSELECT "schema_migrations"."version" FROM "schema_migrations" ORDER BY "schema_migrations"."version" ASC /*application='CareApp2'*/[0m
  
ActiveRecord::PendingMigrationError (

Migrations are pending. To resolve this issue, run:

        bin/rails db:migrate

You have 1 pending migration:

db/migrate/20251005071228_add_video_fields_to_exercises.rb


):
  
activerecord (8.0.3) lib/active_record/migration.rb:742:in 'ActiveRecord::Migration.check_pending_migrations'
activerecord (8.0.3) lib/active_record/migration.rb:659:in 'block (2 levels) in ActiveRecord::Migration::CheckPending#call'
activesupport (8.0.3) lib/active_support/file_update_checker.rb:85:in 'ActiveSupport::FileUpdateChecker#execute'
activerecord (8.0.3) lib/active_record/migration.rb:664:in 'block in ActiveRecord::Migration::CheckPending#call'
activerecord (8.0.3) lib/active_record/migration.rb:656:in 'Thread::Mutex#synchronize'
activerecord (8.0.3) lib/active_record/migration.rb:656:in 'ActiveRecord::Migration::CheckPending#call'
actionpack (8.0.3) lib/action_dispatch/middleware/callbacks.rb:31:in 'block in ActionDispatch::Callbacks#call'
activesupport (8.0.3) lib/active_support/callbacks.rb:100:in 'ActiveSupport::Callbacks#run_callbacks'
actionpack (8.0.3) lib/action_dispatch/middleware/callbacks.rb:30:in 'ActionDispatch::Callbacks#call'
actionpack (8.0.3) lib/action_dispatch/middleware/executor.rb:16:in 'ActionDispatch::Executor#call'
actionpack (8.0.3) lib/action_dispatch/middleware/actionable_exceptions.rb:18:in 'ActionDispatch::ActionableExceptions#call'
actionpack (8.0.3) lib/action_dispatch/middleware/debug_exceptions.rb:31:in 'ActionDispatch::DebugExceptions#call'
web-console (4.2.1) lib/web_console/middleware.rb:132:in 'WebConsole::Middleware#call_app'
web-console (4.2.1) lib/web_console/middleware.rb:28:in 'block in WebConsole::Middleware#call'
web-console (4.2.1) lib/web_console/middleware.rb:17:in 'Kernel#catch'
web-console (4.2.1) lib/web_console/middleware.rb:17:in 'WebConsole::Middleware#call'
actionpack (8.0.3) lib/action_dispatch/middleware/show_exceptions.rb:32:in 'ActionDispatch::ShowExceptions#call'
railties (8.0.3) lib/rails/rack/logger.rb:41:in 'Rails::Rack::Logger#call_app'
railties (8.0.3) lib/rails/rack/logger.rb:29:in 'Rails::Rack::Logger#call'
actionpack (8.0.3) lib/action_dispatch/middleware/remote_ip.rb:96:in 'ActionDispatch::RemoteIp#call'
actionpack (8.0.3) lib/action_dispatch/middleware/request_id.rb:34:in 'ActionDispatch::RequestId#call'
rack (3.2.1) lib/rack/method_override.rb:28:in 'Rack::MethodOverride#call'
rack (3.2.1) lib/rack/runtime.rb:24:in 'Rack::Runtime#call'
actionpack (8.0.3) lib/action_dispatch/middleware/server_timing.rb:61:in 'block in ActionDispatch::ServerTiming#call'
actionpack (8.0.3) lib/action_dispatch/middleware/server_timing.rb:26:in 'ActionDispatch::ServerTiming::Subscriber#collect_events'
actionpack (8.0.3) lib/action_dispatch/middleware/server_timing.rb:60:in 'ActionDispatch::ServerTiming#call'
actionpack (8.0.3) lib/action_dispatch/middleware/executor.rb:16:in 'ActionDispatch::Executor#call'
propshaft (1.3.1) lib/propshaft/server.rb:37:in 'Propshaft::Server#call'
actionpack (8.0.3) lib/action_dispatch/middleware/static.rb:27:in 'ActionDispatch::Static#call'
rack (3.2.1) lib/rack/sendfile.rb:114:in 'Rack::Sendfile#call'
actionpack (8.0.3) lib/action_dispatch/middleware/host_authorization.rb:143:in 'ActionDispatch::HostAuthorization#call'
railties (8.0.3) lib/rails/engine.rb:535:in 'Rails::Engine#call'
puma (7.0.4) lib/puma/configuration.rb:299:in 'Puma::Configuration::ConfigMiddleware#call'
puma (7.0.4) lib/puma/request.rb:101:in 'block in Puma::Request#handle_request'
puma (7.0.4) lib/puma/thread_pool.rb:346:in 'Puma::ThreadPool#with_force_shutdown'
puma (7.0.4) lib/puma/request.rb:100:in 'Puma::Request#handle_request'
puma (7.0.4) lib/puma/server.rb:506:in 'Puma::Server#process_client'
puma (7.0.4) lib/puma/server.rb:265:in 'block in Puma::Server#run'
puma (7.0.4) lib/puma/thread_pool.rb:173:in 'block in Puma::ThreadPool#spawn_thread'
  [1m[35m (0.2ms)[0m  [1m[34mSELECT pg_try_advisory_lock(3619463488481394750) /*application='CareApp2'*/[0m
  [1m[36mActiveRecord::SchemaMigration Load (0.8ms)[0m  [1m[34mSELECT "schema_migrations"."version" FROM "schema_migrations" ORDER BY "schema_migrations"."version" ASC /*application='CareApp2'*/[0m
  [1m[36mActiveRecord::InternalMetadata Load (0.6ms)[0m  [1m[34mSELECT * FROM "ar_internal_metadata" WHERE "ar_internal_metadata"."key" = 'environment' ORDER BY "ar_internal_metadata"."key" ASC LIMIT 1 /*application='CareApp2'*/[0m
Migrating to AddVideoFieldsToExercises (20251005071228)
  [1m[36mTRANSACTION (0.1ms)[0m  [1m[35mBEGIN /*application='CareApp2'*/[0m
  [1m[35m (1.8ms)[0m  [1m[35mALTER TABLE "exercises" ADD "youtube_url" character varying /*application='CareApp2'*/[0m
  [1m[35m (0.3ms)[0m  [1m[35mALTER TABLE "exercises" ADD "instoructions" text /*application='CareApp2'*/[0m
  [1m[35m (1.2ms)[0m  [1m[35mALTER TABLE "exercises" ADD "steps" text /*application='CareApp2'*/[0m
  [1m[36mTRANSACTION (0.1ms)[0m  [1m[31mROLLBACK /*application='CareApp2'*/[0m
  [1m[35m (0.2ms)[0m  [1m[34mSELECT pg_advisory_unlock(3619463488481394750) /*application='CareApp2'*/[0m
  [1m[36mActiveRecord::SchemaMigration Load (0.8ms)[0m  [1m[34mSELECT "schema_migrations"."version" FROM "schema_migrations" ORDER BY "schema_migrations"."version" ASC /*application='CareApp2'*/[0m
  [1m[36mActiveRecord::SchemaMigration Load (0.2ms)[0m  [1m[34mSELECT "schema_migrations"."version" FROM "schema_migrations" ORDER BY "schema_migrations"."version" ASC /*application='CareApp2'*/[0m
  [1m[36mActiveRecord::SchemaMigration Load (0.1ms)[0m  [1m[34mSELECT "schema_migrations"."version" FROM "schema_migrations" ORDER BY "schema_migrations"."version" ASC /*application='CareApp2'*/[0m
  [1m[35m (0.1ms)[0m  [1m[34mSELECT pg_try_advisory_lock(3619463488481394750) /*application='CareApp2'*/[0m
  [1m[36mActiveRecord::SchemaMigration Load (0.1ms)[0m  [1m[34mSELECT "schema_migrations"."version" FROM "schema_migrations" ORDER BY "schema_migrations"."version" ASC /*application='CareApp2'*/[0m
Reverting AddProfileDetailsToUsers (20251005052355)
  [1m[36mTRANSACTION (0.1ms)[0m  [1m[35mBEGIN /*application='CareApp2'*/[0m
  [1m[35m (13.4ms)[0m  [1m[35mALTER TABLE "users" DROP COLUMN "primary_symptom" /*application='CareApp2'*/[0m
  [1m[35m (0.3ms)[0m  [1m[35mALTER TABLE "users" DROP COLUMN "weight" /*application='CareApp2'*/[0m
  [1m[35m (0.2ms)[0m  [1m[35mALTER TABLE "users" DROP COLUMN "height" /*application='CareApp2'*/[0m
  [1m[35m (0.2ms)[0m  [1m[35mALTER TABLE "users" DROP COLUMN "gender" /*application='CareApp2'*/[0m
  [1m[35m (0.2ms)[0m  [1m[35mALTER TABLE "users" DROP COLUMN "age" /*application='CareApp2'*/[0m
  [1m[35m (0.3ms)[0m  [1m[35mALTER TABLE "users" DROP COLUMN "birth_date" /*application='CareApp2'*/[0m
  [1m[36mActiveRecord::SchemaMigration Destroy (2.8ms)[0m  [1m[31mDELETE FROM "schema_migrations" WHERE "schema_migrations"."version" = '20251005052355' /*application='CareApp2'*/[0m
  [1m[36mTRANSACTION (0.7ms)[0m  [1m[35mCOMMIT /*application='CareApp2'*/[0m
  [1m[35m (0.2ms)[0m  [1m[34mSELECT pg_advisory_unlock(3619463488481394750) /*application='CareApp2'*/[0m
  [1m[36mActiveRecord::SchemaMigration Load (0.1ms)[0m  [1m[34mSELECT "schema_migrations"."version" FROM "schema_migrations" ORDER BY "schema_migrations"."version" ASC /*application='CareApp2'*/[0m
  [1m[35m (0.2ms)[0m  [1m[34mSELECT pg_try_advisory_lock(3619463488481394750) /*application='CareApp2'*/[0m
  [1m[36mActiveRecord::SchemaMigration Load (0.7ms)[0m  [1m[34mSELECT "schema_migrations"."version" FROM "schema_migrations" ORDER BY "schema_migrations"."version" ASC /*application='CareApp2'*/[0m
  [1m[36mActiveRecord::InternalMetadata Load (0.7ms)[0m  [1m[34mSELECT * FROM "ar_internal_metadata" WHERE "ar_internal_metadata"."key" = 'environment' ORDER BY "ar_internal_metadata"."key" ASC LIMIT 1 /*application='CareApp2'*/[0m
Migrating to AddProfileDetailsToUsers (20251005052355)
  [1m[36mTRANSACTION (0.1ms)[0m  [1m[35mBEGIN /*application='CareApp2'*/[0m
  [1m[35m (1.7ms)[0m  [1m[35mALTER TABLE "users" ADD "birth_date" date /*application='CareApp2'*/[0m
  [1m[35m (0.3ms)[0m  [1m[35mALTER TABLE "users" ADD "age" integer /*application='CareApp2'*/[0m
  [1m[35m (0.2ms)[0m  [1m[35mALTER TABLE "users" ADD "gender" character varying /*application='CareApp2'*/[0m
  [1m[35m (0.8ms)[0m  [1m[35mALTER TABLE "users" ADD "height" float /*application='CareApp2'*/[0m
  [1m[35m (0.3ms)[0m  [1m[35mALTER TABLE "users" ADD "weight" float /*application='CareApp2'*/[0m
  [1m[35m (0.3ms)[0m  [1m[35mALTER TABLE "users" ADD "primary_symptom" character varying /*application='CareApp2'*/[0m
  [1m[36mActiveRecord::SchemaMigration Create (0.3ms)[0m  [1m[32mINSERT INTO "schema_migrations" ("version") VALUES ('20251005052355') RETURNING "version" /*application='CareApp2'*/[0m
  [1m[36mTRANSACTION (2.4ms)[0m  [1m[35mCOMMIT /*application='CareApp2'*/[0m
Migrating to AddVideoUrlAndInstructionsToExercises (20251005071834)
  [1m[36mTRANSACTION (0.1ms)[0m  [1m[35mBEGIN /*application='CareApp2'*/[0m
  [1m[35m (1.4ms)[0m  [1m[35mALTER TABLE "exercises" ADD "youtube_url" character varying /*application='CareApp2'*/[0m
  [1m[35m (0.3ms)[0m  [1m[35mALTER TABLE "exercises" ADD "instructions" text /*application='CareApp2'*/[0m
  [1m[36mActiveRecord::SchemaMigration Create (0.2ms)[0m  [1m[32mINSERT INTO "schema_migrations" ("version") VALUES ('20251005071834') RETURNING "version" /*application='CareApp2'*/[0m
  [1m[36mTRANSACTION (0.9ms)[0m  [1m[35mCOMMIT /*application='CareApp2'*/[0m
  [1m[35m (1.4ms)[0m  [1m[34mSELECT pg_advisory_unlock(3619463488481394750) /*application='CareApp2'*/[0m
  [1m[36mActiveRecord::SchemaMigration Load (0.1ms)[0m  [1m[34mSELECT "schema_migrations"."version" FROM "schema_migrations" ORDER BY "schema_migrations"."version" ASC /*application='CareApp2'*/[0m
Started GET "/symptoms" for ::1 at 2025-10-05 16:19:00 +0900
  [1m[36mActiveRecord::SchemaMigration Load (0.6ms)[0m  [1m[34mSELECT "schema_migrations"."version" FROM "schema_migrations" ORDER BY "schema_migrations"."version" ASC /*application='CareApp2'*/[0m
Processing by SymptomsController#index as HTML
  [1m[36mUser Load (0.5ms)[0m  [1m[34mSELECT "users".* FROM "users" WHERE "users"."id" = 1 LIMIT 1 /*action='index',application='CareApp2',controller='symptoms'*/[0m
  ↳ app/controllers/application_controller.rb:4:in 'ApplicationController#current_user'
  Rendering layout layouts/application.html.erb
  Rendering symptoms/index.html.erb within layouts/application
  Rendered symptoms/index.html.erb within layouts/application (Duration: 1.2ms | GC: 0.0ms)
  Rendered layout layouts/application.html.erb (Duration: 20.3ms | GC: 0.0ms)
Completed 200 OK in 188ms (Views: 24.8ms | ActiveRecord: 20.0ms (1 query, 0 cached) | GC: 0.0ms)


Started GET "/symptoms" for ::1 at 2025-10-05 16:19:04 +0900
Processing by SymptomsController#index as HTML
  [1m[36mUser Load (0.5ms)[0m  [1m[34mSELECT "users".* FROM "users" WHERE "users"."id" = 1 LIMIT 1 /*action='index',application='CareApp2',controller='symptoms'*/[0m
  ↳ app/controllers/application_controller.rb:4:in 'ApplicationController#current_user'
  Rendering layout layouts/application.html.erb
  Rendering symptoms/index.html.erb within layouts/application
  Rendered symptoms/index.html.erb within layouts/application (Duration: 0.3ms | GC: 0.0ms)
  Rendered layout layouts/application.html.erb (Duration: 0.9ms | GC: 0.0ms)
Completed 200 OK in 101ms (Views: 1.2ms | ActiveRecord: 0.5ms (1 query, 0 cached) | GC: 0.0ms)


Started GET "/symptoms" for ::1 at 2025-10-05 16:19:05 +0900
Processing by SymptomsController#index as HTML
  [1m[36mUser Load (0.3ms)[0m  [1m[34mSELECT "users".* FROM "users" WHERE "users"."id" = 1 LIMIT 1 /*action='index',application='CareApp2',controller='symptoms'*/[0m
  ↳ app/controllers/application_controller.rb:4:in 'ApplicationController#current_user'
  Rendering layout layouts/application.html.erb
  Rendering symptoms/index.html.erb within layouts/application
  Rendered symptoms/index.html.erb within layouts/application (Duration: 0.3ms | GC: 0.0ms)
  Rendered layout layouts/application.html.erb (Duration: 0.9ms | GC: 0.0ms)
Completed 200 OK in 116ms (Views: 1.2ms | ActiveRecord: 0.3ms (1 query, 0 cached) | GC: 0.0ms)


Started GET "/symptoms" for ::1 at 2025-10-05 16:23:16 +0900
  [1m[36mActiveRecord::SchemaMigration Load (2.8ms)[0m  [1m[34mSELECT "schema_migrations"."version" FROM "schema_migrations" ORDER BY "schema_migrations"."version" ASC /*application='CareApp2'*/[0m
Processing by SymptomsController#index as HTML
  [1m[36mUser Load (0.7ms)[0m  [1m[34mSELECT "users".* FROM "users" WHERE "users"."id" = 1 LIMIT 1 /*action='index',application='CareApp2',controller='symptoms'*/[0m
  ↳ app/controllers/application_controller.rb:4:in 'ApplicationController#current_user'
Completed 500 Internal Server Error in 165ms (ActiveRecord: 18.3ms (1 query, 0 cached) | GC: 0.0ms)


  
Zeitwerk::NameError (expected file /Users/endouwataru/care_app2/app/models/symptom.rb to define constant Symptom, but didn't):
  
app/controllers/symptoms_controller.rb:5:in 'SymptomsController#index'
Started GET "/symptoms" for ::1 at 2025-10-05 16:24:56 +0900
Processing by SymptomsController#index as HTML
  [1m[36mUser Load (0.3ms)[0m  [1m[34mSELECT "users".* FROM "users" WHERE "users"."id" = 1 LIMIT 1 /*action='index',application='CareApp2',controller='symptoms'*/[0m
  ↳ app/controllers/application_controller.rb:4:in 'ApplicationController#current_user'
Completed 500 Internal Server Error in 137ms (ActiveRecord: 3.5ms (1 query, 0 cached) | GC: 10.2ms)


  
Zeitwerk::NameError (expected file /Users/endouwataru/care_app2/app/models/symptom.rb to define constant Symptom, but didn't):
  
app/controllers/symptoms_controller.rb:5:in 'SymptomsController#index'
Started GET "/symptoms" for ::1 at 2025-10-05 16:25:02 +0900
Processing by SymptomsController#index as HTML
  [1m[36mUser Load (0.4ms)[0m  [1m[34mSELECT "users".* FROM "users" WHERE "users"."id" = 1 LIMIT 1 /*action='index',application='CareApp2',controller='symptoms'*/[0m
  ↳ app/controllers/application_controller.rb:4:in 'ApplicationController#current_user'
Completed 500 Internal Server Error in 108ms (ActiveRecord: 0.4ms (1 query, 0 cached) | GC: 1.3ms)


  
NameError (uninitialized constant SymptomsController::Symptom):
  
app/controllers/symptoms_controller.rb:5:in 'SymptomsController#index'
Started GET "/symptoms" for ::1 at 2025-10-05 16:25:05 +0900
Processing by SymptomsController#index as HTML
  [1m[36mUser Load (0.6ms)[0m  [1m[34mSELECT "users".* FROM "users" WHERE "users"."id" = 1 LIMIT 1 /*action='index',application='CareApp2',controller='symptoms'*/[0m
  ↳ app/controllers/application_controller.rb:4:in 'ApplicationController#current_user'
Completed 500 Internal Server Error in 105ms (ActiveRecord: 0.6ms (1 query, 0 cached) | GC: 0.0ms)


  
NameError (uninitialized constant SymptomsController::Symptom):
  
app/controllers/symptoms_controller.rb:5:in 'SymptomsController#index'
Started GET "/symptoms" for ::1 at 2025-10-05 16:25:12 +0900
  [1m[36mActiveRecord::SchemaMigration Load (0.6ms)[0m  [1m[34mSELECT "schema_migrations"."version" FROM "schema_migrations" ORDER BY "schema_migrations"."version" ASC /*application='CareApp2'*/[0m
Processing by SymptomsController#index as HTML
  [1m[36mUser Load (0.8ms)[0m  [1m[34mSELECT "users".* FROM "users" WHERE "users"."id" = 1 LIMIT 1 /*action='index',application='CareApp2',controller='symptoms'*/[0m
  ↳ app/controllers/application_controller.rb:4:in 'ApplicationController#current_user'
Completed 500 Internal Server Error in 163ms (ActiveRecord: 19.5ms (1 query, 0 cached) | GC: 0.0ms)


  
Zeitwerk::NameError (expected file /Users/endouwataru/care_app2/app/models/symptom.rb to define constant Symptom, but didn't):
  
app/controllers/symptoms_controller.rb:5:in 'SymptomsController#index'
Started GET "/symptoms" for ::1 at 2025-10-05 16:28:15 +0900
Processing by SymptomsController#index as HTML
  [1m[36mUser Load (0.4ms)[0m  [1m[34mSELECT "users".* FROM "users" WHERE "users"."id" = 1 LIMIT 1 /*action='index',application='CareApp2',controller='symptoms'*/[0m
  ↳ app/controllers/application_controller.rb:4:in 'ApplicationController#current_user'
  Rendering layout layouts/application.html.erb
  Rendering symptoms/index.html.erb within layouts/application
  Rendered symptoms/index.html.erb within layouts/application (Duration: 1.8ms | GC: 0.7ms)
  Rendered layout layouts/application.html.erb (Duration: 56.9ms | GC: 24.8ms)
Completed 200 OK in 193ms (Views: 61.1ms | ActiveRecord: 3.1ms (1 query, 0 cached) | GC: 34.1ms)


Started GET "/symptoms" for ::1 at 2025-10-05 16:28:17 +0900
Processing by SymptomsController#index as HTML
  [1m[36mUser Load (0.5ms)[0m  [1m[34mSELECT "users".* FROM "users" WHERE "users"."id" = 1 LIMIT 1 /*action='index',application='CareApp2',controller='symptoms'*/[0m
  ↳ app/controllers/application_controller.rb:4:in 'ApplicationController#current_user'
  Rendering layout layouts/application.html.erb
  Rendering symptoms/index.html.erb within layouts/application
  Rendered symptoms/index.html.erb within layouts/application (Duration: 0.8ms | GC: 0.3ms)
  Rendered layout layouts/application.html.erb (Duration: 2.0ms | GC: 0.8ms)
Completed 200 OK in 101ms (Views: 2.4ms | ActiveRecord: 0.4ms (1 query, 0 cached) | GC: 2.3ms)


Started GET "/symptoms" for ::1 at 2025-10-05 16:28:34 +0900
Processing by SymptomsController#index as HTML
  [1m[36mUser Load (0.2ms)[0m  [1m[34mSELECT "users".* FROM "users" WHERE "users"."id" = 1 LIMIT 1 /*action='index',application='CareApp2',controller='symptoms'*/[0m
  ↳ app/controllers/application_controller.rb:4:in 'ApplicationController#current_user'
  Rendering layout layouts/application.html.erb
  Rendering symptoms/index.html.erb within layouts/application
  Rendered symptoms/index.html.erb within layouts/application (Duration: 1.1ms | GC: 0.0ms)
  Rendered layout layouts/application.html.erb (Duration: 4.0ms | GC: 0.3ms)
Completed 200 OK in 133ms (Views: 7.4ms | ActiveRecord: 3.2ms (1 query, 0 cached) | GC: 1.4ms)


Started GET "/symptoms" for ::1 at 2025-10-05 16:28:37 +0900
Processing by SymptomsController#index as HTML
  [1m[36mUser Load (0.4ms)[0m  [1m[34mSELECT "users".* FROM "users" WHERE "users"."id" = 1 LIMIT 1 /*action='index',application='CareApp2',controller='symptoms'*/[0m
  ↳ app/controllers/application_controller.rb:4:in 'ApplicationController#current_user'
  Rendering layout layouts/application.html.erb
  Rendering symptoms/index.html.erb within layouts/application
  Rendered symptoms/index.html.erb within layouts/application (Duration: 0.4ms | GC: 0.0ms)
  Rendered layout layouts/application.html.erb (Duration: 1.0ms | GC: 0.0ms)
Completed 200 OK in 102ms (Views: 1.3ms | ActiveRecord: 0.4ms (1 query, 0 cached) | GC: 0.0ms)


Started GET "/symptoms" for ::1 at 2025-10-05 16:28:41 +0900
Processing by SymptomsController#index as HTML
  [1m[36mUser Load (0.5ms)[0m  [1m[34mSELECT "users".* FROM "users" WHERE "users"."id" = 1 LIMIT 1 /*action='index',application='CareApp2',controller='symptoms'*/[0m
  ↳ app/controllers/application_controller.rb:4:in 'ApplicationController#current_user'
  Rendering layout layouts/application.html.erb
  Rendering symptoms/index.html.erb within layouts/application
  Rendered symptoms/index.html.erb within layouts/application (Duration: 0.4ms | GC: 0.0ms)
  Rendered layout layouts/application.html.erb (Duration: 0.9ms | GC: 0.0ms)
Completed 200 OK in 123ms (Views: 1.2ms | ActiveRecord: 0.5ms (1 query, 0 cached) | GC: 0.0ms)


Started GET "/symptoms" for ::1 at 2025-10-05 16:28:43 +0900
Processing by SymptomsController#index as HTML
  [1m[36mUser Load (0.3ms)[0m  [1m[34mSELECT "users".* FROM "users" WHERE "users"."id" = 1 LIMIT 1 /*action='index',application='CareApp2',controller='symptoms'*/[0m
  ↳ app/controllers/application_controller.rb:4:in 'ApplicationController#current_user'
  Rendering layout layouts/application.html.erb
  Rendering symptoms/index.html.erb within layouts/application
  Rendered symptoms/index.html.erb within layouts/application (Duration: 0.4ms | GC: 0.0ms)
  Rendered layout layouts/application.html.erb (Duration: 1.0ms | GC: 0.0ms)
Completed 200 OK in 114ms (Views: 1.3ms | ActiveRecord: 0.3ms (1 query, 0 cached) | GC: 0.0ms)


Started GET "/users/1" for ::1 at 2025-10-05 16:28:45 +0900
Processing by UsersController#show as HTML
  Parameters: {"id" => "1"}
  [1m[36mUser Load (0.3ms)[0m  [1m[34mSELECT "users".* FROM "users" WHERE "users"."id" = 1 LIMIT 1 /*action='show',application='CareApp2',controller='users'*/[0m
  ↳ app/controllers/users_controller.rb:46:in 'UsersController#set_user'
  [1m[36mCACHE User Load (0.0ms)[0m  [1m[34mSELECT "users".* FROM "users" WHERE "users"."id" = 1 LIMIT 1[0m
  ↳ app/controllers/application_controller.rb:4:in 'ApplicationController#current_user'
  Rendering layout layouts/application.html.erb
  Rendering users/show.html.erb within layouts/application
  [1m[36mActiveStorage::Attachment Load (0.6ms)[0m  [1m[34mSELECT "active_storage_attachments".* FROM "active_storage_attachments" WHERE "active_storage_attachments"."record_id" = 1 AND "active_storage_attachments"."record_type" = 'User' AND "active_storage_attachments"."name" = 'avatar' LIMIT 1 /*action='show',application='CareApp2',controller='users'*/[0m
  ↳ app/views/users/show.html.erb:15
  Rendered users/show.html.erb within layouts/application (Duration: 17.4ms | GC: 0.0ms)
  Rendered layout layouts/application.html.erb (Duration: 18.0ms | GC: 0.0ms)
Completed 200 OK in 134ms (Views: 14.9ms | ActiveRecord: 4.4ms (3 queries, 1 cached) | GC: 0.0ms)


Started GET "/symptoms" for ::1 at 2025-10-05 16:31:25 +0900
  [1m[36mActiveRecord::SchemaMigration Load (0.8ms)[0m  [1m[34mSELECT "schema_migrations"."version" FROM "schema_migrations" ORDER BY "schema_migrations"."version" ASC /*application='CareApp2'*/[0m
Processing by SymptomsController#index as HTML
  [1m[36mUser Load (0.4ms)[0m  [1m[34mSELECT "users".* FROM "users" WHERE "users"."id" = 1 LIMIT 1 /*action='index',application='CareApp2',controller='symptoms'*/[0m
  ↳ app/controllers/application_controller.rb:4:in 'ApplicationController#current_user'
  Rendering layout layouts/application.html.erb
  Rendering symptoms/index.html.erb within layouts/application
  Rendered symptoms/index.html.erb within layouts/application (Duration: 1.2ms | GC: 0.0ms)
  Rendered layout layouts/application.html.erb (Duration: 24.0ms | GC: 0.0ms)
Completed 200 OK in 198ms (Views: 27.5ms | ActiveRecord: 17.8ms (1 query, 0 cached) | GC: 0.0ms)


Started GET "/symptoms" for ::1 at 2025-10-05 16:31:29 +0900
Processing by SymptomsController#index as HTML
  [1m[36mUser Load (0.4ms)[0m  [1m[34mSELECT "users".* FROM "users" WHERE "users"."id" = 1 LIMIT 1 /*action='index',application='CareApp2',controller='symptoms'*/[0m
  ↳ app/controllers/application_controller.rb:4:in 'ApplicationController#current_user'
  Rendering layout layouts/application.html.erb
  Rendering symptoms/index.html.erb within layouts/application
  Rendered symptoms/index.html.erb within layouts/application (Duration: 0.4ms | GC: 0.0ms)
  Rendered layout layouts/application.html.erb (Duration: 1.1ms | GC: 0.0ms)
Completed 200 OK in 102ms (Views: 1.4ms | ActiveRecord: 0.4ms (1 query, 0 cached) | GC: 0.0ms)


Started GET "/symptoms" for ::1 at 2025-10-05 16:36:35 +0900
Processing by SymptomsController#index as HTML
  [1m[36mUser Load (0.2ms)[0m  [1m[34mSELECT "users".* FROM "users" WHERE "users"."id" = 1 LIMIT 1 /*action='index',application='CareApp2',controller='symptoms'*/[0m
  ↳ app/controllers/application_controller.rb:4:in 'ApplicationController#current_user'
  Rendering layout layouts/application.html.erb
  Rendering symptoms/index.html.erb within layouts/application
  Rendered symptoms/index.html.erb within layouts/application (Duration: 2.4ms | GC: 0.0ms)
  Rendered layout layouts/application.html.erb (Duration: 6.9ms | GC: 0.0ms)
Completed 200 OK in 140ms (Views: 9.0ms | ActiveRecord: 3.5ms (1 query, 0 cached) | GC: 0.0ms)


Started GET "/symptoms/1" for ::1 at 2025-10-05 16:36:37 +0900
Processing by SymptomsController#show as HTML
  Parameters: {"id" => "1"}
  [1m[36mUser Load (0.5ms)[0m  [1m[34mSELECT "users".* FROM "users" WHERE "users"."id" = 1 LIMIT 1 /*action='show',application='CareApp2',controller='symptoms'*/[0m
  ↳ app/controllers/application_controller.rb:4:in 'ApplicationController#current_user'
  [1m[36mSymptom Load (4.1ms)[0m  [1m[34mSELECT "symptoms".* FROM "symptoms" WHERE "symptoms"."id" = 1 LIMIT 1 /*action='show',application='CareApp2',controller='symptoms'*/[0m
  ↳ app/controllers/symptoms_controller.rb:9:in 'SymptomsController#show'
Completed 404 Not Found in 118ms (ActiveRecord: 6.5ms (2 queries, 0 cached) | GC: 0.0ms)


  
ActiveRecord::RecordNotFound (Couldn't find Symptom with 'id'="1"):
  
app/controllers/symptoms_controller.rb:9:in 'SymptomsController#show'
Started GET "/symptoms" for ::1 at 2025-10-05 16:36:47 +0900
Processing by SymptomsController#index as HTML
  [1m[36mUser Load (0.4ms)[0m  [1m[34mSELECT "users".* FROM "users" WHERE "users"."id" = 1 LIMIT 1 /*action='index',application='CareApp2',controller='symptoms'*/[0m
  ↳ app/controllers/application_controller.rb:4:in 'ApplicationController#current_user'
  Rendering layout layouts/application.html.erb
  Rendering symptoms/index.html.erb within layouts/application
  Rendered symptoms/index.html.erb within layouts/application (Duration: 0.5ms | GC: 0.0ms)
  Rendered layout layouts/application.html.erb (Duration: 1.1ms | GC: 0.0ms)
Completed 200 OK in 110ms (Views: 1.4ms | ActiveRecord: 0.4ms (1 query, 0 cached) | GC: 0.0ms)


  [1m[36mTRANSACTION (0.2ms)[0m  [1m[35mBEGIN /*application='CareApp2'*/[0m
  [1m[36mSymptom Create (4.9ms)[0m  [1m[32mINSERT INTO "symptoms" ("name", "description", "created_at", "updated_at") VALUES ('腰痛', '腰の痛み、だるさ、重い感じに効果的なセルフケア', '2025-10-05 07:41:14.339181', '2025-10-05 07:41:14.339181') RETURNING "id" /*application='CareApp2'*/[0m
  [1m[36mTRANSACTION (0.6ms)[0m  [1m[35mCOMMIT /*application='CareApp2'*/[0m
  [1m[36mTRANSACTION (0.1ms)[0m  [1m[35mBEGIN /*application='CareApp2'*/[0m
  [1m[36mSymptom Create (0.6ms)[0m  [1m[32mINSERT INTO "symptoms" ("name", "description", "created_at", "updated_at") VALUES ('肩こり', '肩の張り、こり、重い感じを和らげるセルフケア', '2025-10-05 07:41:14.351026', '2025-10-05 07:41:14.351026') RETURNING "id" /*application='CareApp2'*/[0m
  [1m[36mTRANSACTION (0.5ms)[0m  [1m[35mCOMMIT /*application='CareApp2'*/[0m
  [1m[36mTRANSACTION (0.1ms)[0m  [1m[35mBEGIN /*application='CareApp2'*/[0m
  [1m[36mSymptom Create (0.5ms)[0m  [1m[32mINSERT INTO "symptoms" ("name", "description", "created_at", "updated_at") VALUES ('首の痛み', '首のこり、寝違え、ストレートネック改善のセルフケア', '2025-10-05 07:41:14.353650', '2025-10-05 07:41:14.353650') RETURNING "id" /*application='CareApp2'*/[0m
  [1m[36mTRANSACTION (0.5ms)[0m  [1m[35mCOMMIT /*application='CareApp2'*/[0m
  [1m[36mTRANSACTION (0.1ms)[0m  [1m[35mBEGIN /*application='CareApp2'*/[0m
  [1m[36mExercise Create (3.7ms)[0m  [1m[32mINSERT INTO "exercises" ("title", "description", "steps", "duration", "symptom_id", "created_at", "updated_at", "youtube_url", "instructions") VALUES ('腰痛改善ストレッチ', '腰の筋肉をほぐし、痛みを和らげるストレッチです。', '1. 仰向けに寝る
2. 膝を胸に引き寄せる
3. 30秒キープ
4. 3回繰り返す', 10, 1, '2025-10-05 07:41:14.416201', '2025-10-05 07:41:14.416201', NULL, 'ゆっくりと呼吸しながら行ってください。') RETURNING "id" /*application='CareApp2'*/[0m
  [1m[36mTRANSACTION (4.5ms)[0m  [1m[35mCOMMIT /*application='CareApp2'*/[0m
  [1m[36mTRANSACTION (0.1ms)[0m  [1m[35mBEGIN /*application='CareApp2'*/[0m
  [1m[36mExercise Create (0.7ms)[0m  [1m[32mINSERT INTO "exercises" ("title", "description", "steps", "duration", "symptom_id", "created_at", "updated_at", "youtube_url", "instructions") VALUES ('腰回し運動', '腰の可動域を広げ、血流を改善します。', '1. 足を肩幅に開く
2. 手を腰に当てる
3. 時計回りに10回
4. 反時計回りに10回', 5, 1, '2025-10-05 07:41:14.426978', '2025-10-05 07:41:14.426978', NULL, '立った状態で行います。') RETURNING "id" /*application='CareApp2'*/[0m
  [1m[36mTRANSACTION (0.8ms)[0m  [1m[35mCOMMIT /*application='CareApp2'*/[0m
Started GET "/symptoms" for ::1 at 2025-10-05 16:41:44 +0900
  [1m[36mActiveRecord::SchemaMigration Load (1.1ms)[0m  [1m[34mSELECT "schema_migrations"."version" FROM "schema_migrations" ORDER BY "schema_migrations"."version" ASC /*application='CareApp2'*/[0m
Processing by SymptomsController#index as HTML
  [1m[36mUser Load (0.4ms)[0m  [1m[34mSELECT "users".* FROM "users" WHERE "users"."id" = 1 LIMIT 1 /*action='index',application='CareApp2',controller='symptoms'*/[0m
  ↳ app/controllers/application_controller.rb:4:in 'ApplicationController#current_user'
  Rendering layout layouts/application.html.erb
  Rendering symptoms/index.html.erb within layouts/application
  Rendered symptoms/index.html.erb within layouts/application (Duration: 1.2ms | GC: 0.0ms)
  Rendered layout layouts/application.html.erb (Duration: 20.6ms | GC: 0.0ms)
Completed 200 OK in 187ms (Views: 25.4ms | ActiveRecord: 19.4ms (1 query, 0 cached) | GC: 0.0ms)


Started GET "/symptoms/1" for ::1 at 2025-10-05 16:41:47 +0900
Processing by SymptomsController#show as HTML
  Parameters: {"id" => "1"}
  [1m[36mUser Load (0.4ms)[0m  [1m[34mSELECT "users".* FROM "users" WHERE "users"."id" = 1 LIMIT 1 /*action='show',application='CareApp2',controller='symptoms'*/[0m
  ↳ app/controllers/application_controller.rb:4:in 'ApplicationController#current_user'
  [1m[36mSymptom Load (0.3ms)[0m  [1m[34mSELECT "symptoms".* FROM "symptoms" WHERE "symptoms"."id" = 1 LIMIT 1 /*action='show',application='CareApp2',controller='symptoms'*/[0m
  ↳ app/controllers/symptoms_controller.rb:9:in 'SymptomsController#show'
  Rendering layout layouts/application.html.erb
  Rendering symptoms/show.html.erb within layouts/application
  [1m[36mExercise Exists? (0.4ms)[0m  [1m[34mSELECT 1 AS one FROM "exercises" WHERE "exercises"."symptom_id" = 1 LIMIT 1 /*action='show',application='CareApp2',controller='symptoms'*/[0m
  ↳ app/views/symptoms/show.html.erb:11
  [1m[36mExercise Load (0.4ms)[0m  [1m[34mSELECT "exercises".* FROM "exercises" WHERE "exercises"."symptom_id" = 1 /*action='show',application='CareApp2',controller='symptoms'*/[0m
  ↳ app/views/symptoms/show.html.erb:13
  [1m[36mActiveStorage::Attachment Load (1.0ms)[0m  [1m[34mSELECT "active_storage_attachments".* FROM "active_storage_attachments" WHERE "active_storage_attachments"."record_id" = 1 AND "active_storage_attachments"."record_type" = 'Exercise' AND "active_storage_attachments"."name" = 'video_file' LIMIT 1 /*action='show',application='CareApp2',controller='symptoms'*/[0m
  ↳ app/models/exercise.rb:17:in 'Exercise#has_video?'
  [1m[36mActiveStorage::Attachment Load (0.3ms)[0m  [1m[34mSELECT "active_storage_attachments".* FROM "active_storage_attachments" WHERE "active_storage_attachments"."record_id" = 2 AND "active_storage_attachments"."record_type" = 'Exercise' AND "active_storage_attachments"."name" = 'video_file' LIMIT 1 /*action='show',application='CareApp2',controller='symptoms'*/[0m
  ↳ app/models/exercise.rb:17:in 'Exercise#has_video?'
  Rendered symptoms/show.html.erb within layouts/application (Duration: 30.4ms | GC: 0.0ms)
  Rendered layout layouts/application.html.erb (Duration: 31.0ms | GC: 0.0ms)
Completed 200 OK in 164ms (Views: 26.4ms | ActiveRecord: 8.9ms (6 queries, 0 cached) | GC: 0.0ms)


Started GET "/exercises/1" for ::1 at 2025-10-05 16:41:52 +0900
  
ActionController::RoutingError (uninitialized constant ExercisesController)
Caused by: ActionDispatch::MissingController (uninitialized constant ExercisesController)
Caused by: NameError (uninitialized constant ExercisesController)

Information for: ActionController::RoutingError (uninitialized constant ExercisesController):
  

Information for cause: ActionDispatch::MissingController (uninitialized constant ExercisesController):
  
actionpack (8.0.3) lib/action_dispatch/http/request.rb:102:in 'ActionDispatch::Request#controller_class_for'
actionpack (8.0.3) lib/action_dispatch/http/request.rb:91:in 'ActionDispatch::Request#controller_class'
actionpack (8.0.3) lib/action_dispatch/routing/route_set.rb:61:in 'ActionDispatch::Routing::RouteSet::Dispatcher#controller'
actionpack (8.0.3) lib/action_dispatch/routing/route_set.rb:48:in 'ActionDispatch::Routing::RouteSet::Dispatcher#serve'
actionpack (8.0.3) lib/action_dispatch/journey/router.rb:53:in 'block in ActionDispatch::Journey::Router#serve'
actionpack (8.0.3) lib/action_dispatch/journey/router.rb:133:in 'block in ActionDispatch::Journey::Router#find_routes'
actionpack (8.0.3) lib/action_dispatch/journey/router.rb:126:in 'Array#each'
actionpack (8.0.3) lib/action_dispatch/journey/router.rb:126:in 'ActionDispatch::Journey::Router#find_routes'
actionpack (8.0.3) lib/action_dispatch/journey/router.rb:34:in 'ActionDispatch::Journey::Router#serve'
actionpack (8.0.3) lib/action_dispatch/routing/route_set.rb:908:in 'ActionDispatch::Routing::RouteSet#call'
railties (8.0.3) lib/rails/engine/lazy_route_set.rb:60:in 'Rails::Engine::LazyRouteSet#call'
rack (3.2.1) lib/rack/tempfile_reaper.rb:20:in 'Rack::TempfileReaper#call'
rack (3.2.1) lib/rack/etag.rb:29:in 'Rack::ETag#call'
rack (3.2.1) lib/rack/conditional_get.rb:31:in 'Rack::ConditionalGet#call'
rack (3.2.1) lib/rack/head.rb:15:in 'Rack::Head#call'
actionpack (8.0.3) lib/action_dispatch/http/permissions_policy.rb:38:in 'ActionDispatch::PermissionsPolicy::Middleware#call'
actionpack (8.0.3) lib/action_dispatch/http/content_security_policy.rb:38:in 'ActionDispatch::ContentSecurityPolicy::Middleware#call'
rack-session (2.1.1) lib/rack/session/abstract/id.rb:274:in 'Rack::Session::Abstract::Persisted#context'
rack-session (2.1.1) lib/rack/session/abstract/id.rb:268:in 'Rack::Session::Abstract::Persisted#call'
actionpack (8.0.3) lib/action_dispatch/middleware/cookies.rb:706:in 'ActionDispatch::Cookies#call'
activerecord (8.0.3) lib/active_record/migration.rb:670:in 'ActiveRecord::Migration::CheckPending#call'
actionpack (8.0.3) lib/action_dispatch/middleware/callbacks.rb:31:in 'block in ActionDispatch::Callbacks#call'
activesupport (8.0.3) lib/active_support/callbacks.rb:100:in 'ActiveSupport::Callbacks#run_callbacks'
actionpack (8.0.3) lib/action_dispatch/middleware/callbacks.rb:30:in 'ActionDispatch::Callbacks#call'
actionpack (8.0.3) lib/action_dispatch/middleware/executor.rb:16:in 'ActionDispatch::Executor#call'
actionpack (8.0.3) lib/action_dispatch/middleware/actionable_exceptions.rb:18:in 'ActionDispatch::ActionableExceptions#call'
actionpack (8.0.3) lib/action_dispatch/middleware/debug_exceptions.rb:31:in 'ActionDispatch::DebugExceptions#call'
web-console (4.2.1) lib/web_console/middleware.rb:132:in 'WebConsole::Middleware#call_app'
web-console (4.2.1) lib/web_console/middleware.rb:28:in 'block in WebConsole::Middleware#call'
web-console (4.2.1) lib/web_console/middleware.rb:17:in 'Kernel#catch'
web-console (4.2.1) lib/web_console/middleware.rb:17:in 'WebConsole::Middleware#call'
actionpack (8.0.3) lib/action_dispatch/middleware/show_exceptions.rb:32:in 'ActionDispatch::ShowExceptions#call'
railties (8.0.3) lib/rails/rack/logger.rb:41:in 'Rails::Rack::Logger#call_app'
railties (8.0.3) lib/rails/rack/logger.rb:29:in 'Rails::Rack::Logger#call'
actionpack (8.0.3) lib/action_dispatch/middleware/remote_ip.rb:96:in 'ActionDispatch::RemoteIp#call'
actionpack (8.0.3) lib/action_dispatch/middleware/request_id.rb:34:in 'ActionDispatch::RequestId#call'
rack (3.2.1) lib/rack/method_override.rb:28:in 'Rack::MethodOverride#call'
rack (3.2.1) lib/rack/runtime.rb:24:in 'Rack::Runtime#call'
actionpack (8.0.3) lib/action_dispatch/middleware/server_timing.rb:61:in 'block in ActionDispatch::ServerTiming#call'
actionpack (8.0.3) lib/action_dispatch/middleware/server_timing.rb:26:in 'ActionDispatch::ServerTiming::Subscriber#collect_events'
actionpack (8.0.3) lib/action_dispatch/middleware/server_timing.rb:60:in 'ActionDispatch::ServerTiming#call'
actionpack (8.0.3) lib/action_dispatch/middleware/executor.rb:16:in 'ActionDispatch::Executor#call'
propshaft (1.3.1) lib/propshaft/server.rb:37:in 'Propshaft::Server#call'
actionpack (8.0.3) lib/action_dispatch/middleware/static.rb:27:in 'ActionDispatch::Static#call'
rack (3.2.1) lib/rack/sendfile.rb:114:in 'Rack::Sendfile#call'
actionpack (8.0.3) lib/action_dispatch/middleware/host_authorization.rb:143:in 'ActionDispatch::HostAuthorization#call'
railties (8.0.3) lib/rails/engine.rb:535:in 'Rails::Engine#call'
puma (7.0.4) lib/puma/configuration.rb:299:in 'Puma::Configuration::ConfigMiddleware#call'
puma (7.0.4) lib/puma/request.rb:101:in 'block in Puma::Request#handle_request'
puma (7.0.4) lib/puma/thread_pool.rb:346:in 'Puma::ThreadPool#with_force_shutdown'
puma (7.0.4) lib/puma/request.rb:100:in 'Puma::Request#handle_request'
puma (7.0.4) lib/puma/server.rb:506:in 'Puma::Server#process_client'
puma (7.0.4) lib/puma/server.rb:265:in 'block in Puma::Server#run'
puma (7.0.4) lib/puma/thread_pool.rb:173:in 'block in Puma::ThreadPool#spawn_thread'

Information for cause: NameError (uninitialized constant ExercisesController):
  
activesupport (8.0.3) lib/active_support/inflector/methods.rb:290:in 'ActiveSupport::Inflector#constantize'
activesupport (8.0.3) lib/active_support/core_ext/string/inflections.rb:74:in 'String#constantize'
actionpack (8.0.3) lib/action_dispatch/http/request.rb:99:in 'ActionDispatch::Request#controller_class_for'
actionpack (8.0.3) lib/action_dispatch/http/request.rb:91:in 'ActionDispatch::Request#controller_class'
actionpack (8.0.3) lib/action_dispatch/routing/route_set.rb:61:in 'ActionDispatch::Routing::RouteSet::Dispatcher#controller'
actionpack (8.0.3) lib/action_dispatch/routing/route_set.rb:48:in 'ActionDispatch::Routing::RouteSet::Dispatcher#serve'
actionpack (8.0.3) lib/action_dispatch/journey/router.rb:53:in 'block in ActionDispatch::Journey::Router#serve'
actionpack (8.0.3) lib/action_dispatch/journey/router.rb:133:in 'block in ActionDispatch::Journey::Router#find_routes'
actionpack (8.0.3) lib/action_dispatch/journey/router.rb:126:in 'Array#each'
actionpack (8.0.3) lib/action_dispatch/journey/router.rb:126:in 'ActionDispatch::Journey::Router#find_routes'
actionpack (8.0.3) lib/action_dispatch/journey/router.rb:34:in 'ActionDispatch::Journey::Router#serve'
actionpack (8.0.3) lib/action_dispatch/routing/route_set.rb:908:in 'ActionDispatch::Routing::RouteSet#call'
railties (8.0.3) lib/rails/engine/lazy_route_set.rb:60:in 'Rails::Engine::LazyRouteSet#call'
rack (3.2.1) lib/rack/tempfile_reaper.rb:20:in 'Rack::TempfileReaper#call'
rack (3.2.1) lib/rack/etag.rb:29:in 'Rack::ETag#call'
rack (3.2.1) lib/rack/conditional_get.rb:31:in 'Rack::ConditionalGet#call'
rack (3.2.1) lib/rack/head.rb:15:in 'Rack::Head#call'
actionpack (8.0.3) lib/action_dispatch/http/permissions_policy.rb:38:in 'ActionDispatch::PermissionsPolicy::Middleware#call'
actionpack (8.0.3) lib/action_dispatch/http/content_security_policy.rb:38:in 'ActionDispatch::ContentSecurityPolicy::Middleware#call'
rack-session (2.1.1) lib/rack/session/abstract/id.rb:274:in 'Rack::Session::Abstract::Persisted#context'
rack-session (2.1.1) lib/rack/session/abstract/id.rb:268:in 'Rack::Session::Abstract::Persisted#call'
actionpack (8.0.3) lib/action_dispatch/middleware/cookies.rb:706:in 'ActionDispatch::Cookies#call'
activerecord (8.0.3) lib/active_record/migration.rb:670:in 'ActiveRecord::Migration::CheckPending#call'
actionpack (8.0.3) lib/action_dispatch/middleware/callbacks.rb:31:in 'block in ActionDispatch::Callbacks#call'
activesupport (8.0.3) lib/active_support/callbacks.rb:100:in 'ActiveSupport::Callbacks#run_callbacks'
actionpack (8.0.3) lib/action_dispatch/middleware/callbacks.rb:30:in 'ActionDispatch::Callbacks#call'
actionpack (8.0.3) lib/action_dispatch/middleware/executor.rb:16:in 'ActionDispatch::Executor#call'
actionpack (8.0.3) lib/action_dispatch/middleware/actionable_exceptions.rb:18:in 'ActionDispatch::ActionableExceptions#call'
actionpack (8.0.3) lib/action_dispatch/middleware/debug_exceptions.rb:31:in 'ActionDispatch::DebugExceptions#call'
web-console (4.2.1) lib/web_console/middleware.rb:132:in 'WebConsole::Middleware#call_app'
web-console (4.2.1) lib/web_console/middleware.rb:28:in 'block in WebConsole::Middleware#call'
web-console (4.2.1) lib/web_console/middleware.rb:17:in 'Kernel#catch'
web-console (4.2.1) lib/web_console/middleware.rb:17:in 'WebConsole::Middleware#call'
actionpack (8.0.3) lib/action_dispatch/middleware/show_exceptions.rb:32:in 'ActionDispatch::ShowExceptions#call'
railties (8.0.3) lib/rails/rack/logger.rb:41:in 'Rails::Rack::Logger#call_app'
railties (8.0.3) lib/rails/rack/logger.rb:29:in 'Rails::Rack::Logger#call'
actionpack (8.0.3) lib/action_dispatch/middleware/remote_ip.rb:96:in 'ActionDispatch::RemoteIp#call'
actionpack (8.0.3) lib/action_dispatch/middleware/request_id.rb:34:in 'ActionDispatch::RequestId#call'
rack (3.2.1) lib/rack/method_override.rb:28:in 'Rack::MethodOverride#call'
rack (3.2.1) lib/rack/runtime.rb:24:in 'Rack::Runtime#call'
actionpack (8.0.3) lib/action_dispatch/middleware/server_timing.rb:61:in 'block in ActionDispatch::ServerTiming#call'
actionpack (8.0.3) lib/action_dispatch/middleware/server_timing.rb:26:in 'ActionDispatch::ServerTiming::Subscriber#collect_events'
actionpack (8.0.3) lib/action_dispatch/middleware/server_timing.rb:60:in 'ActionDispatch::ServerTiming#call'
actionpack (8.0.3) lib/action_dispatch/middleware/executor.rb:16:in 'ActionDispatch::Executor#call'
propshaft (1.3.1) lib/propshaft/server.rb:37:in 'Propshaft::Server#call'
actionpack (8.0.3) lib/action_dispatch/middleware/static.rb:27:in 'ActionDispatch::Static#call'
rack (3.2.1) lib/rack/sendfile.rb:114:in 'Rack::Sendfile#call'
actionpack (8.0.3) lib/action_dispatch/middleware/host_authorization.rb:143:in 'ActionDispatch::HostAuthorization#call'
railties (8.0.3) lib/rails/engine.rb:535:in 'Rails::Engine#call'
puma (7.0.4) lib/puma/configuration.rb:299:in 'Puma::Configuration::ConfigMiddleware#call'
puma (7.0.4) lib/puma/request.rb:101:in 'block in Puma::Request#handle_request'
puma (7.0.4) lib/puma/thread_pool.rb:346:in 'Puma::ThreadPool#with_force_shutdown'
puma (7.0.4) lib/puma/request.rb:100:in 'Puma::Request#handle_request'
puma (7.0.4) lib/puma/server.rb:506:in 'Puma::Server#process_client'
puma (7.0.4) lib/puma/server.rb:265:in 'block in Puma::Server#run'
puma (7.0.4) lib/puma/thread_pool.rb:173:in 'block in Puma::ThreadPool#spawn_thread'
Started GET "/symptoms/1" for ::1 at 2025-10-05 16:41:56 +0900
Processing by SymptomsController#show as HTML
  Parameters: {"id" => "1"}
  [1m[36mUser Load (0.4ms)[0m  [1m[34mSELECT "users".* FROM "users" WHERE "users"."id" = 1 LIMIT 1 /*action='show',application='CareApp2',controller='symptoms'*/[0m
  ↳ app/controllers/application_controller.rb:4:in 'ApplicationController#current_user'
  [1m[36mSymptom Load (0.3ms)[0m  [1m[34mSELECT "symptoms".* FROM "symptoms" WHERE "symptoms"."id" = 1 LIMIT 1 /*action='show',application='CareApp2',controller='symptoms'*/[0m
  ↳ app/controllers/symptoms_controller.rb:9:in 'SymptomsController#show'
  Rendering layout layouts/application.html.erb
  Rendering symptoms/show.html.erb within layouts/application
  [1m[36mExercise Exists? (0.2ms)[0m  [1m[34mSELECT 1 AS one FROM "exercises" WHERE "exercises"."symptom_id" = 1 LIMIT 1 /*action='show',application='CareApp2',controller='symptoms'*/[0m
  ↳ app/views/symptoms/show.html.erb:11
  [1m[36mExercise Load (0.6ms)[0m  [1m[34mSELECT "exercises".* FROM "exercises" WHERE "exercises"."symptom_id" = 1 /*action='show',application='CareApp2',controller='symptoms'*/[0m
  ↳ app/views/symptoms/show.html.erb:13
  [1m[36mActiveStorage::Attachment Load (0.3ms)[0m  [1m[34mSELECT "active_storage_attachments".* FROM "active_storage_attachments" WHERE "active_storage_attachments"."record_id" = 1 AND "active_storage_attachments"."record_type" = 'Exercise' AND "active_storage_attachments"."name" = 'video_file' LIMIT 1 /*action='show',application='CareApp2',controller='symptoms'*/[0m
  ↳ app/models/exercise.rb:17:in 'Exercise#has_video?'
  [1m[36mActiveStorage::Attachment Load (0.3ms)[0m  [1m[34mSELECT "active_storage_attachments".* FROM "active_storage_attachments" WHERE "active_storage_attachments"."record_id" = 2 AND "active_storage_attachments"."record_type" = 'Exercise' AND "active_storage_attachments"."name" = 'video_file' LIMIT 1 /*action='show',application='CareApp2',controller='symptoms'*/[0m
  ↳ app/models/exercise.rb:17:in 'Exercise#has_video?'
  Rendered symptoms/show.html.erb within layouts/application (Duration: 12.3ms | GC: 0.0ms)
  Rendered layout layouts/application.html.erb (Duration: 13.0ms | GC: 0.0ms)
Completed 200 OK in 121ms (Views: 12.2ms | ActiveRecord: 1.9ms (6 queries, 0 cached) | GC: 0.0ms)


Started GET "/symptoms" for ::1 at 2025-10-05 16:42:09 +0900
Processing by SymptomsController#index as HTML
  [1m[36mUser Load (0.4ms)[0m  [1m[34mSELECT "users".* FROM "users" WHERE "users"."id" = 1 LIMIT 1 /*action='index',application='CareApp2',controller='symptoms'*/[0m
  ↳ app/controllers/application_controller.rb:4:in 'ApplicationController#current_user'
  Rendering layout layouts/application.html.erb
  Rendering symptoms/index.html.erb within layouts/application
  Rendered symptoms/index.html.erb within layouts/application (Duration: 0.6ms | GC: 0.0ms)
  Rendered layout layouts/application.html.erb (Duration: 1.7ms | GC: 0.0ms)
Completed 200 OK in 120ms (Views: 2.1ms | ActiveRecord: 0.4ms (1 query, 0 cached) | GC: 0.0ms)


  [1m[36mExercise Load (0.6ms)[0m  [1m[34mSELECT "exercises".* FROM "exercises" WHERE "exercises"."title" = '腰回し運動' LIMIT 1 /*application='CareApp2'*/[0m
  [1m[36mTRANSACTION (0.2ms)[0m  [1m[35mBEGIN /*application='CareApp2'*/[0m
  [1m[36mFavorite Load (2.6ms)[0m  [1m[34mSELECT "favorites".* FROM "favorites" WHERE "favorites"."exercise_id" = 2 /*application='CareApp2'*/[0m
  [1m[36mSchedule Load (2.1ms)[0m  [1m[34mSELECT "schedules".* FROM "schedules" WHERE "schedules"."exercise_id" = 2 /*application='CareApp2'*/[0m
  [1m[36mActiveStorage::Attachment Load (0.9ms)[0m  [1m[34mSELECT "active_storage_attachments".* FROM "active_storage_attachments" WHERE "active_storage_attachments"."record_id" = 2 AND "active_storage_attachments"."record_type" = 'Exercise' AND "active_storage_attachments"."name" = 'video_file' LIMIT 1 /*application='CareApp2'*/[0m
  [1m[36mExercise Destroy (0.6ms)[0m  [1m[31mDELETE FROM "exercises" WHERE "exercises"."id" = 2 /*application='CareApp2'*/[0m
  [1m[36mTRANSACTION (0.5ms)[0m  [1m[35mCOMMIT /*application='CareApp2'*/[0m
  [1m[36mSymptom Load (0.4ms)[0m  [1m[34mSELECT "symptoms".* FROM "symptoms" WHERE "symptoms"."name" = '腰痛' LIMIT 1 /*application='CareApp2'*/[0m
  [1m[36mTRANSACTION (0.2ms)[0m  [1m[35mBEGIN /*application='CareApp2'*/[0m
  [1m[36mExercise Load (0.6ms)[0m  [1m[34mSELECT "exercises".* FROM "exercises" WHERE "exercises"."symptom_id" = 1 /*application='CareApp2'*/[0m
  [1m[36mFavorite Load (0.3ms)[0m  [1m[34mSELECT "favorites".* FROM "favorites" WHERE "favorites"."exercise_id" = 1 /*application='CareApp2'*/[0m
  [1m[36mSchedule Load (0.2ms)[0m  [1m[34mSELECT "schedules".* FROM "schedules" WHERE "schedules"."exercise_id" = 1 /*application='CareApp2'*/[0m
  [1m[36mActiveStorage::Attachment Load (0.2ms)[0m  [1m[34mSELECT "active_storage_attachments".* FROM "active_storage_attachments" WHERE "active_storage_attachments"."record_id" = 1 AND "active_storage_attachments"."record_type" = 'Exercise' AND "active_storage_attachments"."name" = 'video_file' LIMIT 1 /*application='CareApp2'*/[0m
  [1m[36mExercise Destroy (0.3ms)[0m  [1m[31mDELETE FROM "exercises" WHERE "exercises"."id" = 1 /*application='CareApp2'*/[0m
  [1m[36mActiveStorage::Attachment Load (0.3ms)[0m  [1m[34mSELECT "active_storage_attachments".* FROM "active_storage_attachments" WHERE "active_storage_attachments"."record_id" = 1 AND "active_storage_attachments"."record_type" = 'Symptom' AND "active_storage_attachments"."name" = 'icon' LIMIT 1 /*application='CareApp2'*/[0m
  [1m[36mSymptom Destroy (0.3ms)[0m  [1m[31mDELETE FROM "symptoms" WHERE "symptoms"."id" = 1 /*application='CareApp2'*/[0m
  [1m[36mTRANSACTION (0.7ms)[0m  [1m[35mCOMMIT /*application='CareApp2'*/[0m
  [1m[36mSymptom Load (0.6ms)[0m  [1m[34mSELECT "symptoms".* FROM "symptoms" WHERE "symptoms"."name" = '腰痛' LIMIT 1 /*application='CareApp2'*/[0m
Started GET "/symptoms" for ::1 at 2025-10-05 16:51:15 +0900
  [1m[36mActiveRecord::SchemaMigration Load (0.6ms)[0m  [1m[34mSELECT "schema_migrations"."version" FROM "schema_migrations" ORDER BY "schema_migrations"."version" ASC /*application='CareApp2'*/[0m
Processing by SymptomsController#index as HTML
  [1m[36mUser Load (0.8ms)[0m  [1m[34mSELECT "users".* FROM "users" WHERE "users"."id" = 1 LIMIT 1 /*action='index',application='CareApp2',controller='symptoms'*/[0m
  ↳ app/controllers/application_controller.rb:4:in 'ApplicationController#current_user'
  Rendering layout layouts/application.html.erb
  Rendering symptoms/index.html.erb within layouts/application
  Rendered symptoms/index.html.erb within layouts/application (Duration: 1.4ms | GC: 0.0ms)
  Rendered layout layouts/application.html.erb (Duration: 23.3ms | GC: 0.0ms)
Completed 200 OK in 223ms (Views: 26.7ms | ActiveRecord: 23.1ms (1 query, 0 cached) | GC: 0.0ms)


Started GET "/symptoms/1" for ::1 at 2025-10-05 16:51:17 +0900
Processing by SymptomsController#show as HTML
  Parameters: {"id" => "1"}
  [1m[36mUser Load (0.4ms)[0m  [1m[34mSELECT "users".* FROM "users" WHERE "users"."id" = 1 LIMIT 1 /*action='show',application='CareApp2',controller='symptoms'*/[0m
  ↳ app/controllers/application_controller.rb:4:in 'ApplicationController#current_user'
  [1m[36mSymptom Load (0.5ms)[0m  [1m[34mSELECT "symptoms".* FROM "symptoms" WHERE "symptoms"."id" = 1 LIMIT 1 /*action='show',application='CareApp2',controller='symptoms'*/[0m
  ↳ app/controllers/symptoms_controller.rb:9:in 'SymptomsController#show'
Completed 404 Not Found in 115ms (ActiveRecord: 2.9ms (2 queries, 0 cached) | GC: 0.0ms)


  
ActiveRecord::RecordNotFound (Couldn't find Symptom with 'id'="1"):
  
app/controllers/symptoms_controller.rb:9:in 'SymptomsController#show'
Started GET "/symptoms" for ::1 at 2025-10-05 16:51:21 +0900
Processing by SymptomsController#index as HTML
  [1m[36mUser Load (0.4ms)[0m  [1m[34mSELECT "users".* FROM "users" WHERE "users"."id" = 1 LIMIT 1 /*action='index',application='CareApp2',controller='symptoms'*/[0m
  ↳ app/controllers/application_controller.rb:4:in 'ApplicationController#current_user'
  Rendering layout layouts/application.html.erb
  Rendering symptoms/index.html.erb within layouts/application
  Rendered symptoms/index.html.erb within layouts/application (Duration: 0.5ms | GC: 0.0ms)
  Rendered layout layouts/application.html.erb (Duration: 2.2ms | GC: 1.1ms)
Completed 200 OK in 105ms (Views: 2.5ms | ActiveRecord: 0.4ms (1 query, 0 cached) | GC: 1.1ms)


Started GET "/symptoms/1" for ::1 at 2025-10-05 16:51:24 +0900
Processing by SymptomsController#show as HTML
  Parameters: {"id" => "1"}
  [1m[36mUser Load (0.4ms)[0m  [1m[34mSELECT "users".* FROM "users" WHERE "users"."id" = 1 LIMIT 1 /*action='show',application='CareApp2',controller='symptoms'*/[0m
  ↳ app/controllers/application_controller.rb:4:in 'ApplicationController#current_user'
  [1m[36mSymptom Load (0.2ms)[0m  [1m[34mSELECT "symptoms".* FROM "symptoms" WHERE "symptoms"."id" = 1 LIMIT 1 /*action='show',application='CareApp2',controller='symptoms'*/[0m
  ↳ app/controllers/symptoms_controller.rb:9:in 'SymptomsController#show'
Completed 404 Not Found in 108ms (ActiveRecord: 0.6ms (2 queries, 0 cached) | GC: 0.0ms)


  
ActiveRecord::RecordNotFound (Couldn't find Symptom with 'id'="1"):
  
app/controllers/symptoms_controller.rb:9:in 'SymptomsController#show'
Started GET "/symptoms" for ::1 at 2025-10-05 16:51:27 +0900
Processing by SymptomsController#index as HTML
  [1m[36mUser Load (0.5ms)[0m  [1m[34mSELECT "users".* FROM "users" WHERE "users"."id" = 1 LIMIT 1 /*action='index',application='CareApp2',controller='symptoms'*/[0m
  ↳ app/controllers/application_controller.rb:4:in 'ApplicationController#current_user'
  Rendering layout layouts/application.html.erb
  Rendering symptoms/index.html.erb within layouts/application
  Rendered symptoms/index.html.erb within layouts/application (Duration: 0.5ms | GC: 0.0ms)
  Rendered layout layouts/application.html.erb (Duration: 1.7ms | GC: 0.6ms)
Completed 200 OK in 111ms (Views: 2.1ms | ActiveRecord: 0.5ms (1 query, 0 cached) | GC: 0.6ms)


Started GET "/symptoms/2" for ::1 at 2025-10-05 16:51:29 +0900
Processing by SymptomsController#show as HTML
  Parameters: {"id" => "2"}
  [1m[36mUser Load (0.3ms)[0m  [1m[34mSELECT "users".* FROM "users" WHERE "users"."id" = 1 LIMIT 1 /*action='show',application='CareApp2',controller='symptoms'*/[0m
  ↳ app/controllers/application_controller.rb:4:in 'ApplicationController#current_user'
  [1m[36mSymptom Load (0.2ms)[0m  [1m[34mSELECT "symptoms".* FROM "symptoms" WHERE "symptoms"."id" = 2 LIMIT 1 /*action='show',application='CareApp2',controller='symptoms'*/[0m
  ↳ app/controllers/symptoms_controller.rb:9:in 'SymptomsController#show'
  Rendering layout layouts/application.html.erb
  Rendering symptoms/show.html.erb within layouts/application
  [1m[36mExercise Exists? (0.4ms)[0m  [1m[34mSELECT 1 AS one FROM "exercises" WHERE "exercises"."symptom_id" = 2 LIMIT 1 /*action='show',application='CareApp2',controller='symptoms'*/[0m
  ↳ app/views/symptoms/show.html.erb:11
  Rendered symptoms/show.html.erb within layouts/application (Duration: 7.2ms | GC: 0.0ms)
  Rendered layout layouts/application.html.erb (Duration: 9.4ms | GC: 0.0ms)
Completed 200 OK in 141ms (Views: 10.9ms | ActiveRecord: 3.9ms (3 queries, 0 cached) | GC: 4.3ms)


Started GET "/symptoms" for ::1 at 2025-10-05 16:51:31 +0900
Processing by SymptomsController#index as HTML
  [1m[36mUser Load (0.5ms)[0m  [1m[34mSELECT "users".* FROM "users" WHERE "users"."id" = 1 LIMIT 1 /*action='index',application='CareApp2',controller='symptoms'*/[0m
  ↳ app/controllers/application_controller.rb:4:in 'ApplicationController#current_user'
  Rendering layout layouts/application.html.erb
  Rendering symptoms/index.html.erb within layouts/application
  Rendered symptoms/index.html.erb within layouts/application (Duration: 0.4ms | GC: 0.0ms)
  Rendered layout layouts/application.html.erb (Duration: 1.0ms | GC: 0.0ms)
Completed 200 OK in 103ms (Views: 1.3ms | ActiveRecord: 0.5ms (1 query, 0 cached) | GC: 0.0ms)


Started GET "/symptoms/3" for ::1 at 2025-10-05 16:51:34 +0900
Processing by SymptomsController#show as HTML
  Parameters: {"id" => "3"}
  [1m[36mUser Load (0.4ms)[0m  [1m[34mSELECT "users".* FROM "users" WHERE "users"."id" = 1 LIMIT 1 /*action='show',application='CareApp2',controller='symptoms'*/[0m
  ↳ app/controllers/application_controller.rb:4:in 'ApplicationController#current_user'
  [1m[36mSymptom Load (0.3ms)[0m  [1m[34mSELECT "symptoms".* FROM "symptoms" WHERE "symptoms"."id" = 3 LIMIT 1 /*action='show',application='CareApp2',controller='symptoms'*/[0m
  ↳ app/controllers/symptoms_controller.rb:9:in 'SymptomsController#show'
  Rendering layout layouts/application.html.erb
  Rendering symptoms/show.html.erb within layouts/application
  [1m[36mExercise Exists? (0.2ms)[0m  [1m[34mSELECT 1 AS one FROM "exercises" WHERE "exercises"."symptom_id" = 3 LIMIT 1 /*action='show',application='CareApp2',controller='symptoms'*/[0m
  ↳ app/views/symptoms/show.html.erb:11
  Rendered symptoms/show.html.erb within layouts/application (Duration: 1.5ms | GC: 0.0ms)
  Rendered layout layouts/application.html.erb (Duration: 3.8ms | GC: 0.0ms)
Completed 200 OK in 114ms (Views: 5.5ms | ActiveRecord: 0.9ms (3 queries, 0 cached) | GC: 0.0ms)


Started GET "/symptoms" for ::1 at 2025-10-05 16:51:35 +0900
Processing by SymptomsController#index as HTML
  [1m[36mUser Load (0.3ms)[0m  [1m[34mSELECT "users".* FROM "users" WHERE "users"."id" = 1 LIMIT 1 /*action='index',application='CareApp2',controller='symptoms'*/[0m
  ↳ app/controllers/application_controller.rb:4:in 'ApplicationController#current_user'
  Rendering layout layouts/application.html.erb
  Rendering symptoms/index.html.erb within layouts/application
  Rendered symptoms/index.html.erb within layouts/application (Duration: 0.4ms | GC: 0.0ms)
  Rendered layout layouts/application.html.erb (Duration: 1.0ms | GC: 0.0ms)
Completed 200 OK in 141ms (Views: 1.2ms | ActiveRecord: 0.3ms (1 query, 0 cached) | GC: 1.0ms)


Started GET "/symptoms/1" for ::1 at 2025-10-05 16:51:36 +0900
Processing by SymptomsController#show as HTML
  Parameters: {"id" => "1"}
  [1m[36mUser Load (0.3ms)[0m  [1m[34mSELECT "users".* FROM "users" WHERE "users"."id" = 1 LIMIT 1 /*action='show',application='CareApp2',controller='symptoms'*/[0m
  ↳ app/controllers/application_controller.rb:4:in 'ApplicationController#current_user'
  [1m[36mSymptom Load (0.3ms)[0m  [1m[34mSELECT "symptoms".* FROM "symptoms" WHERE "symptoms"."id" = 1 LIMIT 1 /*action='show',application='CareApp2',controller='symptoms'*/[0m
  ↳ app/controllers/symptoms_controller.rb:9:in 'SymptomsController#show'
Completed 404 Not Found in 105ms (ActiveRecord: 0.6ms (2 queries, 0 cached) | GC: 0.0ms)


  
ActiveRecord::RecordNotFound (Couldn't find Symptom with 'id'="1"):
  
app/controllers/symptoms_controller.rb:9:in 'SymptomsController#show'
Started GET "/symptoms" for ::1 at 2025-10-05 16:51:40 +0900
Processing by SymptomsController#index as HTML
  [1m[36mUser Load (0.4ms)[0m  [1m[34mSELECT "users".* FROM "users" WHERE "users"."id" = 1 LIMIT 1 /*action='index',application='CareApp2',controller='symptoms'*/[0m
  ↳ app/controllers/application_controller.rb:4:in 'ApplicationController#current_user'
  Rendering layout layouts/application.html.erb
  Rendering symptoms/index.html.erb within layouts/application
  Rendered symptoms/index.html.erb within layouts/application (Duration: 0.6ms | GC: 0.0ms)
  Rendered layout layouts/application.html.erb (Duration: 1.4ms | GC: 0.0ms)
Completed 200 OK in 111ms (Views: 1.8ms | ActiveRecord: 0.4ms (1 query, 0 cached) | GC: 0.0ms)


Started GET "/symptoms/2" for ::1 at 2025-10-05 16:51:41 +0900
Processing by SymptomsController#show as HTML
  Parameters: {"id" => "2"}
  [1m[36mUser Load (0.6ms)[0m  [1m[34mSELECT "users".* FROM "users" WHERE "users"."id" = 1 LIMIT 1 /*action='show',application='CareApp2',controller='symptoms'*/[0m
  ↳ app/controllers/application_controller.rb:4:in 'ApplicationController#current_user'
  [1m[36mSymptom Load (0.2ms)[0m  [1m[34mSELECT "symptoms".* FROM "symptoms" WHERE "symptoms"."id" = 2 LIMIT 1 /*action='show',application='CareApp2',controller='symptoms'*/[0m
  ↳ app/controllers/symptoms_controller.rb:9:in 'SymptomsController#show'
  Rendering layout layouts/application.html.erb
  Rendering symptoms/show.html.erb within layouts/application
  [1m[36mExercise Exists? (0.2ms)[0m  [1m[34mSELECT 1 AS one FROM "exercises" WHERE "exercises"."symptom_id" = 2 LIMIT 1 /*action='show',application='CareApp2',controller='symptoms'*/[0m
  ↳ app/views/symptoms/show.html.erb:11
  Rendered symptoms/show.html.erb within layouts/application (Duration: 1.5ms | GC: 0.0ms)
  Rendered layout layouts/application.html.erb (Duration: 2.6ms | GC: 0.0ms)
Completed 200 OK in 135ms (Views: 3.2ms | ActiveRecord: 1.0ms (3 queries, 0 cached) | GC: 0.7ms)


Started GET "/symptoms/4" for ::1 at 2025-10-05 16:51:42 +0900
Processing by SymptomsController#show as HTML
  Parameters: {"id" => "4"}
  [1m[36mUser Load (0.3ms)[0m  [1m[34mSELECT "users".* FROM "users" WHERE "users"."id" = 1 LIMIT 1 /*action='show',application='CareApp2',controller='symptoms'*/[0m
  ↳ app/controllers/application_controller.rb:4:in 'ApplicationController#current_user'
  [1m[36mSymptom Load (0.2ms)[0m  [1m[34mSELECT "symptoms".* FROM "symptoms" WHERE "symptoms"."id" = 4 LIMIT 1 /*action='show',application='CareApp2',controller='symptoms'*/[0m
  ↳ app/controllers/symptoms_controller.rb:9:in 'SymptomsController#show'
Completed 404 Not Found in 114ms (ActiveRecord: 0.5ms (2 queries, 0 cached) | GC: 1.0ms)


  
ActiveRecord::RecordNotFound (Couldn't find Symptom with 'id'="4"):
  
app/controllers/symptoms_controller.rb:9:in 'SymptomsController#show'
Started GET "/symptoms" for ::1 at 2025-10-05 16:51:44 +0900
Processing by SymptomsController#index as HTML
  [1m[36mUser Load (0.4ms)[0m  [1m[34mSELECT "users".* FROM "users" WHERE "users"."id" = 1 LIMIT 1 /*action='index',application='CareApp2',controller='symptoms'*/[0m
  ↳ app/controllers/application_controller.rb:4:in 'ApplicationController#current_user'
  Rendering layout layouts/application.html.erb
  Rendering symptoms/index.html.erb within layouts/application
  Rendered symptoms/index.html.erb within layouts/application (Duration: 1.1ms | GC: 0.4ms)
  Rendered layout layouts/application.html.erb (Duration: 2.8ms | GC: 1.0ms)
Completed 200 OK in 112ms (Views: 3.2ms | ActiveRecord: 0.4ms (1 query, 0 cached) | GC: 2.2ms)


Started GET "/symptoms/1" for ::1 at 2025-10-05 16:51:48 +0900
Processing by SymptomsController#show as HTML
  Parameters: {"id" => "1"}
  [1m[36mUser Load (0.4ms)[0m  [1m[34mSELECT "users".* FROM "users" WHERE "users"."id" = 1 LIMIT 1 /*action='show',application='CareApp2',controller='symptoms'*/[0m
  ↳ app/controllers/application_controller.rb:4:in 'ApplicationController#current_user'
  [1m[36mSymptom Load (0.2ms)[0m  [1m[34mSELECT "symptoms".* FROM "symptoms" WHERE "symptoms"."id" = 1 LIMIT 1 /*action='show',application='CareApp2',controller='symptoms'*/[0m
  ↳ app/controllers/symptoms_controller.rb:9:in 'SymptomsController#show'
Completed 404 Not Found in 106ms (ActiveRecord: 0.6ms (2 queries, 0 cached) | GC: 2.4ms)


  
ActiveRecord::RecordNotFound (Couldn't find Symptom with 'id'="1"):
  
app/controllers/symptoms_controller.rb:9:in 'SymptomsController#show'
Started GET "/symptoms/1" for ::1 at 2025-10-05 17:00:39 +0900
  [1m[36mActiveRecord::SchemaMigration Load (0.7ms)[0m  [1m[34mSELECT "schema_migrations"."version" FROM "schema_migrations" ORDER BY "schema_migrations"."version" ASC /*application='CareApp2'*/[0m
Processing by SymptomsController#show as HTML
  Parameters: {"id" => "1"}
  [1m[36mUser Load (0.5ms)[0m  [1m[34mSELECT "users".* FROM "users" WHERE "users"."id" = 1 LIMIT 1 /*action='show',application='CareApp2',controller='symptoms'*/[0m
  ↳ app/controllers/application_controller.rb:4:in 'ApplicationController#current_user'
  [1m[36mSymptom Load (0.3ms)[0m  [1m[34mSELECT "symptoms".* FROM "symptoms" WHERE "symptoms"."id" = 1 LIMIT 1 /*action='show',application='CareApp2',controller='symptoms'*/[0m
  ↳ app/controllers/symptoms_controller.rb:9:in 'SymptomsController#show'
Completed 404 Not Found in 165ms (ActiveRecord: 22.6ms (2 queries, 0 cached) | GC: 0.0ms)


  
ActiveRecord::RecordNotFound (Couldn't find Symptom with 'id'="1"):
  
app/controllers/symptoms_controller.rb:9:in 'SymptomsController#show'
Started GET "/" for ::1 at 2025-10-05 17:00:53 +0900
Processing by SessionsController#new as HTML
  Rendering layout layouts/application.html.erb
  Rendering sessions/new.html.erb within layouts/application
  Rendered sessions/new.html.erb within layouts/application (Duration: 5.1ms | GC: 1.5ms)
  Rendered layout layouts/application.html.erb (Duration: 32.5ms | GC: 7.1ms)
Completed 200 OK in 133ms (Views: 34.3ms | ActiveRecord: 0.0ms (0 queries, 0 cached) | GC: 7.1ms)


Started POST "/login" for ::1 at 2025-10-05 17:01:01 +0900
Processing by SessionsController#create as TURBO_STREAM
  Parameters: {"authenticity_token" => "[FILTERED]", "email" => "[FILTERED]", "password" => "[FILTERED]", "commit" => "ログイン"}
  [1m[36mUser Load (0.6ms)[0m  [1m[34mSELECT "users".* FROM "users" WHERE "users"."email" = 'wataru1983_118@yahoo.co.jp' LIMIT 1 /*action='create',application='CareApp2',controller='sessions'*/[0m
  ↳ app/controllers/sessions_controller.rb:6:in 'SessionsController#create'
Redirected to http://localhost:3000/users/1
Completed 302 Found in 316ms (ActiveRecord: 0.6ms (1 query, 0 cached) | GC: 0.0ms)


Started GET "/users/1" for ::1 at 2025-10-05 17:01:01 +0900
Processing by UsersController#show as TURBO_STREAM
  Parameters: {"id" => "1"}
  [1m[36mUser Load (0.3ms)[0m  [1m[34mSELECT "users".* FROM "users" WHERE "users"."id" = 1 LIMIT 1 /*action='show',application='CareApp2',controller='users'*/[0m
  ↳ app/controllers/users_controller.rb:46:in 'UsersController#set_user'
  [1m[36mCACHE User Load (0.0ms)[0m  [1m[34mSELECT "users".* FROM "users" WHERE "users"."id" = 1 LIMIT 1[0m
  ↳ app/controllers/application_controller.rb:4:in 'ApplicationController#current_user'
  Rendering layout layouts/application.html.erb
  Rendering users/show.html.erb within layouts/application
  [1m[36mActiveStorage::Attachment Load (0.6ms)[0m  [1m[34mSELECT "active_storage_attachments".* FROM "active_storage_attachments" WHERE "active_storage_attachments"."record_id" = 1 AND "active_storage_attachments"."record_type" = 'User' AND "active_storage_attachments"."name" = 'avatar' LIMIT 1 /*action='show',application='CareApp2',controller='users'*/[0m
  ↳ app/views/users/show.html.erb:15
  Rendered users/show.html.erb within layouts/application (Duration: 19.7ms | GC: 1.6ms)
  Rendered layout layouts/application.html.erb (Duration: 20.3ms | GC: 1.6ms)
Completed 200 OK in 125ms (Views: 18.6ms | ActiveRecord: 3.3ms (3 queries, 1 cached) | GC: 3.4ms)


Started GET "/symptoms" for ::1 at 2025-10-05 17:01:03 +0900
Processing by SymptomsController#index as HTML
  [1m[36mUser Load (0.6ms)[0m  [1m[34mSELECT "users".* FROM "users" WHERE "users"."id" = 1 LIMIT 1 /*action='index',application='CareApp2',controller='symptoms'*/[0m
  ↳ app/controllers/application_controller.rb:4:in 'ApplicationController#current_user'
  Rendering layout layouts/application.html.erb
  Rendering symptoms/index.html.erb within layouts/application
  Rendered symptoms/index.html.erb within layouts/application (Duration: 2.4ms | GC: 0.8ms)
  Rendered layout layouts/application.html.erb (Duration: 8.9ms | GC: 1.6ms)
Completed 200 OK in 128ms (Views: 10.7ms | ActiveRecord: 0.6ms (1 query, 0 cached) | GC: 3.1ms)


Started GET "/symptoms/1" for ::1 at 2025-10-05 17:01:04 +0900
Processing by SymptomsController#show as HTML
  Parameters: {"id" => "1"}
  [1m[36mUser Load (0.4ms)[0m  [1m[34mSELECT "users".* FROM "users" WHERE "users"."id" = 1 LIMIT 1 /*action='show',application='CareApp2',controller='symptoms'*/[0m
  ↳ app/controllers/application_controller.rb:4:in 'ApplicationController#current_user'
  [1m[36mSymptom Load (0.2ms)[0m  [1m[34mSELECT "symptoms".* FROM "symptoms" WHERE "symptoms"."id" = 1 LIMIT 1 /*action='show',application='CareApp2',controller='symptoms'*/[0m
  ↳ app/controllers/symptoms_controller.rb:9:in 'SymptomsController#show'
Completed 404 Not Found in 102ms (ActiveRecord: 0.5ms (2 queries, 0 cached) | GC: 2.3ms)


  
ActiveRecord::RecordNotFound (Couldn't find Symptom with 'id'="1"):
  
app/controllers/symptoms_controller.rb:9:in 'SymptomsController#show'
Started GET "/symptoms" for ::1 at 2025-10-05 17:01:07 +0900
Processing by SymptomsController#index as HTML
  [1m[36mUser Load (0.5ms)[0m  [1m[34mSELECT "users".* FROM "users" WHERE "users"."id" = 1 LIMIT 1 /*action='index',application='CareApp2',controller='symptoms'*/[0m
  ↳ app/controllers/application_controller.rb:4:in 'ApplicationController#current_user'
  Rendering layout layouts/application.html.erb
  Rendering symptoms/index.html.erb within layouts/application
  Rendered symptoms/index.html.erb within layouts/application (Duration: 0.5ms | GC: 0.0ms)
  Rendered layout layouts/application.html.erb (Duration: 1.2ms | GC: 0.0ms)
Completed 200 OK in 109ms (Views: 1.7ms | ActiveRecord: 0.5ms (1 query, 0 cached) | GC: 0.0ms)


Started GET "/symptoms/2" for ::1 at 2025-10-05 17:01:08 +0900
Processing by SymptomsController#show as HTML
  Parameters: {"id" => "2"}
  [1m[36mUser Load (0.3ms)[0m  [1m[34mSELECT "users".* FROM "users" WHERE "users"."id" = 1 LIMIT 1 /*action='show',application='CareApp2',controller='symptoms'*/[0m
  ↳ app/controllers/application_controller.rb:4:in 'ApplicationController#current_user'
  [1m[36mSymptom Load (0.2ms)[0m  [1m[34mSELECT "symptoms".* FROM "symptoms" WHERE "symptoms"."id" = 2 LIMIT 1 /*action='show',application='CareApp2',controller='symptoms'*/[0m
  ↳ app/controllers/symptoms_controller.rb:9:in 'SymptomsController#show'
  Rendering layout layouts/application.html.erb
  Rendering symptoms/show.html.erb within layouts/application
  [1m[36mExercise Exists? (0.5ms)[0m  [1m[34mSELECT 1 AS one FROM "exercises" WHERE "exercises"."symptom_id" = 2 LIMIT 1 /*action='show',application='CareApp2',controller='symptoms'*/[0m
  ↳ app/views/symptoms/show.html.erb:11
  Rendered symptoms/show.html.erb within layouts/application (Duration: 4.5ms | GC: 0.0ms)
  Rendered layout layouts/application.html.erb (Duration: 5.1ms | GC: 0.0ms)
Completed 200 OK in 146ms (Views: 3.9ms | ActiveRecord: 3.2ms (3 queries, 0 cached) | GC: 3.3ms)


  [1m[36mTRANSACTION (0.1ms)[0m  [1m[35mBEGIN /*application='CareApp2'*/[0m
  [1m[36mSymptom Create (1.1ms)[0m  [1m[32mINSERT INTO "symptoms" ("name", "description", "created_at", "updated_at") VALUES ('腰痛', '腰の痛み、だるさ、重い感じに効果的なセルフケア', '2025-10-05 08:01:51.991894', '2025-10-05 08:01:51.991894') RETURNING "id" /*application='CareApp2'*/[0m
  [1m[36mTRANSACTION (2.4ms)[0m  [1m[35mCOMMIT /*application='CareApp2'*/[0m
  [1m[36mTRANSACTION (0.1ms)[0m  [1m[35mBEGIN /*application='CareApp2'*/[0m
  [1m[36mSymptom Create (2.4ms)[0m  [1m[32mINSERT INTO "symptoms" ("name", "description", "created_at", "updated_at") VALUES ('肩こり', '肩の張り、こり、重い感じを和らげるセルフケア', '2025-10-05 08:01:52.000104', '2025-10-05 08:01:52.000104') RETURNING "id" /*application='CareApp2'*/[0m
  [1m[36mTRANSACTION (0.5ms)[0m  [1m[35mCOMMIT /*application='CareApp2'*/[0m
  [1m[36mTRANSACTION (0.1ms)[0m  [1m[35mBEGIN /*application='CareApp2'*/[0m
  [1m[36mSymptom Create (0.6ms)[0m  [1m[32mINSERT INTO "symptoms" ("name", "description", "created_at", "updated_at") VALUES ('首の痛み', '首のこり、寝違え、ストレートネック改善のセルフケア', '2025-10-05 08:01:52.004661', '2025-10-05 08:01:52.004661') RETURNING "id" /*application='CareApp2'*/[0m
  [1m[36mTRANSACTION (0.5ms)[0m  [1m[35mCOMMIT /*application='CareApp2'*/[0m
  [1m[36mTRANSACTION (0.1ms)[0m  [1m[35mBEGIN /*application='CareApp2'*/[0m
  [1m[36mExercise Create (1.0ms)[0m  [1m[32mINSERT INTO "exercises" ("title", "description", "steps", "duration", "symptom_id", "created_at", "updated_at", "youtube_url", "instructions") VALUES ('腰痛改善ストレッチ', '腰の筋肉をほぐし、痛みを和らげるストレッチです。', '1. 仰向けに寝る
2. 膝を胸に引き寄せる
3. 30秒キープ
4. 3回繰り返す', 10, 4, '2025-10-05 08:01:52.039400', '2025-10-05 08:01:52.039400', NULL, 'ゆっくりと呼吸しながら行ってください。') RETURNING "id" /*application='CareApp2'*/[0m
  [1m[36mTRANSACTION (1.1ms)[0m  [1m[35mCOMMIT /*application='CareApp2'*/[0m
Started GET "/symptoms" for ::1 at 2025-10-05 17:02:06 +0900
  [1m[36mActiveRecord::SchemaMigration Load (0.6ms)[0m  [1m[34mSELECT "schema_migrations"."version" FROM "schema_migrations" ORDER BY "schema_migrations"."version" ASC /*application='CareApp2'*/[0m
Processing by SymptomsController#index as HTML
  [1m[36mUser Load (0.4ms)[0m  [1m[34mSELECT "users".* FROM "users" WHERE "users"."id" = 1 LIMIT 1 /*action='index',application='CareApp2',controller='symptoms'*/[0m
  ↳ app/controllers/application_controller.rb:4:in 'ApplicationController#current_user'
  Rendering layout layouts/application.html.erb
  Rendering symptoms/index.html.erb within layouts/application
  Rendered symptoms/index.html.erb within layouts/application (Duration: 1.3ms | GC: 0.0ms)
  Rendered layout layouts/application.html.erb (Duration: 22.2ms | GC: 0.0ms)
Completed 200 OK in 195ms (Views: 26.1ms | ActiveRecord: 19.0ms (1 query, 0 cached) | GC: 0.0ms)


Started GET "/symptoms/1" for ::1 at 2025-10-05 17:02:08 +0900
Processing by SymptomsController#show as HTML
  Parameters: {"id" => "1"}
  [1m[36mUser Load (0.4ms)[0m  [1m[34mSELECT "users".* FROM "users" WHERE "users"."id" = 1 LIMIT 1 /*action='show',application='CareApp2',controller='symptoms'*/[0m
  ↳ app/controllers/application_controller.rb:4:in 'ApplicationController#current_user'
  [1m[36mSymptom Load (0.5ms)[0m  [1m[34mSELECT "symptoms".* FROM "symptoms" WHERE "symptoms"."id" = 1 LIMIT 1 /*action='show',application='CareApp2',controller='symptoms'*/[0m
  ↳ app/controllers/symptoms_controller.rb:9:in 'SymptomsController#show'
Completed 404 Not Found in 116ms (ActiveRecord: 2.7ms (2 queries, 0 cached) | GC: 0.0ms)


  
ActiveRecord::RecordNotFound (Couldn't find Symptom with 'id'="1"):
  
app/controllers/symptoms_controller.rb:9:in 'SymptomsController#show'
Started GET "/symptoms" for ::1 at 2025-10-05 17:02:10 +0900
Processing by SymptomsController#index as HTML
  [1m[36mUser Load (0.5ms)[0m  [1m[34mSELECT "users".* FROM "users" WHERE "users"."id" = 1 LIMIT 1 /*action='index',application='CareApp2',controller='symptoms'*/[0m
  ↳ app/controllers/application_controller.rb:4:in 'ApplicationController#current_user'
  Rendering layout layouts/application.html.erb
  Rendering symptoms/index.html.erb within layouts/application
  Rendered symptoms/index.html.erb within layouts/application (Duration: 0.5ms | GC: 0.0ms)
  Rendered layout layouts/application.html.erb (Duration: 1.1ms | GC: 0.0ms)
Completed 200 OK in 108ms (Views: 1.4ms | ActiveRecord: 0.4ms (1 query, 0 cached) | GC: 0.0ms)


Started GET "/symptoms/2" for ::1 at 2025-10-05 17:02:11 +0900
Processing by SymptomsController#show as HTML
  Parameters: {"id" => "2"}
  [1m[36mUser Load (0.4ms)[0m  [1m[34mSELECT "users".* FROM "users" WHERE "users"."id" = 1 LIMIT 1 /*action='show',application='CareApp2',controller='symptoms'*/[0m
  ↳ app/controllers/application_controller.rb:4:in 'ApplicationController#current_user'
  [1m[36mSymptom Load (0.2ms)[0m  [1m[34mSELECT "symptoms".* FROM "symptoms" WHERE "symptoms"."id" = 2 LIMIT 1 /*action='show',application='CareApp2',controller='symptoms'*/[0m
  ↳ app/controllers/symptoms_controller.rb:9:in 'SymptomsController#show'
  Rendering layout layouts/application.html.erb
  Rendering symptoms/show.html.erb within layouts/application
  [1m[36mExercise Exists? (0.4ms)[0m  [1m[34mSELECT 1 AS one FROM "exercises" WHERE "exercises"."symptom_id" = 2 LIMIT 1 /*action='show',application='CareApp2',controller='symptoms'*/[0m
  ↳ app/views/symptoms/show.html.erb:11
  Rendered symptoms/show.html.erb within layouts/application (Duration: 5.8ms | GC: 0.0ms)
  Rendered layout layouts/application.html.erb (Duration: 8.2ms | GC: 0.0ms)
Completed 200 OK in 133ms (Views: 7.3ms | ActiveRecord: 3.3ms (3 queries, 0 cached) | GC: 3.7ms)


Started GET "/symptoms/1" for ::1 at 2025-10-05 17:02:13 +0900
Processing by SymptomsController#show as HTML
  Parameters: {"id" => "1"}
  [1m[36mUser Load (0.6ms)[0m  [1m[34mSELECT "users".* FROM "users" WHERE "users"."id" = 1 LIMIT 1 /*action='show',application='CareApp2',controller='symptoms'*/[0m
  ↳ app/controllers/application_controller.rb:4:in 'ApplicationController#current_user'
  [1m[36mSymptom Load (0.2ms)[0m  [1m[34mSELECT "symptoms".* FROM "symptoms" WHERE "symptoms"."id" = 1 LIMIT 1 /*action='show',application='CareApp2',controller='symptoms'*/[0m
  ↳ app/controllers/symptoms_controller.rb:9:in 'SymptomsController#show'
Completed 404 Not Found in 123ms (ActiveRecord: 0.7ms (2 queries, 0 cached) | GC: 0.0ms)


  
ActiveRecord::RecordNotFound (Couldn't find Symptom with 'id'="1"):
  
app/controllers/symptoms_controller.rb:9:in 'SymptomsController#show'
Started GET "/symptoms/3" for ::1 at 2025-10-05 17:02:14 +0900
Processing by SymptomsController#show as HTML
  Parameters: {"id" => "3"}
  [1m[36mUser Load (0.3ms)[0m  [1m[34mSELECT "users".* FROM "users" WHERE "users"."id" = 1 LIMIT 1 /*action='show',application='CareApp2',controller='symptoms'*/[0m
  ↳ app/controllers/application_controller.rb:4:in 'ApplicationController#current_user'
  [1m[36mSymptom Load (0.3ms)[0m  [1m[34mSELECT "symptoms".* FROM "symptoms" WHERE "symptoms"."id" = 3 LIMIT 1 /*action='show',application='CareApp2',controller='symptoms'*/[0m
  ↳ app/controllers/symptoms_controller.rb:9:in 'SymptomsController#show'
  Rendering layout layouts/application.html.erb
  Rendering symptoms/show.html.erb within layouts/application
  [1m[36mExercise Exists? (0.2ms)[0m  [1m[34mSELECT 1 AS one FROM "exercises" WHERE "exercises"."symptom_id" = 3 LIMIT 1 /*action='show',application='CareApp2',controller='symptoms'*/[0m
  ↳ app/views/symptoms/show.html.erb:11
  Rendered symptoms/show.html.erb within layouts/application (Duration: 4.2ms | GC: 1.1ms)
  Rendered layout layouts/application.html.erb (Duration: 6.9ms | GC: 2.3ms)
Completed 200 OK in 119ms (Views: 7.0ms | ActiveRecord: 0.8ms (3 queries, 0 cached) | GC: 4.3ms)


Started GET "/symptoms" for ::1 at 2025-10-05 17:03:01 +0900
  [1m[36mActiveRecord::SchemaMigration Load (1.0ms)[0m  [1m[34mSELECT "schema_migrations"."version" FROM "schema_migrations" ORDER BY "schema_migrations"."version" ASC /*application='CareApp2'*/[0m
Processing by SymptomsController#index as HTML
  [1m[36mUser Load (0.4ms)[0m  [1m[34mSELECT "users".* FROM "users" WHERE "users"."id" = 1 LIMIT 1 /*action='index',application='CareApp2',controller='symptoms'*/[0m
  ↳ app/controllers/application_controller.rb:4:in 'ApplicationController#current_user'
  Rendering layout layouts/application.html.erb
  Rendering symptoms/index.html.erb within layouts/application
  Rendered symptoms/index.html.erb within layouts/application (Duration: 1.2ms | GC: 0.0ms)
  Rendered layout layouts/application.html.erb (Duration: 20.5ms | GC: 0.0ms)
Completed 200 OK in 187ms (Views: 24.4ms | ActiveRecord: 19.2ms (1 query, 0 cached) | GC: 0.0ms)


Started GET "/symptoms/1" for ::1 at 2025-10-05 17:03:03 +0900
Processing by SymptomsController#show as HTML
  Parameters: {"id" => "1"}
  [1m[36mUser Load (0.6ms)[0m  [1m[34mSELECT "users".* FROM "users" WHERE "users"."id" = 1 LIMIT 1 /*action='show',application='CareApp2',controller='symptoms'*/[0m
  ↳ app/controllers/application_controller.rb:4:in 'ApplicationController#current_user'
  [1m[36mSymptom Load (0.4ms)[0m  [1m[34mSELECT "symptoms".* FROM "symptoms" WHERE "symptoms"."id" = 1 LIMIT 1 /*action='show',application='CareApp2',controller='symptoms'*/[0m
  ↳ app/controllers/symptoms_controller.rb:9:in 'SymptomsController#show'
Completed 404 Not Found in 119ms (ActiveRecord: 3.2ms (2 queries, 0 cached) | GC: 0.0ms)


  
ActiveRecord::RecordNotFound (Couldn't find Symptom with 'id'="1"):
  
app/controllers/symptoms_controller.rb:9:in 'SymptomsController#show'
Started GET "/symptoms/1" for ::1 at 2025-10-05 17:20:37 +0900
  [1m[36mActiveRecord::SchemaMigration Load (0.7ms)[0m  [1m[34mSELECT "schema_migrations"."version" FROM "schema_migrations" ORDER BY "schema_migrations"."version" ASC /*application='CareApp2'*/[0m
Processing by SymptomsController#show as HTML
  Parameters: {"id" => "1"}
  [1m[36mUser Load (0.5ms)[0m  [1m[34mSELECT "users".* FROM "users" WHERE "users"."id" = 1 LIMIT 1 /*action='show',application='CareApp2',controller='symptoms'*/[0m
  ↳ app/controllers/application_controller.rb:4:in 'ApplicationController#current_user'
  [1m[36mSymptom Load (0.3ms)[0m  [1m[34mSELECT "symptoms".* FROM "symptoms" WHERE "symptoms"."id" = 1 LIMIT 1 /*action='show',application='CareApp2',controller='symptoms'*/[0m
  ↳ app/controllers/symptoms_controller.rb:9:in 'SymptomsController#show'
Completed 404 Not Found in 166ms (ActiveRecord: 22.8ms (2 queries, 0 cached) | GC: 0.0ms)


  
ActiveRecord::RecordNotFound (Couldn't find Symptom with 'id'="1"):
  
app/controllers/symptoms_controller.rb:9:in 'SymptomsController#show'
Started GET "/symptoms/2" for ::1 at 2025-10-05 17:20:42 +0900
Processing by SymptomsController#show as HTML
  Parameters: {"id" => "2"}
  [1m[36mUser Load (0.5ms)[0m  [1m[34mSELECT "users".* FROM "users" WHERE "users"."id" = 1 LIMIT 1 /*action='show',application='CareApp2',controller='symptoms'*/[0m
  ↳ app/controllers/application_controller.rb:4:in 'ApplicationController#current_user'
  [1m[36mSymptom Load (0.2ms)[0m  [1m[34mSELECT "symptoms".* FROM "symptoms" WHERE "symptoms"."id" = 2 LIMIT 1 /*action='show',application='CareApp2',controller='symptoms'*/[0m
  ↳ app/controllers/symptoms_controller.rb:9:in 'SymptomsController#show'
  Rendering layout layouts/application.html.erb
  Rendering symptoms/show.html.erb within layouts/application
  [1m[36mExercise Exists? (0.4ms)[0m  [1m[34mSELECT 1 AS one FROM "exercises" WHERE "exercises"."symptom_id" = 2 LIMIT 1 /*action='show',application='CareApp2',controller='symptoms'*/[0m
  ↳ app/views/symptoms/show.html.erb:11
  Rendered symptoms/show.html.erb within layouts/application (Duration: 11.5ms | GC: 2.4ms)
  Rendered layout layouts/application.html.erb (Duration: 41.0ms | GC: 7.0ms)
Completed 200 OK in 168ms (Views: 41.5ms | ActiveRecord: 3.1ms (3 queries, 0 cached) | GC: 8.9ms)


Started GET "/symptoms/1" for ::1 at 2025-10-05 17:20:45 +0900
Processing by SymptomsController#show as HTML
  Parameters: {"id" => "1"}
  [1m[36mUser Load (0.4ms)[0m  [1m[34mSELECT "users".* FROM "users" WHERE "users"."id" = 1 LIMIT 1 /*action='show',application='CareApp2',controller='symptoms'*/[0m
  ↳ app/controllers/application_controller.rb:4:in 'ApplicationController#current_user'
  [1m[36mSymptom Load (0.2ms)[0m  [1m[34mSELECT "symptoms".* FROM "symptoms" WHERE "symptoms"."id" = 1 LIMIT 1 /*action='show',application='CareApp2',controller='symptoms'*/[0m
  ↳ app/controllers/symptoms_controller.rb:9:in 'SymptomsController#show'
Completed 404 Not Found in 112ms (ActiveRecord: 0.6ms (2 queries, 0 cached) | GC: 0.0ms)


  
ActiveRecord::RecordNotFound (Couldn't find Symptom with 'id'="1"):
  
app/controllers/symptoms_controller.rb:9:in 'SymptomsController#show'
Started GET "/symptoms" for ::1 at 2025-10-05 17:20:48 +0900
Processing by SymptomsController#index as HTML
  [1m[36mUser Load (0.6ms)[0m  [1m[34mSELECT "users".* FROM "users" WHERE "users"."id" = 1 LIMIT 1 /*action='index',application='CareApp2',controller='symptoms'*/[0m
  ↳ app/controllers/application_controller.rb:4:in 'ApplicationController#current_user'
  Rendering layout layouts/application.html.erb
  Rendering symptoms/index.html.erb within layouts/application
  Rendered symptoms/index.html.erb within layouts/application (Duration: 1.4ms | GC: 0.3ms)
  Rendered layout layouts/application.html.erb (Duration: 2.9ms | GC: 0.6ms)
Completed 200 OK in 113ms (Views: 4.6ms | ActiveRecord: 0.6ms (1 query, 0 cached) | GC: 1.9ms)


  [1m[36mSymptom Count (18.5ms)[0m  [1m[34mSELECT COUNT(*) FROM "symptoms" /*application='CareApp2'*/[0m
  [1m[36mSymptom Load (0.8ms)[0m  [1m[34mSELECT "symptoms".* FROM "symptoms" /* loading for pp */ LIMIT 11 /*application='CareApp2'*/[0m
Started GET "/symptoms" for ::1 at 2025-10-05 17:28:00 +0900
  [1m[36mActiveRecord::SchemaMigration Load (1.0ms)[0m  [1m[34mSELECT "schema_migrations"."version" FROM "schema_migrations" ORDER BY "schema_migrations"."version" ASC /*application='CareApp2'*/[0m
Processing by SymptomsController#index as HTML
  [1m[36mUser Load (0.4ms)[0m  [1m[34mSELECT "users".* FROM "users" WHERE "users"."id" = 1 LIMIT 1 /*action='index',application='CareApp2',controller='symptoms'*/[0m
  ↳ app/controllers/application_controller.rb:4:in 'ApplicationController#current_user'
  Rendering layout layouts/application.html.erb
  Rendering symptoms/index.html.erb within layouts/application
  [1m[36mSymptom Load (0.5ms)[0m  [1m[34mSELECT "symptoms".* FROM "symptoms" WHERE "symptoms"."name" = '腰痛' LIMIT 1 /*action='index',application='CareApp2',controller='symptoms'*/[0m
  ↳ app/views/symptoms/index.html.erb:27
  [1m[36mSymptom Load (0.3ms)[0m  [1m[34mSELECT "symptoms".* FROM "symptoms" WHERE "symptoms"."name" = '肩こり' LIMIT 1 /*action='index',application='CareApp2',controller='symptoms'*/[0m
  ↳ app/views/symptoms/index.html.erb:27
  [1m[36mSymptom Load (0.2ms)[0m  [1m[34mSELECT "symptoms".* FROM "symptoms" WHERE "symptoms"."name" = '首の痛み' LIMIT 1 /*action='index',application='CareApp2',controller='symptoms'*/[0m
  ↳ app/views/symptoms/index.html.erb:27
  [1m[36mSymptom Load (0.2ms)[0m  [1m[34mSELECT "symptoms".* FROM "symptoms" WHERE "symptoms"."name" = '膝の痛み' LIMIT 1 /*action='index',application='CareApp2',controller='symptoms'*/[0m
  ↳ app/views/symptoms/index.html.erb:27
  [1m[36mSymptom Load (0.2ms)[0m  [1m[34mSELECT "symptoms".* FROM "symptoms" WHERE "symptoms"."name" = '頭痛' LIMIT 1 /*action='index',application='CareApp2',controller='symptoms'*/[0m
  ↳ app/views/symptoms/index.html.erb:27
  [1m[36mSymptom Load (0.5ms)[0m  [1m[34mSELECT "symptoms".* FROM "symptoms" WHERE "symptoms"."name" = '眼精疲労' LIMIT 1 /*action='index',application='CareApp2',controller='symptoms'*/[0m
  ↳ app/views/symptoms/index.html.erb:27
  Rendered symptoms/index.html.erb within layouts/application (Duration: 18.6ms | GC: 0.0ms)
  Rendered layout layouts/application.html.erb (Duration: 40.8ms | GC: 0.0ms)
Completed 200 OK in 208ms (Views: 41.4ms | ActiveRecord: 23.0ms (7 queries, 0 cached) | GC: 0.0ms)


Started GET "/symptoms/4" for ::1 at 2025-10-05 17:28:02 +0900
Processing by SymptomsController#show as HTML
  Parameters: {"id" => "4"}
  [1m[36mUser Load (0.4ms)[0m  [1m[34mSELECT "users".* FROM "users" WHERE "users"."id" = 1 LIMIT 1 /*action='show',application='CareApp2',controller='symptoms'*/[0m
  ↳ app/controllers/application_controller.rb:4:in 'ApplicationController#current_user'
  [1m[36mSymptom Load (0.2ms)[0m  [1m[34mSELECT "symptoms".* FROM "symptoms" WHERE "symptoms"."id" = 4 LIMIT 1 /*action='show',application='CareApp2',controller='symptoms'*/[0m
  ↳ app/controllers/symptoms_controller.rb:9:in 'SymptomsController#show'
  Rendering layout layouts/application.html.erb
  Rendering symptoms/show.html.erb within layouts/application
  [1m[36mExercise Exists? (0.4ms)[0m  [1m[34mSELECT 1 AS one FROM "exercises" WHERE "exercises"."symptom_id" = 4 LIMIT 1 /*action='show',application='CareApp2',controller='symptoms'*/[0m
  ↳ app/views/symptoms/show.html.erb:11
  [1m[36mExercise Load (0.6ms)[0m  [1m[34mSELECT "exercises".* FROM "exercises" WHERE "exercises"."symptom_id" = 4 /*action='show',application='CareApp2',controller='symptoms'*/[0m
  ↳ app/views/symptoms/show.html.erb:13
  [1m[36mActiveStorage::Attachment Load (0.6ms)[0m  [1m[34mSELECT "active_storage_attachments".* FROM "active_storage_attachments" WHERE "active_storage_attachments"."record_id" = 3 AND "active_storage_attachments"."record_type" = 'Exercise' AND "active_storage_attachments"."name" = 'video_file' LIMIT 1 /*action='show',application='CareApp2',controller='symptoms'*/[0m
  ↳ app/models/exercise.rb:17:in 'Exercise#has_video?'
  Rendered symptoms/show.html.erb within layouts/application (Duration: 27.6ms | GC: 0.0ms)
  Rendered layout layouts/application.html.erb (Duration: 28.2ms | GC: 0.0ms)
Completed 200 OK in 147ms (Views: 24.1ms | ActiveRecord: 6.7ms (5 queries, 0 cached) | GC: 0.0ms)


Started GET "/symptoms" for ::1 at 2025-10-05 17:28:05 +0900
Processing by SymptomsController#index as HTML
  [1m[36mUser Load (0.4ms)[0m  [1m[34mSELECT "users".* FROM "users" WHERE "users"."id" = 1 LIMIT 1 /*action='index',application='CareApp2',controller='symptoms'*/[0m
  ↳ app/controllers/application_controller.rb:4:in 'ApplicationController#current_user'
  Rendering layout layouts/application.html.erb
  Rendering symptoms/index.html.erb within layouts/application
  [1m[36mSymptom Load (0.2ms)[0m  [1m[34mSELECT "symptoms".* FROM "symptoms" WHERE "symptoms"."name" = '腰痛' LIMIT 1 /*action='index',application='CareApp2',controller='symptoms'*/[0m
  ↳ app/views/symptoms/index.html.erb:27
  [1m[36mSymptom Load (0.2ms)[0m  [1m[34mSELECT "symptoms".* FROM "symptoms" WHERE "symptoms"."name" = '肩こり' LIMIT 1 /*action='index',application='CareApp2',controller='symptoms'*/[0m
  ↳ app/views/symptoms/index.html.erb:27
  [1m[36mSymptom Load (0.4ms)[0m  [1m[34mSELECT "symptoms".* FROM "symptoms" WHERE "symptoms"."name" = '首の痛み' LIMIT 1 /*action='index',application='CareApp2',controller='symptoms'*/[0m
  ↳ app/views/symptoms/index.html.erb:27
  [1m[36mSymptom Load (0.3ms)[0m  [1m[34mSELECT "symptoms".* FROM "symptoms" WHERE "symptoms"."name" = '膝の痛み' LIMIT 1 /*action='index',application='CareApp2',controller='symptoms'*/[0m
  ↳ app/views/symptoms/index.html.erb:27
  [1m[36mSymptom Load (0.4ms)[0m  [1m[34mSELECT "symptoms".* FROM "symptoms" WHERE "symptoms"."name" = '頭痛' LIMIT 1 /*action='index',application='CareApp2',controller='symptoms'*/[0m
  ↳ app/views/symptoms/index.html.erb:27
  [1m[36mSymptom Load (0.2ms)[0m  [1m[34mSELECT "symptoms".* FROM "symptoms" WHERE "symptoms"."name" = '眼精疲労' LIMIT 1 /*action='index',application='CareApp2',controller='symptoms'*/[0m
  ↳ app/views/symptoms/index.html.erb:27
  Rendered symptoms/index.html.erb within layouts/application (Duration: 14.1ms | GC: 0.0ms)
  Rendered layout layouts/application.html.erb (Duration: 15.1ms | GC: 0.0ms)
Completed 200 OK in 124ms (Views: 13.9ms | ActiveRecord: 2.0ms (7 queries, 0 cached) | GC: 0.0ms)


Started GET "/symptoms/2" for ::1 at 2025-10-05 17:28:06 +0900
Processing by SymptomsController#show as HTML
  Parameters: {"id" => "2"}
  [1m[36mUser Load (0.4ms)[0m  [1m[34mSELECT "users".* FROM "users" WHERE "users"."id" = 1 LIMIT 1 /*action='show',application='CareApp2',controller='symptoms'*/[0m
  ↳ app/controllers/application_controller.rb:4:in 'ApplicationController#current_user'
  [1m[36mSymptom Load (0.4ms)[0m  [1m[34mSELECT "symptoms".* FROM "symptoms" WHERE "symptoms"."id" = 2 LIMIT 1 /*action='show',application='CareApp2',controller='symptoms'*/[0m
  ↳ app/controllers/symptoms_controller.rb:9:in 'SymptomsController#show'
  Rendering layout layouts/application.html.erb
  Rendering symptoms/show.html.erb within layouts/application
  [1m[36mExercise Exists? (0.2ms)[0m  [1m[34mSELECT 1 AS one FROM "exercises" WHERE "exercises"."symptom_id" = 2 LIMIT 1 /*action='show',application='CareApp2',controller='symptoms'*/[0m
  ↳ app/views/symptoms/show.html.erb:11
  Rendered symptoms/show.html.erb within layouts/application (Duration: 3.7ms | GC: 0.0ms)
  Rendered layout layouts/application.html.erb (Duration: 4.9ms | GC: 0.0ms)
Completed 200 OK in 120ms (Views: 5.2ms | ActiveRecord: 0.9ms (3 queries, 0 cached) | GC: 0.0ms)


Started GET "/symptoms" for ::1 at 2025-10-05 17:28:07 +0900
Processing by SymptomsController#index as HTML
  [1m[36mUser Load (0.4ms)[0m  [1m[34mSELECT "users".* FROM "users" WHERE "users"."id" = 1 LIMIT 1 /*action='index',application='CareApp2',controller='symptoms'*/[0m
  ↳ app/controllers/application_controller.rb:4:in 'ApplicationController#current_user'
  Rendering layout layouts/application.html.erb
  Rendering symptoms/index.html.erb within layouts/application
  [1m[36mSymptom Load (0.2ms)[0m  [1m[34mSELECT "symptoms".* FROM "symptoms" WHERE "symptoms"."name" = '腰痛' LIMIT 1 /*action='index',application='CareApp2',controller='symptoms'*/[0m
  ↳ app/views/symptoms/index.html.erb:27
  [1m[36mSymptom Load (0.2ms)[0m  [1m[34mSELECT "symptoms".* FROM "symptoms" WHERE "symptoms"."name" = '肩こり' LIMIT 1 /*action='index',application='CareApp2',controller='symptoms'*/[0m
  ↳ app/views/symptoms/index.html.erb:27
  [1m[36mSymptom Load (0.2ms)[0m  [1m[34mSELECT "symptoms".* FROM "symptoms" WHERE "symptoms"."name" = '首の痛み' LIMIT 1 /*action='index',application='CareApp2',controller='symptoms'*/[0m
  ↳ app/views/symptoms/index.html.erb:27
  [1m[36mSymptom Load (0.2ms)[0m  [1m[34mSELECT "symptoms".* FROM "symptoms" WHERE "symptoms"."name" = '膝の痛み' LIMIT 1 /*action='index',application='CareApp2',controller='symptoms'*/[0m
  ↳ app/views/symptoms/index.html.erb:27
  [1m[36mSymptom Load (0.2ms)[0m  [1m[34mSELECT "symptoms".* FROM "symptoms" WHERE "symptoms"."name" = '頭痛' LIMIT 1 /*action='index',application='CareApp2',controller='symptoms'*/[0m
  ↳ app/views/symptoms/index.html.erb:27
  [1m[36mSymptom Load (0.2ms)[0m  [1m[34mSELECT "symptoms".* FROM "symptoms" WHERE "symptoms"."name" = '眼精疲労' LIMIT 1 /*action='index',application='CareApp2',controller='symptoms'*/[0m
  ↳ app/views/symptoms/index.html.erb:27
  Rendered symptoms/index.html.erb within layouts/application (Duration: 9.5ms | GC: 0.0ms)
  Rendered layout layouts/application.html.erb (Duration: 10.4ms | GC: 0.0ms)
Completed 200 OK in 141ms (Views: 9.5ms | ActiveRecord: 1.5ms (7 queries, 0 cached) | GC: 0.0ms)


  [1m[36mSymptom Load (13.8ms)[0m  [1m[34mSELECT "symptoms".* FROM "symptoms" /* loading for pp */ LIMIT 11 /*application='CareApp2'*/[0m
  [1m[36mTRANSACTION (0.2ms)[0m  [1m[35mBEGIN /*application='CareApp2'*/[0m
  [1m[36mSymptom Create (1.0ms)[0m  [1m[32mINSERT INTO "symptoms" ("name", "description", "created_at", "updated_at") VALUES ('膝の痛み', '膝の痛み、違和感、歩行時の不快感を改善するセルフケア', '2025-10-05 08:30:37.297033', '2025-10-05 08:30:37.297033') RETURNING "id" /*application='CareApp2'*/[0m
  [1m[36mTRANSACTION (1.9ms)[0m  [1m[35mCOMMIT /*application='CareApp2'*/[0m
  [1m[36mTRANSACTION (0.3ms)[0m  [1m[35mBEGIN /*application='CareApp2'*/[0m
  [1m[36mSymptom Create (1.6ms)[0m  [1m[32mINSERT INTO "symptoms" ("name", "description", "created_at", "updated_at") VALUES ('頭痛', '緊張型頭痛、目の疲れからくる頭痛を和らげるセルフケア', '2025-10-05 08:30:37.304183', '2025-10-05 08:30:37.304183') RETURNING "id" /*application='CareApp2'*/[0m
  [1m[36mTRANSACTION (0.6ms)[0m  [1m[35mCOMMIT /*application='CareApp2'*/[0m
  [1m[36mTRANSACTION (0.1ms)[0m  [1m[35mBEGIN /*application='CareApp2'*/[0m
  [1m[36mSymptom Create (1.7ms)[0m  [1m[32mINSERT INTO "symptoms" ("name", "description", "created_at", "updated_at") VALUES ('眼精疲労', '目の疲れ、ドライアイ、視界のぼやけを改善するセルフケア', '2025-10-05 08:30:37.308533', '2025-10-05 08:30:37.308533') RETURNING "id" /*application='CareApp2'*/[0m
  [1m[36mTRANSACTION (0.4ms)[0m  [1m[35mCOMMIT /*application='CareApp2'*/[0m
  [1m[36mSymptom Count (1.6ms)[0m  [1m[34mSELECT COUNT(*) FROM "symptoms" /*application='CareApp2'*/[0m
Started GET "/symptoms" for ::1 at 2025-10-05 17:30:49 +0900
  [1m[36mActiveRecord::SchemaMigration Load (0.7ms)[0m  [1m[34mSELECT "schema_migrations"."version" FROM "schema_migrations" ORDER BY "schema_migrations"."version" ASC /*application='CareApp2'*/[0m
Processing by SymptomsController#index as HTML
  [1m[36mUser Load (0.9ms)[0m  [1m[34mSELECT "users".* FROM "users" WHERE "users"."id" = 1 LIMIT 1 /*action='index',application='CareApp2',controller='symptoms'*/[0m
  ↳ app/controllers/application_controller.rb:4:in 'ApplicationController#current_user'
  Rendering layout layouts/application.html.erb
  Rendering symptoms/index.html.erb within layouts/application
  [1m[36mSymptom Load (0.5ms)[0m  [1m[34mSELECT "symptoms".* FROM "symptoms" WHERE "symptoms"."name" = '腰痛' LIMIT 1 /*action='index',application='CareApp2',controller='symptoms'*/[0m
  ↳ app/views/symptoms/index.html.erb:27
  [1m[36mSymptom Load (0.4ms)[0m  [1m[34mSELECT "symptoms".* FROM "symptoms" WHERE "symptoms"."name" = '肩こり' LIMIT 1 /*action='index',application='CareApp2',controller='symptoms'*/[0m
  ↳ app/views/symptoms/index.html.erb:27
  [1m[36mSymptom Load (0.2ms)[0m  [1m[34mSELECT "symptoms".* FROM "symptoms" WHERE "symptoms"."name" = '首の痛み' LIMIT 1 /*action='index',application='CareApp2',controller='symptoms'*/[0m
  ↳ app/views/symptoms/index.html.erb:27
  [1m[36mSymptom Load (0.3ms)[0m  [1m[34mSELECT "symptoms".* FROM "symptoms" WHERE "symptoms"."name" = '膝の痛み' LIMIT 1 /*action='index',application='CareApp2',controller='symptoms'*/[0m
  ↳ app/views/symptoms/index.html.erb:27
  [1m[36mSymptom Load (0.2ms)[0m  [1m[34mSELECT "symptoms".* FROM "symptoms" WHERE "symptoms"."name" = '頭痛' LIMIT 1 /*action='index',application='CareApp2',controller='symptoms'*/[0m
  ↳ app/views/symptoms/index.html.erb:27
  [1m[36mSymptom Load (0.2ms)[0m  [1m[34mSELECT "symptoms".* FROM "symptoms" WHERE "symptoms"."name" = '眼精疲労' LIMIT 1 /*action='index',application='CareApp2',controller='symptoms'*/[0m
  ↳ app/views/symptoms/index.html.erb:27
  Rendered symptoms/index.html.erb within layouts/application (Duration: 19.2ms | GC: 0.0ms)
  Rendered layout layouts/application.html.erb (Duration: 38.9ms | GC: 0.0ms)
Completed 200 OK in 215ms (Views: 37.2ms | ActiveRecord: 31.9ms (7 queries, 0 cached) | GC: 0.0ms)


Started GET "/symptoms/4" for ::1 at 2025-10-05 17:30:52 +0900
Processing by SymptomsController#show as HTML
  Parameters: {"id" => "4"}
  [1m[36mUser Load (0.4ms)[0m  [1m[34mSELECT "users".* FROM "users" WHERE "users"."id" = 1 LIMIT 1 /*action='show',application='CareApp2',controller='symptoms'*/[0m
  ↳ app/controllers/application_controller.rb:4:in 'ApplicationController#current_user'
  [1m[36mSymptom Load (0.2ms)[0m  [1m[34mSELECT "symptoms".* FROM "symptoms" WHERE "symptoms"."id" = 4 LIMIT 1 /*action='show',application='CareApp2',controller='symptoms'*/[0m
  ↳ app/controllers/symptoms_controller.rb:9:in 'SymptomsController#show'
  Rendering layout layouts/application.html.erb
  Rendering symptoms/show.html.erb within layouts/application
  [1m[36mExercise Exists? (0.4ms)[0m  [1m[34mSELECT 1 AS one FROM "exercises" WHERE "exercises"."symptom_id" = 4 LIMIT 1 /*action='show',application='CareApp2',controller='symptoms'*/[0m
  ↳ app/views/symptoms/show.html.erb:11
  [1m[36mExercise Load (0.3ms)[0m  [1m[34mSELECT "exercises".* FROM "exercises" WHERE "exercises"."symptom_id" = 4 /*action='show',application='CareApp2',controller='symptoms'*/[0m
  ↳ app/views/symptoms/show.html.erb:13
  [1m[36mActiveStorage::Attachment Load (0.5ms)[0m  [1m[34mSELECT "active_storage_attachments".* FROM "active_storage_attachments" WHERE "active_storage_attachments"."record_id" = 3 AND "active_storage_attachments"."record_type" = 'Exercise' AND "active_storage_attachments"."name" = 'video_file' LIMIT 1 /*action='show',application='CareApp2',controller='symptoms'*/[0m
  ↳ app/models/exercise.rb:17:in 'Exercise#has_video?'
  Rendered symptoms/show.html.erb within layouts/application (Duration: 23.3ms | GC: 0.0ms)
  Rendered layout layouts/application.html.erb (Duration: 23.9ms | GC: 0.0ms)
Completed 200 OK in 141ms (Views: 20.2ms | ActiveRecord: 5.8ms (5 queries, 0 cached) | GC: 0.0ms)


Started GET "/exercises/3" for ::1 at 2025-10-05 17:30:53 +0900
  
ActionController::RoutingError (uninitialized constant ExercisesController)
Caused by: ActionDispatch::MissingController (uninitialized constant ExercisesController)
Caused by: NameError (uninitialized constant ExercisesController)

Information for: ActionController::RoutingError (uninitialized constant ExercisesController):
  

Information for cause: ActionDispatch::MissingController (uninitialized constant ExercisesController):
  
actionpack (8.0.3) lib/action_dispatch/http/request.rb:102:in 'ActionDispatch::Request#controller_class_for'
actionpack (8.0.3) lib/action_dispatch/http/request.rb:91:in 'ActionDispatch::Request#controller_class'
actionpack (8.0.3) lib/action_dispatch/routing/route_set.rb:61:in 'ActionDispatch::Routing::RouteSet::Dispatcher#controller'
actionpack (8.0.3) lib/action_dispatch/routing/route_set.rb:48:in 'ActionDispatch::Routing::RouteSet::Dispatcher#serve'
actionpack (8.0.3) lib/action_dispatch/journey/router.rb:53:in 'block in ActionDispatch::Journey::Router#serve'
actionpack (8.0.3) lib/action_dispatch/journey/router.rb:133:in 'block in ActionDispatch::Journey::Router#find_routes'
actionpack (8.0.3) lib/action_dispatch/journey/router.rb:126:in 'Array#each'
actionpack (8.0.3) lib/action_dispatch/journey/router.rb:126:in 'ActionDispatch::Journey::Router#find_routes'
actionpack (8.0.3) lib/action_dispatch/journey/router.rb:34:in 'ActionDispatch::Journey::Router#serve'
actionpack (8.0.3) lib/action_dispatch/routing/route_set.rb:908:in 'ActionDispatch::Routing::RouteSet#call'
railties (8.0.3) lib/rails/engine/lazy_route_set.rb:60:in 'Rails::Engine::LazyRouteSet#call'
rack (3.2.1) lib/rack/tempfile_reaper.rb:20:in 'Rack::TempfileReaper#call'
rack (3.2.1) lib/rack/etag.rb:29:in 'Rack::ETag#call'
rack (3.2.1) lib/rack/conditional_get.rb:31:in 'Rack::ConditionalGet#call'
rack (3.2.1) lib/rack/head.rb:15:in 'Rack::Head#call'
actionpack (8.0.3) lib/action_dispatch/http/permissions_policy.rb:38:in 'ActionDispatch::PermissionsPolicy::Middleware#call'
actionpack (8.0.3) lib/action_dispatch/http/content_security_policy.rb:38:in 'ActionDispatch::ContentSecurityPolicy::Middleware#call'
rack-session (2.1.1) lib/rack/session/abstract/id.rb:274:in 'Rack::Session::Abstract::Persisted#context'
rack-session (2.1.1) lib/rack/session/abstract/id.rb:268:in 'Rack::Session::Abstract::Persisted#call'
actionpack (8.0.3) lib/action_dispatch/middleware/cookies.rb:706:in 'ActionDispatch::Cookies#call'
activerecord (8.0.3) lib/active_record/migration.rb:670:in 'ActiveRecord::Migration::CheckPending#call'
actionpack (8.0.3) lib/action_dispatch/middleware/callbacks.rb:31:in 'block in ActionDispatch::Callbacks#call'
activesupport (8.0.3) lib/active_support/callbacks.rb:100:in 'ActiveSupport::Callbacks#run_callbacks'
actionpack (8.0.3) lib/action_dispatch/middleware/callbacks.rb:30:in 'ActionDispatch::Callbacks#call'
actionpack (8.0.3) lib/action_dispatch/middleware/executor.rb:16:in 'ActionDispatch::Executor#call'
actionpack (8.0.3) lib/action_dispatch/middleware/actionable_exceptions.rb:18:in 'ActionDispatch::ActionableExceptions#call'
actionpack (8.0.3) lib/action_dispatch/middleware/debug_exceptions.rb:31:in 'ActionDispatch::DebugExceptions#call'
web-console (4.2.1) lib/web_console/middleware.rb:132:in 'WebConsole::Middleware#call_app'
web-console (4.2.1) lib/web_console/middleware.rb:28:in 'block in WebConsole::Middleware#call'
web-console (4.2.1) lib/web_console/middleware.rb:17:in 'Kernel#catch'
web-console (4.2.1) lib/web_console/middleware.rb:17:in 'WebConsole::Middleware#call'
actionpack (8.0.3) lib/action_dispatch/middleware/show_exceptions.rb:32:in 'ActionDispatch::ShowExceptions#call'
railties (8.0.3) lib/rails/rack/logger.rb:41:in 'Rails::Rack::Logger#call_app'
railties (8.0.3) lib/rails/rack/logger.rb:29:in 'Rails::Rack::Logger#call'
actionpack (8.0.3) lib/action_dispatch/middleware/remote_ip.rb:96:in 'ActionDispatch::RemoteIp#call'
actionpack (8.0.3) lib/action_dispatch/middleware/request_id.rb:34:in 'ActionDispatch::RequestId#call'
rack (3.2.1) lib/rack/method_override.rb:28:in 'Rack::MethodOverride#call'
rack (3.2.1) lib/rack/runtime.rb:24:in 'Rack::Runtime#call'
actionpack (8.0.3) lib/action_dispatch/middleware/server_timing.rb:61:in 'block in ActionDispatch::ServerTiming#call'
actionpack (8.0.3) lib/action_dispatch/middleware/server_timing.rb:26:in 'ActionDispatch::ServerTiming::Subscriber#collect_events'
actionpack (8.0.3) lib/action_dispatch/middleware/server_timing.rb:60:in 'ActionDispatch::ServerTiming#call'
actionpack (8.0.3) lib/action_dispatch/middleware/executor.rb:16:in 'ActionDispatch::Executor#call'
propshaft (1.3.1) lib/propshaft/server.rb:37:in 'Propshaft::Server#call'
actionpack (8.0.3) lib/action_dispatch/middleware/static.rb:27:in 'ActionDispatch::Static#call'
rack (3.2.1) lib/rack/sendfile.rb:114:in 'Rack::Sendfile#call'
actionpack (8.0.3) lib/action_dispatch/middleware/host_authorization.rb:143:in 'ActionDispatch::HostAuthorization#call'
railties (8.0.3) lib/rails/engine.rb:535:in 'Rails::Engine#call'
puma (7.0.4) lib/puma/configuration.rb:299:in 'Puma::Configuration::ConfigMiddleware#call'
puma (7.0.4) lib/puma/request.rb:101:in 'block in Puma::Request#handle_request'
puma (7.0.4) lib/puma/thread_pool.rb:346:in 'Puma::ThreadPool#with_force_shutdown'
puma (7.0.4) lib/puma/request.rb:100:in 'Puma::Request#handle_request'
puma (7.0.4) lib/puma/server.rb:506:in 'Puma::Server#process_client'
puma (7.0.4) lib/puma/server.rb:265:in 'block in Puma::Server#run'
puma (7.0.4) lib/puma/thread_pool.rb:173:in 'block in Puma::ThreadPool#spawn_thread'

Information for cause: NameError (uninitialized constant ExercisesController):
  
activesupport (8.0.3) lib/active_support/inflector/methods.rb:290:in 'ActiveSupport::Inflector#constantize'
activesupport (8.0.3) lib/active_support/core_ext/string/inflections.rb:74:in 'String#constantize'
actionpack (8.0.3) lib/action_dispatch/http/request.rb:99:in 'ActionDispatch::Request#controller_class_for'
actionpack (8.0.3) lib/action_dispatch/http/request.rb:91:in 'ActionDispatch::Request#controller_class'
actionpack (8.0.3) lib/action_dispatch/routing/route_set.rb:61:in 'ActionDispatch::Routing::RouteSet::Dispatcher#controller'
actionpack (8.0.3) lib/action_dispatch/routing/route_set.rb:48:in 'ActionDispatch::Routing::RouteSet::Dispatcher#serve'
actionpack (8.0.3) lib/action_dispatch/journey/router.rb:53:in 'block in ActionDispatch::Journey::Router#serve'
actionpack (8.0.3) lib/action_dispatch/journey/router.rb:133:in 'block in ActionDispatch::Journey::Router#find_routes'
actionpack (8.0.3) lib/action_dispatch/journey/router.rb:126:in 'Array#each'
actionpack (8.0.3) lib/action_dispatch/journey/router.rb:126:in 'ActionDispatch::Journey::Router#find_routes'
actionpack (8.0.3) lib/action_dispatch/journey/router.rb:34:in 'ActionDispatch::Journey::Router#serve'
actionpack (8.0.3) lib/action_dispatch/routing/route_set.rb:908:in 'ActionDispatch::Routing::RouteSet#call'
railties (8.0.3) lib/rails/engine/lazy_route_set.rb:60:in 'Rails::Engine::LazyRouteSet#call'
rack (3.2.1) lib/rack/tempfile_reaper.rb:20:in 'Rack::TempfileReaper#call'
rack (3.2.1) lib/rack/etag.rb:29:in 'Rack::ETag#call'
rack (3.2.1) lib/rack/conditional_get.rb:31:in 'Rack::ConditionalGet#call'
rack (3.2.1) lib/rack/head.rb:15:in 'Rack::Head#call'
actionpack (8.0.3) lib/action_dispatch/http/permissions_policy.rb:38:in 'ActionDispatch::PermissionsPolicy::Middleware#call'
actionpack (8.0.3) lib/action_dispatch/http/content_security_policy.rb:38:in 'ActionDispatch::ContentSecurityPolicy::Middleware#call'
rack-session (2.1.1) lib/rack/session/abstract/id.rb:274:in 'Rack::Session::Abstract::Persisted#context'
rack-session (2.1.1) lib/rack/session/abstract/id.rb:268:in 'Rack::Session::Abstract::Persisted#call'
actionpack (8.0.3) lib/action_dispatch/middleware/cookies.rb:706:in 'ActionDispatch::Cookies#call'
activerecord (8.0.3) lib/active_record/migration.rb:670:in 'ActiveRecord::Migration::CheckPending#call'
actionpack (8.0.3) lib/action_dispatch/middleware/callbacks.rb:31:in 'block in ActionDispatch::Callbacks#call'
activesupport (8.0.3) lib/active_support/callbacks.rb:100:in 'ActiveSupport::Callbacks#run_callbacks'
actionpack (8.0.3) lib/action_dispatch/middleware/callbacks.rb:30:in 'ActionDispatch::Callbacks#call'
actionpack (8.0.3) lib/action_dispatch/middleware/executor.rb:16:in 'ActionDispatch::Executor#call'
actionpack (8.0.3) lib/action_dispatch/middleware/actionable_exceptions.rb:18:in 'ActionDispatch::ActionableExceptions#call'
actionpack (8.0.3) lib/action_dispatch/middleware/debug_exceptions.rb:31:in 'ActionDispatch::DebugExceptions#call'
web-console (4.2.1) lib/web_console/middleware.rb:132:in 'WebConsole::Middleware#call_app'
web-console (4.2.1) lib/web_console/middleware.rb:28:in 'block in WebConsole::Middleware#call'
web-console (4.2.1) lib/web_console/middleware.rb:17:in 'Kernel#catch'
web-console (4.2.1) lib/web_console/middleware.rb:17:in 'WebConsole::Middleware#call'
actionpack (8.0.3) lib/action_dispatch/middleware/show_exceptions.rb:32:in 'ActionDispatch::ShowExceptions#call'
railties (8.0.3) lib/rails/rack/logger.rb:41:in 'Rails::Rack::Logger#call_app'
railties (8.0.3) lib/rails/rack/logger.rb:29:in 'Rails::Rack::Logger#call'
actionpack (8.0.3) lib/action_dispatch/middleware/remote_ip.rb:96:in 'ActionDispatch::RemoteIp#call'
actionpack (8.0.3) lib/action_dispatch/middleware/request_id.rb:34:in 'ActionDispatch::RequestId#call'
rack (3.2.1) lib/rack/method_override.rb:28:in 'Rack::MethodOverride#call'
rack (3.2.1) lib/rack/runtime.rb:24:in 'Rack::Runtime#call'
actionpack (8.0.3) lib/action_dispatch/middleware/server_timing.rb:61:in 'block in ActionDispatch::ServerTiming#call'
actionpack (8.0.3) lib/action_dispatch/middleware/server_timing.rb:26:in 'ActionDispatch::ServerTiming::Subscriber#collect_events'
actionpack (8.0.3) lib/action_dispatch/middleware/server_timing.rb:60:in 'ActionDispatch::ServerTiming#call'
actionpack (8.0.3) lib/action_dispatch/middleware/executor.rb:16:in 'ActionDispatch::Executor#call'
propshaft (1.3.1) lib/propshaft/server.rb:37:in 'Propshaft::Server#call'
actionpack (8.0.3) lib/action_dispatch/middleware/static.rb:27:in 'ActionDispatch::Static#call'
rack (3.2.1) lib/rack/sendfile.rb:114:in 'Rack::Sendfile#call'
actionpack (8.0.3) lib/action_dispatch/middleware/host_authorization.rb:143:in 'ActionDispatch::HostAuthorization#call'
railties (8.0.3) lib/rails/engine.rb:535:in 'Rails::Engine#call'
puma (7.0.4) lib/puma/configuration.rb:299:in 'Puma::Configuration::ConfigMiddleware#call'
puma (7.0.4) lib/puma/request.rb:101:in 'block in Puma::Request#handle_request'
puma (7.0.4) lib/puma/thread_pool.rb:346:in 'Puma::ThreadPool#with_force_shutdown'
puma (7.0.4) lib/puma/request.rb:100:in 'Puma::Request#handle_request'
puma (7.0.4) lib/puma/server.rb:506:in 'Puma::Server#process_client'
puma (7.0.4) lib/puma/server.rb:265:in 'block in Puma::Server#run'
puma (7.0.4) lib/puma/thread_pool.rb:173:in 'block in Puma::ThreadPool#spawn_thread'
Started GET "/symptoms/4" for ::1 at 2025-10-05 17:30:55 +0900
Processing by SymptomsController#show as HTML
  Parameters: {"id" => "4"}
  [1m[36mUser Load (0.7ms)[0m  [1m[34mSELECT "users".* FROM "users" WHERE "users"."id" = 1 LIMIT 1 /*action='show',application='CareApp2',controller='symptoms'*/[0m
  ↳ app/controllers/application_controller.rb:4:in 'ApplicationController#current_user'
  [1m[36mSymptom Load (0.2ms)[0m  [1m[34mSELECT "symptoms".* FROM "symptoms" WHERE "symptoms"."id" = 4 LIMIT 1 /*action='show',application='CareApp2',controller='symptoms'*/[0m
  ↳ app/controllers/symptoms_controller.rb:9:in 'SymptomsController#show'
  Rendering layout layouts/application.html.erb
  Rendering symptoms/show.html.erb within layouts/application
  [1m[36mExercise Exists? (0.2ms)[0m  [1m[34mSELECT 1 AS one FROM "exercises" WHERE "exercises"."symptom_id" = 4 LIMIT 1 /*action='show',application='CareApp2',controller='symptoms'*/[0m
  ↳ app/views/symptoms/show.html.erb:11
  [1m[36mExercise Load (0.3ms)[0m  [1m[34mSELECT "exercises".* FROM "exercises" WHERE "exercises"."symptom_id" = 4 /*action='show',application='CareApp2',controller='symptoms'*/[0m
  ↳ app/views/symptoms/show.html.erb:13
  [1m[36mActiveStorage::Attachment Load (0.3ms)[0m  [1m[34mSELECT "active_storage_attachments".* FROM "active_storage_attachments" WHERE "active_storage_attachments"."record_id" = 3 AND "active_storage_attachments"."record_type" = 'Exercise' AND "active_storage_attachments"."name" = 'video_file' LIMIT 1 /*action='show',application='CareApp2',controller='symptoms'*/[0m
  ↳ app/models/exercise.rb:17:in 'Exercise#has_video?'
  Rendered symptoms/show.html.erb within layouts/application (Duration: 8.9ms | GC: 0.0ms)
  Rendered layout layouts/application.html.erb (Duration: 9.5ms | GC: 0.0ms)
Completed 200 OK in 118ms (Views: 9.0ms | ActiveRecord: 1.8ms (5 queries, 0 cached) | GC: 0.0ms)


Started GET "/" for ::1 at 2025-10-07 23:19:19 +0900
  [1m[36mActiveRecord::SchemaMigration Load (9.2ms)[0m  [1m[34mSELECT "schema_migrations"."version" FROM "schema_migrations" ORDER BY "schema_migrations"."version" ASC /*application='CareApp2'*/[0m
Processing by SessionsController#new as HTML
  Rendering layout layouts/application.html.erb
  Rendering sessions/new.html.erb within layouts/application
  Rendered sessions/new.html.erb within layouts/application (Duration: 16.4ms | GC: 0.0ms)
  Rendered layout layouts/application.html.erb (Duration: 72.6ms | GC: 0.0ms)
Completed 200 OK in 238ms (Views: 79.9ms | ActiveRecord: 0.0ms (0 queries, 0 cached) | GC: 0.0ms)


Started POST "/login" for ::1 at 2025-10-07 23:19:32 +0900
Processing by SessionsController#create as TURBO_STREAM
  Parameters: {"authenticity_token" => "[FILTERED]", "email" => "[FILTERED]", "password" => "[FILTERED]", "commit" => "ログイン"}
  [1m[36mUser Load (3.3ms)[0m  [1m[34mSELECT "users".* FROM "users" WHERE "users"."email" = 'wataru1983_118@yahoo.co.jp' LIMIT 1 /*action='create',application='CareApp2',controller='sessions'*/[0m
  ↳ app/controllers/sessions_controller.rb:6:in 'SessionsController#create'
Redirected to http://localhost:3000/users/1
Completed 302 Found in 1011ms (ActiveRecord: 127.8ms (1 query, 0 cached) | GC: 0.0ms)


Started GET "/users/1" for ::1 at 2025-10-07 23:19:33 +0900
Processing by UsersController#show as TURBO_STREAM
  Parameters: {"id" => "1"}
  [1m[36mUser Load (12.0ms)[0m  [1m[34mSELECT "users".* FROM "users" WHERE "users"."id" = 1 LIMIT 1 /*action='show',application='CareApp2',controller='users'*/[0m
  ↳ app/controllers/users_controller.rb:46:in 'UsersController#set_user'
  [1m[36mCACHE User Load (0.0ms)[0m  [1m[34mSELECT "users".* FROM "users" WHERE "users"."id" = 1 LIMIT 1[0m
  ↳ app/controllers/application_controller.rb:4:in 'ApplicationController#current_user'
  Rendering layout layouts/application.html.erb
  Rendering users/show.html.erb within layouts/application
  [1m[36mActiveStorage::Attachment Load (2.0ms)[0m  [1m[34mSELECT "active_storage_attachments".* FROM "active_storage_attachments" WHERE "active_storage_attachments"."record_id" = 1 AND "active_storage_attachments"."record_type" = 'User' AND "active_storage_attachments"."name" = 'avatar' LIMIT 1 /*action='show',application='CareApp2',controller='users'*/[0m
  ↳ app/views/users/show.html.erb:15
  Rendered users/show.html.erb within layouts/application (Duration: 42.9ms | GC: 0.0ms)
  Rendered layout layouts/application.html.erb (Duration: 44.3ms | GC: 0.0ms)
Completed 200 OK in 347ms (Views: 52.5ms | ActiveRecord: 17.5ms (3 queries, 1 cached) | GC: 0.0ms)


Started GET "/symptoms" for ::1 at 2025-10-07 23:19:36 +0900
Processing by SymptomsController#index as HTML
  [1m[36mUser Load (0.4ms)[0m  [1m[34mSELECT "users".* FROM "users" WHERE "users"."id" = 1 LIMIT 1 /*action='index',application='CareApp2',controller='symptoms'*/[0m
  ↳ app/controllers/application_controller.rb:4:in 'ApplicationController#current_user'
  Rendering layout layouts/application.html.erb
  Rendering symptoms/index.html.erb within layouts/application
  [1m[36mSymptom Load (15.9ms)[0m  [1m[34mSELECT "symptoms".* FROM "symptoms" WHERE "symptoms"."name" = '腰痛' LIMIT 1 /*action='index',application='CareApp2',controller='symptoms'*/[0m
  ↳ app/views/symptoms/index.html.erb:27
  [1m[36mSymptom Load (3.2ms)[0m  [1m[34mSELECT "symptoms".* FROM "symptoms" WHERE "symptoms"."name" = '肩こり' LIMIT 1 /*action='index',application='CareApp2',controller='symptoms'*/[0m
  ↳ app/views/symptoms/index.html.erb:27
  [1m[36mSymptom Load (0.3ms)[0m  [1m[34mSELECT "symptoms".* FROM "symptoms" WHERE "symptoms"."name" = '首の痛み' LIMIT 1 /*action='index',application='CareApp2',controller='symptoms'*/[0m
  ↳ app/views/symptoms/index.html.erb:27
  [1m[36mSymptom Load (7.4ms)[0m  [1m[34mSELECT "symptoms".* FROM "symptoms" WHERE "symptoms"."name" = '膝の痛み' LIMIT 1 /*action='index',application='CareApp2',controller='symptoms'*/[0m
  ↳ app/views/symptoms/index.html.erb:27
  [1m[36mSymptom Load (0.3ms)[0m  [1m[34mSELECT "symptoms".* FROM "symptoms" WHERE "symptoms"."name" = '頭痛' LIMIT 1 /*action='index',application='CareApp2',controller='symptoms'*/[0m
  ↳ app/views/symptoms/index.html.erb:27
  [1m[36mSymptom Load (0.3ms)[0m  [1m[34mSELECT "symptoms".* FROM "symptoms" WHERE "symptoms"."name" = '眼精疲労' LIMIT 1 /*action='index',application='CareApp2',controller='symptoms'*/[0m
  ↳ app/views/symptoms/index.html.erb:27
  Rendered symptoms/index.html.erb within layouts/application (Duration: 69.1ms | GC: 0.0ms)
  Rendered layout layouts/application.html.erb (Duration: 75.2ms | GC: 0.0ms)
Completed 200 OK in 284ms (Views: 40.7ms | ActiveRecord: 36.3ms (7 queries, 0 cached) | GC: 0.0ms)


Started GET "/users/1/edit" for ::1 at 2025-10-07 23:19:37 +0900
Processing by UsersController#edit as HTML
  Parameters: {"id" => "1"}
  [1m[36mUser Load (0.4ms)[0m  [1m[34mSELECT "users".* FROM "users" WHERE "users"."id" = 1 LIMIT 1 /*action='edit',application='CareApp2',controller='users'*/[0m
  ↳ app/controllers/users_controller.rb:46:in 'UsersController#set_user'
  [1m[36mCACHE User Load (0.0ms)[0m  [1m[34mSELECT "users".* FROM "users" WHERE "users"."id" = 1 LIMIT 1[0m
  ↳ app/controllers/application_controller.rb:4:in 'ApplicationController#current_user'
  Rendering layout layouts/application.html.erb
  Rendering users/edit.html.erb within layouts/application
  [1m[36mActiveStorage::Attachment Load (3.1ms)[0m  [1m[34mSELECT "active_storage_attachments".* FROM "active_storage_attachments" WHERE "active_storage_attachments"."record_id" = 1 AND "active_storage_attachments"."record_type" = 'User' AND "active_storage_attachments"."name" = 'avatar' LIMIT 1 /*action='edit',application='CareApp2',controller='users'*/[0m
  ↳ app/views/users/edit.html.erb:23
  Rendered users/edit.html.erb within layouts/application (Duration: 24.4ms | GC: 0.0ms)
  Rendered layout layouts/application.html.erb (Duration: 27.4ms | GC: 0.0ms)
Completed 200 OK in 192ms (Views: 25.3ms | ActiveRecord: 3.4ms (3 queries, 1 cached) | GC: 0.0ms)


Started GET "/users/1" for ::1 at 2025-10-07 23:19:41 +0900
Processing by UsersController#show as HTML
  Parameters: {"id" => "1"}
  [1m[36mUser Load (0.4ms)[0m  [1m[34mSELECT "users".* FROM "users" WHERE "users"."id" = 1 LIMIT 1 /*action='show',application='CareApp2',controller='users'*/[0m
  ↳ app/controllers/users_controller.rb:46:in 'UsersController#set_user'
  [1m[36mCACHE User Load (0.0ms)[0m  [1m[34mSELECT "users".* FROM "users" WHERE "users"."id" = 1 LIMIT 1[0m
  ↳ app/controllers/application_controller.rb:4:in 'ApplicationController#current_user'
  Rendering layout layouts/application.html.erb
  Rendering users/show.html.erb within layouts/application
  [1m[36mActiveStorage::Attachment Load (0.5ms)[0m  [1m[34mSELECT "active_storage_attachments".* FROM "active_storage_attachments" WHERE "active_storage_attachments"."record_id" = 1 AND "active_storage_attachments"."record_type" = 'User' AND "active_storage_attachments"."name" = 'avatar' LIMIT 1 /*action='show',application='CareApp2',controller='users'*/[0m
  ↳ app/views/users/show.html.erb:15
  Rendered users/show.html.erb within layouts/application (Duration: 7.3ms | GC: 0.0ms)
  Rendered layout layouts/application.html.erb (Duration: 8.4ms | GC: 0.0ms)
Completed 200 OK in 214ms (Views: 8.3ms | ActiveRecord: 0.8ms (3 queries, 1 cached) | GC: 0.0ms)


Started GET "/symptoms" for ::1 at 2025-10-07 23:19:42 +0900
Processing by SymptomsController#index as HTML
  [1m[36mUser Load (0.4ms)[0m  [1m[34mSELECT "users".* FROM "users" WHERE "users"."id" = 1 LIMIT 1 /*action='index',application='CareApp2',controller='symptoms'*/[0m
  ↳ app/controllers/application_controller.rb:4:in 'ApplicationController#current_user'
  Rendering layout layouts/application.html.erb
  Rendering symptoms/index.html.erb within layouts/application
  [1m[36mSymptom Load (0.2ms)[0m  [1m[34mSELECT "symptoms".* FROM "symptoms" WHERE "symptoms"."name" = '腰痛' LIMIT 1 /*action='index',application='CareApp2',controller='symptoms'*/[0m
  ↳ app/views/symptoms/index.html.erb:27
  [1m[36mSymptom Load (0.3ms)[0m  [1m[34mSELECT "symptoms".* FROM "symptoms" WHERE "symptoms"."name" = '肩こり' LIMIT 1 /*action='index',application='CareApp2',controller='symptoms'*/[0m
  ↳ app/views/symptoms/index.html.erb:27
  [1m[36mSymptom Load (0.2ms)[0m  [1m[34mSELECT "symptoms".* FROM "symptoms" WHERE "symptoms"."name" = '首の痛み' LIMIT 1 /*action='index',application='CareApp2',controller='symptoms'*/[0m
  ↳ app/views/symptoms/index.html.erb:27
  [1m[36mSymptom Load (0.3ms)[0m  [1m[34mSELECT "symptoms".* FROM "symptoms" WHERE "symptoms"."name" = '膝の痛み' LIMIT 1 /*action='index',application='CareApp2',controller='symptoms'*/[0m
  ↳ app/views/symptoms/index.html.erb:27
  [1m[36mSymptom Load (0.3ms)[0m  [1m[34mSELECT "symptoms".* FROM "symptoms" WHERE "symptoms"."name" = '頭痛' LIMIT 1 /*action='index',application='CareApp2',controller='symptoms'*/[0m
  ↳ app/views/symptoms/index.html.erb:27
  [1m[36mSymptom Load (0.2ms)[0m  [1m[34mSELECT "symptoms".* FROM "symptoms" WHERE "symptoms"."name" = '眼精疲労' LIMIT 1 /*action='index',application='CareApp2',controller='symptoms'*/[0m
  ↳ app/views/symptoms/index.html.erb:27
  Rendered symptoms/index.html.erb within layouts/application (Duration: 29.9ms | GC: 0.0ms)
  Rendered layout layouts/application.html.erb (Duration: 31.4ms | GC: 0.0ms)
Completed 200 OK in 244ms (Views: 30.8ms | ActiveRecord: 1.8ms (7 queries, 0 cached) | GC: 0.0ms)


Started GET "/symptoms/4" for ::1 at 2025-10-07 23:19:45 +0900
Processing by SymptomsController#show as HTML
  Parameters: {"id" => "4"}
  [1m[36mUser Load (0.4ms)[0m  [1m[34mSELECT "users".* FROM "users" WHERE "users"."id" = 1 LIMIT 1 /*action='show',application='CareApp2',controller='symptoms'*/[0m
  ↳ app/controllers/application_controller.rb:4:in 'ApplicationController#current_user'
  [1m[36mSymptom Load (0.6ms)[0m  [1m[34mSELECT "symptoms".* FROM "symptoms" WHERE "symptoms"."id" = 4 LIMIT 1 /*action='show',application='CareApp2',controller='symptoms'*/[0m
  ↳ app/controllers/symptoms_controller.rb:9:in 'SymptomsController#show'
  Rendering layout layouts/application.html.erb
  Rendering symptoms/show.html.erb within layouts/application
  [1m[36mExercise Exists? (5.7ms)[0m  [1m[34mSELECT 1 AS one FROM "exercises" WHERE "exercises"."symptom_id" = 4 LIMIT 1 /*action='show',application='CareApp2',controller='symptoms'*/[0m
  ↳ app/views/symptoms/show.html.erb:11
  [1m[36mExercise Load (0.3ms)[0m  [1m[34mSELECT "exercises".* FROM "exercises" WHERE "exercises"."symptom_id" = 4 /*action='show',application='CareApp2',controller='symptoms'*/[0m
  ↳ app/views/symptoms/show.html.erb:13
  [1m[36mActiveStorage::Attachment Load (3.3ms)[0m  [1m[34mSELECT "active_storage_attachments".* FROM "active_storage_attachments" WHERE "active_storage_attachments"."record_id" = 3 AND "active_storage_attachments"."record_type" = 'Exercise' AND "active_storage_attachments"."name" = 'video_file' LIMIT 1 /*action='show',application='CareApp2',controller='symptoms'*/[0m
  ↳ app/models/exercise.rb:17:in 'Exercise#has_video?'
  Rendered symptoms/show.html.erb within layouts/application (Duration: 30.7ms | GC: 0.0ms)
  Rendered layout layouts/application.html.erb (Duration: 31.5ms | GC: 0.0ms)
Completed 200 OK in 208ms (Views: 21.0ms | ActiveRecord: 13.0ms (5 queries, 0 cached) | GC: 0.0ms)


Started GET "/exercises/3" for ::1 at 2025-10-07 23:19:48 +0900
  
ActionController::RoutingError (uninitialized constant ExercisesController)
Caused by: ActionDispatch::MissingController (uninitialized constant ExercisesController)
Caused by: NameError (uninitialized constant ExercisesController)

Information for: ActionController::RoutingError (uninitialized constant ExercisesController):
  

Information for cause: ActionDispatch::MissingController (uninitialized constant ExercisesController):
  
actionpack (8.0.3) lib/action_dispatch/http/request.rb:102:in 'ActionDispatch::Request#controller_class_for'
actionpack (8.0.3) lib/action_dispatch/http/request.rb:91:in 'ActionDispatch::Request#controller_class'
actionpack (8.0.3) lib/action_dispatch/routing/route_set.rb:61:in 'ActionDispatch::Routing::RouteSet::Dispatcher#controller'
actionpack (8.0.3) lib/action_dispatch/routing/route_set.rb:48:in 'ActionDispatch::Routing::RouteSet::Dispatcher#serve'
actionpack (8.0.3) lib/action_dispatch/journey/router.rb:53:in 'block in ActionDispatch::Journey::Router#serve'
actionpack (8.0.3) lib/action_dispatch/journey/router.rb:133:in 'block in ActionDispatch::Journey::Router#find_routes'
actionpack (8.0.3) lib/action_dispatch/journey/router.rb:126:in 'Array#each'
actionpack (8.0.3) lib/action_dispatch/journey/router.rb:126:in 'ActionDispatch::Journey::Router#find_routes'
actionpack (8.0.3) lib/action_dispatch/journey/router.rb:34:in 'ActionDispatch::Journey::Router#serve'
actionpack (8.0.3) lib/action_dispatch/routing/route_set.rb:908:in 'ActionDispatch::Routing::RouteSet#call'
railties (8.0.3) lib/rails/engine/lazy_route_set.rb:60:in 'Rails::Engine::LazyRouteSet#call'
rack (3.2.1) lib/rack/tempfile_reaper.rb:20:in 'Rack::TempfileReaper#call'
rack (3.2.1) lib/rack/etag.rb:29:in 'Rack::ETag#call'
rack (3.2.1) lib/rack/conditional_get.rb:31:in 'Rack::ConditionalGet#call'
rack (3.2.1) lib/rack/head.rb:15:in 'Rack::Head#call'
actionpack (8.0.3) lib/action_dispatch/http/permissions_policy.rb:38:in 'ActionDispatch::PermissionsPolicy::Middleware#call'
actionpack (8.0.3) lib/action_dispatch/http/content_security_policy.rb:38:in 'ActionDispatch::ContentSecurityPolicy::Middleware#call'
rack-session (2.1.1) lib/rack/session/abstract/id.rb:274:in 'Rack::Session::Abstract::Persisted#context'
rack-session (2.1.1) lib/rack/session/abstract/id.rb:268:in 'Rack::Session::Abstract::Persisted#call'
actionpack (8.0.3) lib/action_dispatch/middleware/cookies.rb:706:in 'ActionDispatch::Cookies#call'
activerecord (8.0.3) lib/active_record/migration.rb:670:in 'ActiveRecord::Migration::CheckPending#call'
actionpack (8.0.3) lib/action_dispatch/middleware/callbacks.rb:31:in 'block in ActionDispatch::Callbacks#call'
activesupport (8.0.3) lib/active_support/callbacks.rb:100:in 'ActiveSupport::Callbacks#run_callbacks'
actionpack (8.0.3) lib/action_dispatch/middleware/callbacks.rb:30:in 'ActionDispatch::Callbacks#call'
actionpack (8.0.3) lib/action_dispatch/middleware/executor.rb:16:in 'ActionDispatch::Executor#call'
actionpack (8.0.3) lib/action_dispatch/middleware/actionable_exceptions.rb:18:in 'ActionDispatch::ActionableExceptions#call'
actionpack (8.0.3) lib/action_dispatch/middleware/debug_exceptions.rb:31:in 'ActionDispatch::DebugExceptions#call'
web-console (4.2.1) lib/web_console/middleware.rb:132:in 'WebConsole::Middleware#call_app'
web-console (4.2.1) lib/web_console/middleware.rb:28:in 'block in WebConsole::Middleware#call'
web-console (4.2.1) lib/web_console/middleware.rb:17:in 'Kernel#catch'
web-console (4.2.1) lib/web_console/middleware.rb:17:in 'WebConsole::Middleware#call'
actionpack (8.0.3) lib/action_dispatch/middleware/show_exceptions.rb:32:in 'ActionDispatch::ShowExceptions#call'
railties (8.0.3) lib/rails/rack/logger.rb:41:in 'Rails::Rack::Logger#call_app'
railties (8.0.3) lib/rails/rack/logger.rb:29:in 'Rails::Rack::Logger#call'
actionpack (8.0.3) lib/action_dispatch/middleware/remote_ip.rb:96:in 'ActionDispatch::RemoteIp#call'
actionpack (8.0.3) lib/action_dispatch/middleware/request_id.rb:34:in 'ActionDispatch::RequestId#call'
rack (3.2.1) lib/rack/method_override.rb:28:in 'Rack::MethodOverride#call'
rack (3.2.1) lib/rack/runtime.rb:24:in 'Rack::Runtime#call'
actionpack (8.0.3) lib/action_dispatch/middleware/server_timing.rb:61:in 'block in ActionDispatch::ServerTiming#call'
actionpack (8.0.3) lib/action_dispatch/middleware/server_timing.rb:26:in 'ActionDispatch::ServerTiming::Subscriber#collect_events'
actionpack (8.0.3) lib/action_dispatch/middleware/server_timing.rb:60:in 'ActionDispatch::ServerTiming#call'
actionpack (8.0.3) lib/action_dispatch/middleware/executor.rb:16:in 'ActionDispatch::Executor#call'
propshaft (1.3.1) lib/propshaft/server.rb:37:in 'Propshaft::Server#call'
actionpack (8.0.3) lib/action_dispatch/middleware/static.rb:27:in 'ActionDispatch::Static#call'
rack (3.2.1) lib/rack/sendfile.rb:114:in 'Rack::Sendfile#call'
actionpack (8.0.3) lib/action_dispatch/middleware/host_authorization.rb:143:in 'ActionDispatch::HostAuthorization#call'
railties (8.0.3) lib/rails/engine.rb:535:in 'Rails::Engine#call'
puma (7.0.4) lib/puma/configuration.rb:299:in 'Puma::Configuration::ConfigMiddleware#call'
puma (7.0.4) lib/puma/request.rb:101:in 'block in Puma::Request#handle_request'
puma (7.0.4) lib/puma/thread_pool.rb:346:in 'Puma::ThreadPool#with_force_shutdown'
puma (7.0.4) lib/puma/request.rb:100:in 'Puma::Request#handle_request'
puma (7.0.4) lib/puma/server.rb:506:in 'Puma::Server#process_client'
puma (7.0.4) lib/puma/server.rb:265:in 'block in Puma::Server#run'
puma (7.0.4) lib/puma/thread_pool.rb:173:in 'block in Puma::ThreadPool#spawn_thread'

Information for cause: NameError (uninitialized constant ExercisesController):
  
activesupport (8.0.3) lib/active_support/inflector/methods.rb:290:in 'ActiveSupport::Inflector#constantize'
activesupport (8.0.3) lib/active_support/core_ext/string/inflections.rb:74:in 'String#constantize'
actionpack (8.0.3) lib/action_dispatch/http/request.rb:99:in 'ActionDispatch::Request#controller_class_for'
actionpack (8.0.3) lib/action_dispatch/http/request.rb:91:in 'ActionDispatch::Request#controller_class'
actionpack (8.0.3) lib/action_dispatch/routing/route_set.rb:61:in 'ActionDispatch::Routing::RouteSet::Dispatcher#controller'
actionpack (8.0.3) lib/action_dispatch/routing/route_set.rb:48:in 'ActionDispatch::Routing::RouteSet::Dispatcher#serve'
actionpack (8.0.3) lib/action_dispatch/journey/router.rb:53:in 'block in ActionDispatch::Journey::Router#serve'
actionpack (8.0.3) lib/action_dispatch/journey/router.rb:133:in 'block in ActionDispatch::Journey::Router#find_routes'
actionpack (8.0.3) lib/action_dispatch/journey/router.rb:126:in 'Array#each'
actionpack (8.0.3) lib/action_dispatch/journey/router.rb:126:in 'ActionDispatch::Journey::Router#find_routes'
actionpack (8.0.3) lib/action_dispatch/journey/router.rb:34:in 'ActionDispatch::Journey::Router#serve'
actionpack (8.0.3) lib/action_dispatch/routing/route_set.rb:908:in 'ActionDispatch::Routing::RouteSet#call'
railties (8.0.3) lib/rails/engine/lazy_route_set.rb:60:in 'Rails::Engine::LazyRouteSet#call'
rack (3.2.1) lib/rack/tempfile_reaper.rb:20:in 'Rack::TempfileReaper#call'
rack (3.2.1) lib/rack/etag.rb:29:in 'Rack::ETag#call'
rack (3.2.1) lib/rack/conditional_get.rb:31:in 'Rack::ConditionalGet#call'
rack (3.2.1) lib/rack/head.rb:15:in 'Rack::Head#call'
actionpack (8.0.3) lib/action_dispatch/http/permissions_policy.rb:38:in 'ActionDispatch::PermissionsPolicy::Middleware#call'
actionpack (8.0.3) lib/action_dispatch/http/content_security_policy.rb:38:in 'ActionDispatch::ContentSecurityPolicy::Middleware#call'
rack-session (2.1.1) lib/rack/session/abstract/id.rb:274:in 'Rack::Session::Abstract::Persisted#context'
rack-session (2.1.1) lib/rack/session/abstract/id.rb:268:in 'Rack::Session::Abstract::Persisted#call'
actionpack (8.0.3) lib/action_dispatch/middleware/cookies.rb:706:in 'ActionDispatch::Cookies#call'
activerecord (8.0.3) lib/active_record/migration.rb:670:in 'ActiveRecord::Migration::CheckPending#call'
actionpack (8.0.3) lib/action_dispatch/middleware/callbacks.rb:31:in 'block in ActionDispatch::Callbacks#call'
activesupport (8.0.3) lib/active_support/callbacks.rb:100:in 'ActiveSupport::Callbacks#run_callbacks'
actionpack (8.0.3) lib/action_dispatch/middleware/callbacks.rb:30:in 'ActionDispatch::Callbacks#call'
actionpack (8.0.3) lib/action_dispatch/middleware/executor.rb:16:in 'ActionDispatch::Executor#call'
actionpack (8.0.3) lib/action_dispatch/middleware/actionable_exceptions.rb:18:in 'ActionDispatch::ActionableExceptions#call'
actionpack (8.0.3) lib/action_dispatch/middleware/debug_exceptions.rb:31:in 'ActionDispatch::DebugExceptions#call'
web-console (4.2.1) lib/web_console/middleware.rb:132:in 'WebConsole::Middleware#call_app'
web-console (4.2.1) lib/web_console/middleware.rb:28:in 'block in WebConsole::Middleware#call'
web-console (4.2.1) lib/web_console/middleware.rb:17:in 'Kernel#catch'
web-console (4.2.1) lib/web_console/middleware.rb:17:in 'WebConsole::Middleware#call'
actionpack (8.0.3) lib/action_dispatch/middleware/show_exceptions.rb:32:in 'ActionDispatch::ShowExceptions#call'
railties (8.0.3) lib/rails/rack/logger.rb:41:in 'Rails::Rack::Logger#call_app'
railties (8.0.3) lib/rails/rack/logger.rb:29:in 'Rails::Rack::Logger#call'
actionpack (8.0.3) lib/action_dispatch/middleware/remote_ip.rb:96:in 'ActionDispatch::RemoteIp#call'
actionpack (8.0.3) lib/action_dispatch/middleware/request_id.rb:34:in 'ActionDispatch::RequestId#call'
rack (3.2.1) lib/rack/method_override.rb:28:in 'Rack::MethodOverride#call'
rack (3.2.1) lib/rack/runtime.rb:24:in 'Rack::Runtime#call'
actionpack (8.0.3) lib/action_dispatch/middleware/server_timing.rb:61:in 'block in ActionDispatch::ServerTiming#call'
actionpack (8.0.3) lib/action_dispatch/middleware/server_timing.rb:26:in 'ActionDispatch::ServerTiming::Subscriber#collect_events'
actionpack (8.0.3) lib/action_dispatch/middleware/server_timing.rb:60:in 'ActionDispatch::ServerTiming#call'
actionpack (8.0.3) lib/action_dispatch/middleware/executor.rb:16:in 'ActionDispatch::Executor#call'
propshaft (1.3.1) lib/propshaft/server.rb:37:in 'Propshaft::Server#call'
actionpack (8.0.3) lib/action_dispatch/middleware/static.rb:27:in 'ActionDispatch::Static#call'
rack (3.2.1) lib/rack/sendfile.rb:114:in 'Rack::Sendfile#call'
actionpack (8.0.3) lib/action_dispatch/middleware/host_authorization.rb:143:in 'ActionDispatch::HostAuthorization#call'
railties (8.0.3) lib/rails/engine.rb:535:in 'Rails::Engine#call'
puma (7.0.4) lib/puma/configuration.rb:299:in 'Puma::Configuration::ConfigMiddleware#call'
puma (7.0.4) lib/puma/request.rb:101:in 'block in Puma::Request#handle_request'
puma (7.0.4) lib/puma/thread_pool.rb:346:in 'Puma::ThreadPool#with_force_shutdown'
puma (7.0.4) lib/puma/request.rb:100:in 'Puma::Request#handle_request'
puma (7.0.4) lib/puma/server.rb:506:in 'Puma::Server#process_client'
puma (7.0.4) lib/puma/server.rb:265:in 'block in Puma::Server#run'
puma (7.0.4) lib/puma/thread_pool.rb:173:in 'block in Puma::ThreadPool#spawn_thread'
Started GET "/favicon.ico" for ::1 at 2025-10-07 23:19:50 +0900
Started GET "/symptoms/4" for ::1 at 2025-10-07 23:19:50 +0900
Processing by SymptomsController#show as HTML
  Parameters: {"id" => "4"}
  
ActionController::RoutingError (No route matches [GET] "/favicon.ico"):
  
  [1m[36mUser Load (0.5ms)[0m  [1m[34mSELECT "users".* FROM "users" WHERE "users"."id" = 1 LIMIT 1 /*action='show',application='CareApp2',controller='symptoms'*/[0m
  ↳ app/controllers/application_controller.rb:4:in 'ApplicationController#current_user'
  [1m[36mSymptom Load (0.4ms)[0m  [1m[34mSELECT "symptoms".* FROM "symptoms" WHERE "symptoms"."id" = 4 LIMIT 1 /*action='show',application='CareApp2',controller='symptoms'*/[0m
  ↳ app/controllers/symptoms_controller.rb:9:in 'SymptomsController#show'
  Rendering layout layouts/application.html.erb
  Rendering symptoms/show.html.erb within layouts/application
  [1m[36mExercise Exists? (0.3ms)[0m  [1m[34mSELECT 1 AS one FROM "exercises" WHERE "exercises"."symptom_id" = 4 LIMIT 1 /*action='show',application='CareApp2',controller='symptoms'*/[0m
  ↳ app/views/symptoms/show.html.erb:11
  [1m[36mExercise Load (0.3ms)[0m  [1m[34mSELECT "exercises".* FROM "exercises" WHERE "exercises"."symptom_id" = 4 /*action='show',application='CareApp2',controller='symptoms'*/[0m
  ↳ app/views/symptoms/show.html.erb:13
  [1m[36mActiveStorage::Attachment Load (0.4ms)[0m  [1m[34mSELECT "active_storage_attachments".* FROM "active_storage_attachments" WHERE "active_storage_attachments"."record_id" = 3 AND "active_storage_attachments"."record_type" = 'Exercise' AND "active_storage_attachments"."name" = 'video_file' LIMIT 1 /*action='show',application='CareApp2',controller='symptoms'*/[0m
  ↳ app/models/exercise.rb:17:in 'Exercise#has_video?'
  Rendered symptoms/show.html.erb within layouts/application (Duration: 9.9ms | GC: 1.1ms)
  Rendered layout layouts/application.html.erb (Duration: 10.7ms | GC: 1.1ms)
Completed 200 OK in 321ms (Views: 10.2ms | ActiveRecord: 1.8ms (5 queries, 0 cached) | GC: 53.8ms)


Started GET "/symptoms" for ::1 at 2025-10-07 23:19:53 +0900
Processing by SymptomsController#index as HTML
  [1m[36mUser Load (0.4ms)[0m  [1m[34mSELECT "users".* FROM "users" WHERE "users"."id" = 1 LIMIT 1 /*action='index',application='CareApp2',controller='symptoms'*/[0m
  ↳ app/controllers/application_controller.rb:4:in 'ApplicationController#current_user'
  Rendering layout layouts/application.html.erb
  Rendering symptoms/index.html.erb within layouts/application
  [1m[36mSymptom Load (0.4ms)[0m  [1m[34mSELECT "symptoms".* FROM "symptoms" WHERE "symptoms"."name" = '腰痛' LIMIT 1 /*action='index',application='CareApp2',controller='symptoms'*/[0m
  ↳ app/views/symptoms/index.html.erb:27
  [1m[36mSymptom Load (0.2ms)[0m  [1m[34mSELECT "symptoms".* FROM "symptoms" WHERE "symptoms"."name" = '肩こり' LIMIT 1 /*action='index',application='CareApp2',controller='symptoms'*/[0m
  ↳ app/views/symptoms/index.html.erb:27
  [1m[36mSymptom Load (0.3ms)[0m  [1m[34mSELECT "symptoms".* FROM "symptoms" WHERE "symptoms"."name" = '首の痛み' LIMIT 1 /*action='index',application='CareApp2',controller='symptoms'*/[0m
  ↳ app/views/symptoms/index.html.erb:27
  [1m[36mSymptom Load (0.2ms)[0m  [1m[34mSELECT "symptoms".* FROM "symptoms" WHERE "symptoms"."name" = '膝の痛み' LIMIT 1 /*action='index',application='CareApp2',controller='symptoms'*/[0m
  ↳ app/views/symptoms/index.html.erb:27
  [1m[36mSymptom Load (0.2ms)[0m  [1m[34mSELECT "symptoms".* FROM "symptoms" WHERE "symptoms"."name" = '頭痛' LIMIT 1 /*action='index',application='CareApp2',controller='symptoms'*/[0m
  ↳ app/views/symptoms/index.html.erb:27
  [1m[36mSymptom Load (0.2ms)[0m  [1m[34mSELECT "symptoms".* FROM "symptoms" WHERE "symptoms"."name" = '眼精疲労' LIMIT 1 /*action='index',application='CareApp2',controller='symptoms'*/[0m
  ↳ app/views/symptoms/index.html.erb:27
  Rendered symptoms/index.html.erb within layouts/application (Duration: 11.9ms | GC: 0.9ms)
  Rendered layout layouts/application.html.erb (Duration: 12.6ms | GC: 0.9ms)
Completed 200 OK in 144ms (Views: 11.3ms | ActiveRecord: 2.0ms (7 queries, 0 cached) | GC: 0.9ms)


Started GET "/symptoms/2" for ::1 at 2025-10-07 23:19:57 +0900
Processing by SymptomsController#show as HTML
  Parameters: {"id" => "2"}
  [1m[36mUser Load (0.4ms)[0m  [1m[34mSELECT "users".* FROM "users" WHERE "users"."id" = 1 LIMIT 1 /*action='show',application='CareApp2',controller='symptoms'*/[0m
  ↳ app/controllers/application_controller.rb:4:in 'ApplicationController#current_user'
  [1m[36mSymptom Load (0.2ms)[0m  [1m[34mSELECT "symptoms".* FROM "symptoms" WHERE "symptoms"."id" = 2 LIMIT 1 /*action='show',application='CareApp2',controller='symptoms'*/[0m
  ↳ app/controllers/symptoms_controller.rb:9:in 'SymptomsController#show'
  Rendering layout layouts/application.html.erb
  Rendering symptoms/show.html.erb within layouts/application
  [1m[36mExercise Exists? (0.2ms)[0m  [1m[34mSELECT 1 AS one FROM "exercises" WHERE "exercises"."symptom_id" = 2 LIMIT 1 /*action='show',application='CareApp2',controller='symptoms'*/[0m
  ↳ app/views/symptoms/show.html.erb:11
  Rendered symptoms/show.html.erb within layouts/application (Duration: 1.8ms | GC: 0.0ms)
  Rendered layout layouts/application.html.erb (Duration: 2.6ms | GC: 0.0ms)
Completed 200 OK in 153ms (Views: 3.6ms | ActiveRecord: 0.8ms (3 queries, 0 cached) | GC: 0.0ms)


Started GET "/symptoms" for ::1 at 2025-10-07 23:20:00 +0900
Processing by SymptomsController#index as HTML
  [1m[36mUser Load (0.4ms)[0m  [1m[34mSELECT "users".* FROM "users" WHERE "users"."id" = 1 LIMIT 1 /*action='index',application='CareApp2',controller='symptoms'*/[0m
  ↳ app/controllers/application_controller.rb:4:in 'ApplicationController#current_user'
  Rendering layout layouts/application.html.erb
  Rendering symptoms/index.html.erb within layouts/application
  [1m[36mSymptom Load (0.6ms)[0m  [1m[34mSELECT "symptoms".* FROM "symptoms" WHERE "symptoms"."name" = '腰痛' LIMIT 1 /*action='index',application='CareApp2',controller='symptoms'*/[0m
  ↳ app/views/symptoms/index.html.erb:27
  [1m[36mSymptom Load (0.3ms)[0m  [1m[34mSELECT "symptoms".* FROM "symptoms" WHERE "symptoms"."name" = '肩こり' LIMIT 1 /*action='index',application='CareApp2',controller='symptoms'*/[0m
  ↳ app/views/symptoms/index.html.erb:27
  [1m[36mSymptom Load (0.2ms)[0m  [1m[34mSELECT "symptoms".* FROM "symptoms" WHERE "symptoms"."name" = '首の痛み' LIMIT 1 /*action='index',application='CareApp2',controller='symptoms'*/[0m
  ↳ app/views/symptoms/index.html.erb:27
  [1m[36mSymptom Load (0.2ms)[0m  [1m[34mSELECT "symptoms".* FROM "symptoms" WHERE "symptoms"."name" = '膝の痛み' LIMIT 1 /*action='index',application='CareApp2',controller='symptoms'*/[0m
  ↳ app/views/symptoms/index.html.erb:27
  [1m[36mSymptom Load (0.2ms)[0m  [1m[34mSELECT "symptoms".* FROM "symptoms" WHERE "symptoms"."name" = '頭痛' LIMIT 1 /*action='index',application='CareApp2',controller='symptoms'*/[0m
  ↳ app/views/symptoms/index.html.erb:27
  [1m[36mSymptom Load (0.2ms)[0m  [1m[34mSELECT "symptoms".* FROM "symptoms" WHERE "symptoms"."name" = '眼精疲労' LIMIT 1 /*action='index',application='CareApp2',controller='symptoms'*/[0m
  ↳ app/views/symptoms/index.html.erb:27
  Rendered symptoms/index.html.erb within layouts/application (Duration: 11.9ms | GC: 0.0ms)
  Rendered layout layouts/application.html.erb (Duration: 12.6ms | GC: 0.0ms)
Completed 200 OK in 168ms (Views: 11.2ms | ActiveRecord: 2.0ms (7 queries, 0 cached) | GC: 1.4ms)


Started GET "/symptoms/4" for ::1 at 2025-10-07 23:20:01 +0900
Processing by SymptomsController#show as HTML
  Parameters: {"id" => "4"}
  [1m[36mUser Load (0.3ms)[0m  [1m[34mSELECT "users".* FROM "users" WHERE "users"."id" = 1 LIMIT 1 /*action='show',application='CareApp2',controller='symptoms'*/[0m
  ↳ app/controllers/application_controller.rb:4:in 'ApplicationController#current_user'
  [1m[36mSymptom Load (0.2ms)[0m  [1m[34mSELECT "symptoms".* FROM "symptoms" WHERE "symptoms"."id" = 4 LIMIT 1 /*action='show',application='CareApp2',controller='symptoms'*/[0m
  ↳ app/controllers/symptoms_controller.rb:9:in 'SymptomsController#show'
  Rendering layout layouts/application.html.erb
  Rendering symptoms/show.html.erb within layouts/application
  [1m[36mExercise Exists? (0.5ms)[0m  [1m[34mSELECT 1 AS one FROM "exercises" WHERE "exercises"."symptom_id" = 4 LIMIT 1 /*action='show',application='CareApp2',controller='symptoms'*/[0m
  ↳ app/views/symptoms/show.html.erb:11
  [1m[36mExercise Load (0.3ms)[0m  [1m[34mSELECT "exercises".* FROM "exercises" WHERE "exercises"."symptom_id" = 4 /*action='show',application='CareApp2',controller='symptoms'*/[0m
  ↳ app/views/symptoms/show.html.erb:13
  [1m[36mActiveStorage::Attachment Load (0.6ms)[0m  [1m[34mSELECT "active_storage_attachments".* FROM "active_storage_attachments" WHERE "active_storage_attachments"."record_id" = 3 AND "active_storage_attachments"."record_type" = 'Exercise' AND "active_storage_attachments"."name" = 'video_file' LIMIT 1 /*action='show',application='CareApp2',controller='symptoms'*/[0m
  ↳ app/models/exercise.rb:17:in 'Exercise#has_video?'
  Rendered symptoms/show.html.erb within layouts/application (Duration: 8.3ms | GC: 0.9ms)
  Rendered layout layouts/application.html.erb (Duration: 8.9ms | GC: 0.9ms)
Completed 200 OK in 126ms (Views: 8.0ms | ActiveRecord: 1.9ms (5 queries, 0 cached) | GC: 0.9ms)


Started GET "/symptoms" for ::1 at 2025-10-07 23:20:04 +0900
Processing by SymptomsController#index as HTML
  [1m[36mUser Load (0.3ms)[0m  [1m[34mSELECT "users".* FROM "users" WHERE "users"."id" = 1 LIMIT 1 /*action='index',application='CareApp2',controller='symptoms'*/[0m
  ↳ app/controllers/application_controller.rb:4:in 'ApplicationController#current_user'
  Rendering layout layouts/application.html.erb
  Rendering symptoms/index.html.erb within layouts/application
  [1m[36mSymptom Load (0.3ms)[0m  [1m[34mSELECT "symptoms".* FROM "symptoms" WHERE "symptoms"."name" = '腰痛' LIMIT 1 /*action='index',application='CareApp2',controller='symptoms'*/[0m
  ↳ app/views/symptoms/index.html.erb:27
  [1m[36mSymptom Load (0.2ms)[0m  [1m[34mSELECT "symptoms".* FROM "symptoms" WHERE "symptoms"."name" = '肩こり' LIMIT 1 /*action='index',application='CareApp2',controller='symptoms'*/[0m
  ↳ app/views/symptoms/index.html.erb:27
  [1m[36mSymptom Load (0.2ms)[0m  [1m[34mSELECT "symptoms".* FROM "symptoms" WHERE "symptoms"."name" = '首の痛み' LIMIT 1 /*action='index',application='CareApp2',controller='symptoms'*/[0m
  ↳ app/views/symptoms/index.html.erb:27
  [1m[36mSymptom Load (2.7ms)[0m  [1m[34mSELECT "symptoms".* FROM "symptoms" WHERE "symptoms"."name" = '膝の痛み' LIMIT 1 /*action='index',application='CareApp2',controller='symptoms'*/[0m
  ↳ app/views/symptoms/index.html.erb:27
  [1m[36mSymptom Load (0.3ms)[0m  [1m[34mSELECT "symptoms".* FROM "symptoms" WHERE "symptoms"."name" = '頭痛' LIMIT 1 /*action='index',application='CareApp2',controller='symptoms'*/[0m
  ↳ app/views/symptoms/index.html.erb:27
  [1m[36mSymptom Load (0.2ms)[0m  [1m[34mSELECT "symptoms".* FROM "symptoms" WHERE "symptoms"."name" = '眼精疲労' LIMIT 1 /*action='index',application='CareApp2',controller='symptoms'*/[0m
  ↳ app/views/symptoms/index.html.erb:27
  Rendered symptoms/index.html.erb within layouts/application (Duration: 14.0ms | GC: 0.0ms)
  Rendered layout layouts/application.html.erb (Duration: 14.7ms | GC: 0.0ms)
Completed 200 OK in 121ms (Views: 11.5ms | ActiveRecord: 4.0ms (7 queries, 0 cached) | GC: 0.0ms)


Started GET "/users/1" for ::1 at 2025-10-07 23:21:54 +0900
Processing by UsersController#show as HTML
  Parameters: {"id" => "1"}
  [1m[36mUser Load (0.5ms)[0m  [1m[34mSELECT "users".* FROM "users" WHERE "users"."id" = 1 LIMIT 1 /*action='show',application='CareApp2',controller='users'*/[0m
  ↳ app/controllers/users_controller.rb:46:in 'UsersController#set_user'
  [1m[36mCACHE User Load (0.0ms)[0m  [1m[34mSELECT "users".* FROM "users" WHERE "users"."id" = 1 LIMIT 1[0m
  ↳ app/controllers/application_controller.rb:4:in 'ApplicationController#current_user'
  Rendering layout layouts/application.html.erb
  Rendering users/show.html.erb within layouts/application
  [1m[36mActiveStorage::Attachment Load (0.3ms)[0m  [1m[34mSELECT "active_storage_attachments".* FROM "active_storage_attachments" WHERE "active_storage_attachments"."record_id" = 1 AND "active_storage_attachments"."record_type" = 'User' AND "active_storage_attachments"."name" = 'avatar' LIMIT 1 /*action='show',application='CareApp2',controller='users'*/[0m
  ↳ app/views/users/show.html.erb:15
  Rendered users/show.html.erb within layouts/application (Duration: 4.3ms | GC: 0.0ms)
  Rendered layout layouts/application.html.erb (Duration: 5.4ms | GC: 0.0ms)
Completed 200 OK in 138ms (Views: 5.6ms | ActiveRecord: 0.8ms (3 queries, 1 cached) | GC: 0.0ms)


Started GET "/symptoms" for ::1 at 2025-10-07 23:37:26 +0900
  [1m[36mActiveRecord::SchemaMigration Load (1.7ms)[0m  [1m[34mSELECT "schema_migrations"."version" FROM "schema_migrations" ORDER BY "schema_migrations"."version" ASC /*application='CareApp2'*/[0m
Processing by SymptomsController#index as HTML
  [1m[36mUser Load (0.9ms)[0m  [1m[34mSELECT "users".* FROM "users" WHERE "users"."id" = 1 LIMIT 1 /*action='index',application='CareApp2',controller='symptoms'*/[0m
  ↳ app/controllers/application_controller.rb:4:in 'ApplicationController#current_user'
  Rendering layout layouts/application.html.erb
  Rendering symptoms/index.html.erb within layouts/application
  [1m[36mSymptom Load (1.2ms)[0m  [1m[34mSELECT "symptoms".* FROM "symptoms" WHERE "symptoms"."name" = '腰痛' LIMIT 1 /*action='index',application='CareApp2',controller='symptoms'*/[0m
  ↳ app/views/symptoms/index.html.erb:27
  Rendered symptoms/index.html.erb within layouts/application (Duration: 16.4ms | GC: 0.0ms)
  Rendered layout layouts/application.html.erb (Duration: 16.8ms | GC: 0.0ms)
Completed 500 Internal Server Error in 243ms (ActiveRecord: 29.9ms (2 queries, 0 cached) | GC: 0.0ms)


  
ActionView::Template::Error (undefined method 'image' for an instance of Symptom)
Caused by: NoMethodError (undefined method 'image' for an instance of Symptom)

Information for: ActionView::Template::Error (undefined method 'image' for an instance of Symptom):
    31:                 <div class="card h-100 symptom-card">
    32:                   <!-- 画像エリア -->
    33:                   <div class="card-img-container">
    34:                     <% if symptom.image.attached? %>
    35:                       <%= image_tag symptom.image, class: "card-img-top symptom-image" %>
    36:                     <% else %>
    37:                       <!-- 画像がない場合はアイコンを表示 -->
  
app/views/symptoms/index.html.erb:34
app/views/symptoms/index.html.erb:26:in 'Array#each'
app/views/symptoms/index.html.erb:26:in 'Enumerable#each_with_index'
app/views/symptoms/index.html.erb:26

Information for cause: NoMethodError (undefined method 'image' for an instance of Symptom):
  
app/views/symptoms/index.html.erb:34
app/views/symptoms/index.html.erb:26:in 'Array#each'
app/views/symptoms/index.html.erb:26:in 'Enumerable#each_with_index'
app/views/symptoms/index.html.erb:26
Started GET "/symptoms" for ::1 at 2025-10-07 23:37:28 +0900
Processing by SymptomsController#index as HTML
  [1m[36mUser Load (0.5ms)[0m  [1m[34mSELECT "users".* FROM "users" WHERE "users"."id" = 1 LIMIT 1 /*action='index',application='CareApp2',controller='symptoms'*/[0m
  ↳ app/controllers/application_controller.rb:4:in 'ApplicationController#current_user'
  Rendering layout layouts/application.html.erb
  Rendering symptoms/index.html.erb within layouts/application
  [1m[36mSymptom Load (0.4ms)[0m  [1m[34mSELECT "symptoms".* FROM "symptoms" WHERE "symptoms"."name" = '腰痛' LIMIT 1 /*action='index',application='CareApp2',controller='symptoms'*/[0m
  ↳ app/views/symptoms/index.html.erb:27
  Rendered symptoms/index.html.erb within layouts/application (Duration: 7.2ms | GC: 2.9ms)
  Rendered layout layouts/application.html.erb (Duration: 7.9ms | GC: 3.3ms)
Completed 500 Internal Server Error in 114ms (ActiveRecord: 0.9ms (2 queries, 0 cached) | GC: 4.7ms)


  
ActionView::Template::Error (undefined method 'image' for an instance of Symptom)
Caused by: NoMethodError (undefined method 'image' for an instance of Symptom)

Information for: ActionView::Template::Error (undefined method 'image' for an instance of Symptom):
    31:                 <div class="card h-100 symptom-card">
    32:                   <!-- 画像エリア -->
    33:                   <div class="card-img-container">
    34:                     <% if symptom.image.attached? %>
    35:                       <%= image_tag symptom.image, class: "card-img-top symptom-image" %>
    36:                     <% else %>
    37:                       <!-- 画像がない場合はアイコンを表示 -->
  
app/views/symptoms/index.html.erb:34
app/views/symptoms/index.html.erb:26:in 'Array#each'
app/views/symptoms/index.html.erb:26:in 'Enumerable#each_with_index'
app/views/symptoms/index.html.erb:26

Information for cause: NoMethodError (undefined method 'image' for an instance of Symptom):
  
app/views/symptoms/index.html.erb:34
app/views/symptoms/index.html.erb:26:in 'Array#each'
app/views/symptoms/index.html.erb:26:in 'Enumerable#each_with_index'
app/views/symptoms/index.html.erb:26
Started GET "/symptoms" for ::1 at 2025-10-07 23:39:06 +0900
  [1m[36mActiveRecord::SchemaMigration Load (1.0ms)[0m  [1m[34mSELECT "schema_migrations"."version" FROM "schema_migrations" ORDER BY "schema_migrations"."version" ASC /*application='CareApp2'*/[0m
Processing by SymptomsController#index as HTML
  [1m[36mUser Load (0.5ms)[0m  [1m[34mSELECT "users".* FROM "users" WHERE "users"."id" = 1 LIMIT 1 /*action='index',application='CareApp2',controller='symptoms'*/[0m
  ↳ app/controllers/application_controller.rb:4:in 'ApplicationController#current_user'
  Rendering layout layouts/application.html.erb
  Rendering symptoms/index.html.erb within layouts/application
  [1m[36mSymptom Load (0.5ms)[0m  [1m[34mSELECT "symptoms".* FROM "symptoms" WHERE "symptoms"."name" = '腰痛' LIMIT 1 /*action='index',application='CareApp2',controller='symptoms'*/[0m
  ↳ app/views/symptoms/index.html.erb:27
  Rendered symptoms/index.html.erb within layouts/application (Duration: 11.3ms | GC: 0.0ms)
  Rendered layout layouts/application.html.erb (Duration: 11.7ms | GC: 0.0ms)
Completed 500 Internal Server Error in 227ms (ActiveRecord: 24.3ms (2 queries, 0 cached) | GC: 0.0ms)


  
ActionView::Template::Error (undefined method 'image' for an instance of Symptom)
Caused by: NoMethodError (undefined method 'image' for an instance of Symptom)

Information for: ActionView::Template::Error (undefined method 'image' for an instance of Symptom):
    31:                 <div class="card h-100 symptom-card">
    32:                   <!-- 画像エリア -->
    33:                   <div class="card-img-container">
    34:                     <% if symptom.image.attached? %>
    35:                       <%= image_tag symptom.image, class: "card-img-top symptom-image" %>
    36:                     <% else %>
    37:                       <!-- 画像がない場合はアイコンを表示 -->
  
app/views/symptoms/index.html.erb:34
app/views/symptoms/index.html.erb:26:in 'Array#each'
app/views/symptoms/index.html.erb:26:in 'Enumerable#each_with_index'
app/views/symptoms/index.html.erb:26

Information for cause: NoMethodError (undefined method 'image' for an instance of Symptom):
  
app/views/symptoms/index.html.erb:34
app/views/symptoms/index.html.erb:26:in 'Array#each'
app/views/symptoms/index.html.erb:26:in 'Enumerable#each_with_index'
app/views/symptoms/index.html.erb:26
Started GET "/" for ::1 at 2025-10-07 23:39:18 +0900
Processing by SessionsController#new as HTML
  Rendering layout layouts/application.html.erb
  Rendering sessions/new.html.erb within layouts/application
  Rendered sessions/new.html.erb within layouts/application (Duration: 11.1ms | GC: 3.2ms)
  Rendered layout layouts/application.html.erb (Duration: 62.0ms | GC: 19.3ms)
Completed 200 OK in 173ms (Views: 63.5ms | ActiveRecord: 0.0ms (0 queries, 0 cached) | GC: 20.2ms)


Started GET "/" for ::1 at 2025-10-07 23:39:59 +0900
Processing by SessionsController#new as HTML
  Rendering layout layouts/application.html.erb
  Rendering sessions/new.html.erb within layouts/application
  Rendered sessions/new.html.erb within layouts/application (Duration: 2.3ms | GC: 0.0ms)
  Rendered layout layouts/application.html.erb (Duration: 8.2ms | GC: 1.6ms)
Completed 200 OK in 145ms (Views: 9.8ms | ActiveRecord: 0.0ms (0 queries, 0 cached) | GC: 1.6ms)


Started GET "/" for ::1 at 2025-10-08 21:52:07 +0900
  [1m[36mActiveRecord::SchemaMigration Load (9.2ms)[0m  [1m[34mSELECT "schema_migrations"."version" FROM "schema_migrations" ORDER BY "schema_migrations"."version" ASC /*application='CareApp2'*/[0m
Processing by SessionsController#new as HTML
  Rendering layout layouts/application.html.erb
  Rendering sessions/new.html.erb within layouts/application
  Rendered sessions/new.html.erb within layouts/application (Duration: 20.5ms | GC: 0.0ms)
  Rendered layout layouts/application.html.erb (Duration: 77.4ms | GC: 0.0ms)
Completed 200 OK in 208ms (Views: 86.0ms | ActiveRecord: 0.0ms (0 queries, 0 cached) | GC: 0.0ms)


Started POST "/login" for ::1 at 2025-10-08 21:52:20 +0900
Processing by SessionsController#create as TURBO_STREAM
  Parameters: {"authenticity_token" => "[FILTERED]", "email" => "[FILTERED]", "password" => "[FILTERED]", "commit" => "ログイン"}
  [1m[36mUser Load (2.9ms)[0m  [1m[34mSELECT "users".* FROM "users" WHERE "users"."email" = 'wataru1983_118@yahoo.co.jp' LIMIT 1 /*action='create',application='CareApp2',controller='sessions'*/[0m
  ↳ app/controllers/sessions_controller.rb:6:in 'SessionsController#create'
Redirected to http://localhost:3000/users/1
Completed 302 Found in 429ms (ActiveRecord: 42.3ms (1 query, 0 cached) | GC: 0.0ms)


Started GET "/users/1" for ::1 at 2025-10-08 21:52:20 +0900
Processing by UsersController#show as TURBO_STREAM
  Parameters: {"id" => "1"}
  [1m[36mUser Load (2.2ms)[0m  [1m[34mSELECT "users".* FROM "users" WHERE "users"."id" = 1 LIMIT 1 /*action='show',application='CareApp2',controller='users'*/[0m
  ↳ app/controllers/users_controller.rb:46:in 'UsersController#set_user'
  [1m[36mCACHE User Load (0.0ms)[0m  [1m[34mSELECT "users".* FROM "users" WHERE "users"."id" = 1 LIMIT 1[0m
  ↳ app/controllers/application_controller.rb:4:in 'ApplicationController#current_user'
  Rendering layout layouts/application.html.erb
  Rendering users/show.html.erb within layouts/application
  [1m[36mActiveStorage::Attachment Load (2.4ms)[0m  [1m[34mSELECT "active_storage_attachments".* FROM "active_storage_attachments" WHERE "active_storage_attachments"."record_id" = 1 AND "active_storage_attachments"."record_type" = 'User' AND "active_storage_attachments"."name" = 'avatar' LIMIT 1 /*action='show',application='CareApp2',controller='users'*/[0m
  ↳ app/views/users/show.html.erb:15
  Rendered users/show.html.erb within layouts/application (Duration: 32.3ms | GC: 0.0ms)
  Rendered layout layouts/application.html.erb (Duration: 33.5ms | GC: 0.0ms)
Completed 200 OK in 141ms (Views: 30.4ms | ActiveRecord: 6.5ms (3 queries, 1 cached) | GC: 0.0ms)


Started GET "/symptoms" for ::1 at 2025-10-08 21:52:23 +0900
Processing by SymptomsController#index as HTML
  [1m[36mUser Load (1.0ms)[0m  [1m[34mSELECT "users".* FROM "users" WHERE "users"."id" = 1 LIMIT 1 /*action='index',application='CareApp2',controller='symptoms'*/[0m
  ↳ app/controllers/application_controller.rb:4:in 'ApplicationController#current_user'
  Rendering layout layouts/application.html.erb
  Rendering symptoms/index.html.erb within layouts/application
  [1m[36mSymptom Load (1.6ms)[0m  [1m[34mSELECT "symptoms".* FROM "symptoms" WHERE "symptoms"."name" = '腰痛' LIMIT 1 /*action='index',application='CareApp2',controller='symptoms'*/[0m
  ↳ app/views/symptoms/index.html.erb:37
  Rendered symptoms/index.html.erb within layouts/application (Duration: 22.5ms | GC: 0.0ms)
  Rendered layout layouts/application.html.erb (Duration: 22.8ms | GC: 0.0ms)
Completed 500 Internal Server Error in 199ms (ActiveRecord: 9.3ms (2 queries, 0 cached) | GC: 0.0ms)


  
ActionView::Template::Error (The asset 'images/腰.png' was not found in the load path.)
Caused by: Propshaft::MissingAssetError (The asset 'images/腰.png' was not found in the load path.)

Information for: ActionView::Template::Error (The asset 'images/腰.png' was not found in the load path.):
    43:                   <!-- 画像エリア -->
    44:                   <div class="card-img-container">
    45:                     <% if image_file %>
    46:                       <%= image_tag "images/#{image_file}", class: "symptom-image", alt: symptom.name %>
    47:                     <% else %>
    48:                       <!-- 画像がない場合はアイコンを表示 -->
    49:                       <div class="symptom-icon-fallback d-flex align-items-center justify-content-center">
  
app/views/symptoms/index.html.erb:46
app/views/symptoms/index.html.erb:36:in 'Array#each'
app/views/symptoms/index.html.erb:36:in 'Enumerable#each_with_index'
app/views/symptoms/index.html.erb:36

Information for cause: Propshaft::MissingAssetError (The asset 'images/腰.png' was not found in the load path.):
  
app/views/symptoms/index.html.erb:46
app/views/symptoms/index.html.erb:36:in 'Array#each'
app/views/symptoms/index.html.erb:36:in 'Enumerable#each_with_index'
app/views/symptoms/index.html.erb:36
Started GET "/users/1" for ::1 at 2025-10-08 21:52:29 +0900
Started GET "/favicon.ico" for ::1 at 2025-10-08 21:52:29 +0900
Processing by UsersController#show as HTML
  Parameters: {"id" => "1"}
  
ActionController::RoutingError (No route matches [GET] "/favicon.ico"):
  
  [1m[36mUser Load (0.4ms)[0m  [1m[34mSELECT "users".* FROM "users" WHERE "users"."id" = 1 LIMIT 1 /*action='show',application='CareApp2',controller='users'*/[0m
  ↳ app/controllers/users_controller.rb:46:in 'UsersController#set_user'
  [1m[36mCACHE User Load (0.0ms)[0m  [1m[34mSELECT "users".* FROM "users" WHERE "users"."id" = 1 LIMIT 1[0m
  ↳ app/controllers/application_controller.rb:4:in 'ApplicationController#current_user'
  Rendering layout layouts/application.html.erb
  Rendering users/show.html.erb within layouts/application
  [1m[36mActiveStorage::Attachment Load (0.2ms)[0m  [1m[34mSELECT "active_storage_attachments".* FROM "active_storage_attachments" WHERE "active_storage_attachments"."record_id" = 1 AND "active_storage_attachments"."record_type" = 'User' AND "active_storage_attachments"."name" = 'avatar' LIMIT 1 /*action='show',application='CareApp2',controller='users'*/[0m
  ↳ app/views/users/show.html.erb:15
  Rendered users/show.html.erb within layouts/application (Duration: 13.5ms | GC: 1.9ms)
  Rendered layout layouts/application.html.erb (Duration: 14.7ms | GC: 1.9ms)
Completed 200 OK in 251ms (Views: 15.1ms | ActiveRecord: 0.6ms (3 queries, 1 cached) | GC: 16.1ms)


Started GET "/users/1/edit" for ::1 at 2025-10-08 21:52:31 +0900
Processing by UsersController#edit as HTML
  Parameters: {"id" => "1"}
  [1m[36mUser Load (0.4ms)[0m  [1m[34mSELECT "users".* FROM "users" WHERE "users"."id" = 1 LIMIT 1 /*action='edit',application='CareApp2',controller='users'*/[0m
  ↳ app/controllers/users_controller.rb:46:in 'UsersController#set_user'
  [1m[36mCACHE User Load (0.0ms)[0m  [1m[34mSELECT "users".* FROM "users" WHERE "users"."id" = 1 LIMIT 1[0m
  ↳ app/controllers/application_controller.rb:4:in 'ApplicationController#current_user'
  Rendering layout layouts/application.html.erb
  Rendering users/edit.html.erb within layouts/application
  [1m[36mActiveStorage::Attachment Load (0.3ms)[0m  [1m[34mSELECT "active_storage_attachments".* FROM "active_storage_attachments" WHERE "active_storage_attachments"."record_id" = 1 AND "active_storage_attachments"."record_type" = 'User' AND "active_storage_attachments"."name" = 'avatar' LIMIT 1 /*action='edit',application='CareApp2',controller='users'*/[0m
  ↳ app/views/users/edit.html.erb:23
  Rendered users/edit.html.erb within layouts/application (Duration: 17.0ms | GC: 1.5ms)
  Rendered layout layouts/application.html.erb (Duration: 17.8ms | GC: 1.5ms)
Completed 200 OK in 145ms (Views: 18.1ms | ActiveRecord: 0.6ms (3 queries, 1 cached) | GC: 1.5ms)


Started GET "/symptoms" for ::1 at 2025-10-08 21:52:38 +0900
Processing by SymptomsController#index as HTML
  [1m[36mUser Load (1.4ms)[0m  [1m[34mSELECT "users".* FROM "users" WHERE "users"."id" = 1 LIMIT 1 /*action='index',application='CareApp2',controller='symptoms'*/[0m
  ↳ app/controllers/application_controller.rb:4:in 'ApplicationController#current_user'
  Rendering layout layouts/application.html.erb
  Rendering symptoms/index.html.erb within layouts/application
  [1m[36mSymptom Load (0.2ms)[0m  [1m[34mSELECT "symptoms".* FROM "symptoms" WHERE "symptoms"."name" = '腰痛' LIMIT 1 /*action='index',application='CareApp2',controller='symptoms'*/[0m
  ↳ app/views/symptoms/index.html.erb:37
  Rendered symptoms/index.html.erb within layouts/application (Duration: 1.4ms | GC: 0.0ms)
  Rendered layout layouts/application.html.erb (Duration: 1.6ms | GC: 0.0ms)
Completed 500 Internal Server Error in 108ms (ActiveRecord: 0.6ms (2 queries, 0 cached) | GC: 1.0ms)


  
ActionView::Template::Error (The asset 'images/腰.png' was not found in the load path.)
Caused by: Propshaft::MissingAssetError (The asset 'images/腰.png' was not found in the load path.)

Information for: ActionView::Template::Error (The asset 'images/腰.png' was not found in the load path.):
    43:                   <!-- 画像エリア -->
    44:                   <div class="card-img-container">
    45:                     <% if image_file %>
    46:                       <%= image_tag "images/#{image_file}", class: "symptom-image", alt: symptom.name %>
    47:                     <% else %>
    48:                       <!-- 画像がない場合はアイコンを表示 -->
    49:                       <div class="symptom-icon-fallback d-flex align-items-center justify-content-center">
  
app/views/symptoms/index.html.erb:46
app/views/symptoms/index.html.erb:36:in 'Array#each'
app/views/symptoms/index.html.erb:36:in 'Enumerable#each_with_index'
app/views/symptoms/index.html.erb:36

Information for cause: Propshaft::MissingAssetError (The asset 'images/腰.png' was not found in the load path.):
  
app/views/symptoms/index.html.erb:46
app/views/symptoms/index.html.erb:36:in 'Array#each'
app/views/symptoms/index.html.erb:36:in 'Enumerable#each_with_index'
app/views/symptoms/index.html.erb:36
Started GET "/symptoms" for ::1 at 2025-10-08 21:52:53 +0900
Processing by SymptomsController#index as HTML
  [1m[36mUser Load (0.4ms)[0m  [1m[34mSELECT "users".* FROM "users" WHERE "users"."id" = 1 LIMIT 1 /*action='index',application='CareApp2',controller='symptoms'*/[0m
  ↳ app/controllers/application_controller.rb:4:in 'ApplicationController#current_user'
  Rendering layout layouts/application.html.erb
  Rendering symptoms/index.html.erb within layouts/application
  [1m[36mSymptom Load (0.2ms)[0m  [1m[34mSELECT "symptoms".* FROM "symptoms" WHERE "symptoms"."name" = '腰痛' LIMIT 1 /*action='index',application='CareApp2',controller='symptoms'*/[0m
  ↳ app/views/symptoms/index.html.erb:37
  Rendered symptoms/index.html.erb within layouts/application (Duration: 2.4ms | GC: 0.8ms)
  Rendered layout layouts/application.html.erb (Duration: 2.5ms | GC: 0.8ms)
Completed 500 Internal Server Error in 116ms (ActiveRecord: 0.6ms (2 queries, 0 cached) | GC: 0.8ms)


  
ActionView::Template::Error (The asset 'images/腰.png' was not found in the load path.)
Caused by: Propshaft::MissingAssetError (The asset 'images/腰.png' was not found in the load path.)

Information for: ActionView::Template::Error (The asset 'images/腰.png' was not found in the load path.):
    43:                   <!-- 画像エリア -->
    44:                   <div class="card-img-container">
    45:                     <% if image_file %>
    46:                       <%= image_tag "images/#{image_file}", class: "symptom-image", alt: symptom.name %>
    47:                     <% else %>
    48:                       <!-- 画像がない場合はアイコンを表示 -->
    49:                       <div class="symptom-icon-fallback d-flex align-items-center justify-content-center">
  
app/views/symptoms/index.html.erb:46
app/views/symptoms/index.html.erb:36:in 'Array#each'
app/views/symptoms/index.html.erb:36:in 'Enumerable#each_with_index'
app/views/symptoms/index.html.erb:36

Information for cause: Propshaft::MissingAssetError (The asset 'images/腰.png' was not found in the load path.):
  
app/views/symptoms/index.html.erb:46
app/views/symptoms/index.html.erb:36:in 'Array#each'
app/views/symptoms/index.html.erb:36:in 'Enumerable#each_with_index'
app/views/symptoms/index.html.erb:36
Started GET "/symptoms" for ::1 at 2025-10-08 21:54:59 +0900
Processing by SymptomsController#index as HTML
  [1m[36mUser Load (0.2ms)[0m  [1m[34mSELECT "users".* FROM "users" WHERE "users"."id" = 1 LIMIT 1 /*action='index',application='CareApp2',controller='symptoms'*/[0m
  ↳ app/controllers/application_controller.rb:4:in 'ApplicationController#current_user'
  Rendering layout layouts/application.html.erb
  Rendering symptoms/index.html.erb within layouts/application
  [1m[36mSymptom Load (0.3ms)[0m  [1m[34mSELECT "symptoms".* FROM "symptoms" WHERE "symptoms"."name" = '腰痛' LIMIT 1 /*action='index',application='CareApp2',controller='symptoms'*/[0m
  ↳ app/views/symptoms/index.html.erb:37
  Rendered symptoms/index.html.erb within layouts/application (Duration: 17.9ms | GC: 6.6ms)
  Rendered layout layouts/application.html.erb (Duration: 18.2ms | GC: 6.6ms)
Completed 500 Internal Server Error in 273ms (ActiveRecord: 5.0ms (2 queries, 0 cached) | GC: 23.4ms)


  
ActionView::Template::Error (The asset 'images/back_pain.png' was not found in the load path.)
Caused by: Propshaft::MissingAssetError (The asset 'images/back_pain.png' was not found in the load path.)

Information for: ActionView::Template::Error (The asset 'images/back_pain.png' was not found in the load path.):
    43:                   <!-- 画像エリア -->
    44:                   <div class="card-img-container">
    45:                     <% if image_file %>
    46:                       <%= image_tag "images/#{image_file}", class: "symptom-image", alt: symptom.name %>
    47:                     <% else %>
    48:                       <!-- 画像がない場合はアイコンを表示 -->
    49:                       <div class="symptom-icon-fallback d-flex align-items-center justify-content-center">
  
app/views/symptoms/index.html.erb:46
app/views/symptoms/index.html.erb:36:in 'Array#each'
app/views/symptoms/index.html.erb:36:in 'Enumerable#each_with_index'
app/views/symptoms/index.html.erb:36

Information for cause: Propshaft::MissingAssetError (The asset 'images/back_pain.png' was not found in the load path.):
  
app/views/symptoms/index.html.erb:46
app/views/symptoms/index.html.erb:36:in 'Array#each'
app/views/symptoms/index.html.erb:36:in 'Enumerable#each_with_index'
app/views/symptoms/index.html.erb:36
Started GET "/symptoms" for ::1 at 2025-10-08 21:56:37 +0900
Processing by SymptomsController#index as HTML
  [1m[36mUser Load (0.2ms)[0m  [1m[34mSELECT "users".* FROM "users" WHERE "users"."id" = 1 LIMIT 1 /*action='index',application='CareApp2',controller='symptoms'*/[0m
  ↳ app/controllers/application_controller.rb:4:in 'ApplicationController#current_user'
  Rendering layout layouts/application.html.erb
  Rendering symptoms/index.html.erb within layouts/application
  [1m[36mSymptom Load (0.2ms)[0m  [1m[34mSELECT "symptoms".* FROM "symptoms" WHERE "symptoms"."name" = '腰痛' LIMIT 1 /*action='index',application='CareApp2',controller='symptoms'*/[0m
  ↳ app/views/symptoms/index.html.erb:37
  Rendered symptoms/index.html.erb within layouts/application (Duration: 8.8ms | GC: 0.0ms)
  Rendered layout layouts/application.html.erb (Duration: 114.9ms | GC: 0.0ms)
Completed 500 Internal Server Error in 249ms (ActiveRecord: 6.1ms (2 queries, 0 cached) | GC: 3.6ms)


  
ActionView::Template::Error (The asset 'images/腰.png' was not found in the load path.)
Caused by: Propshaft::MissingAssetError (The asset 'images/腰.png' was not found in the load path.)

Information for: ActionView::Template::Error (The asset 'images/腰.png' was not found in the load path.):
    43:                   <!-- 画像エリア -->
    44:                   <div class="card-img-container">
    45:                     <% if image_file %>
    46:                       <%= image_tag "images/#{image_file}", class: "symptom-image", alt: symptom.name %>
    47:                     <% else %>
    48:                       <!-- 画像がない場合はアイコンを表示 -->
    49:                       <div class="symptom-icon-fallback d-flex align-items-center justify-content-center">
  
app/views/symptoms/index.html.erb:46
app/views/symptoms/index.html.erb:36:in 'Array#each'
app/views/symptoms/index.html.erb:36:in 'Enumerable#each_with_index'
app/views/symptoms/index.html.erb:36

Information for cause: Propshaft::MissingAssetError (The asset 'images/腰.png' was not found in the load path.):
  
app/views/symptoms/index.html.erb:46
app/views/symptoms/index.html.erb:36:in 'Array#each'
app/views/symptoms/index.html.erb:36:in 'Enumerable#each_with_index'
app/views/symptoms/index.html.erb:36
Started GET "/symptoms" for ::1 at 2025-10-08 22:00:25 +0900
  [1m[36mActiveRecord::SchemaMigration Load (0.7ms)[0m  [1m[34mSELECT "schema_migrations"."version" FROM "schema_migrations" ORDER BY "schema_migrations"."version" ASC /*application='CareApp2'*/[0m
Processing by SymptomsController#index as HTML
  [1m[36mUser Load (0.4ms)[0m  [1m[34mSELECT "users".* FROM "users" WHERE "users"."id" = 1 LIMIT 1 /*action='index',application='CareApp2',controller='symptoms'*/[0m
  ↳ app/controllers/application_controller.rb:4:in 'ApplicationController#current_user'
  Rendering layout layouts/application.html.erb
  Rendering symptoms/index.html.erb within layouts/application
  [1m[36mSymptom Load (0.6ms)[0m  [1m[34mSELECT "symptoms".* FROM "symptoms" WHERE "symptoms"."name" = '腰痛' LIMIT 1 /*action='index',application='CareApp2',controller='symptoms'*/[0m
  ↳ app/views/symptoms/index.html.erb:37
  Rendered symptoms/index.html.erb within layouts/application (Duration: 18.2ms | GC: 0.0ms)
  Rendered layout layouts/application.html.erb (Duration: 18.5ms | GC: 0.0ms)
Completed 500 Internal Server Error in 185ms (ActiveRecord: 22.9ms (2 queries, 0 cached) | GC: 0.0ms)


  
ActionView::Template::Error (The asset 'images/腰.png' was not found in the load path.)
Caused by: Propshaft::MissingAssetError (The asset 'images/腰.png' was not found in the load path.)

Information for: ActionView::Template::Error (The asset 'images/腰.png' was not found in the load path.):
    43:                   <!-- 画像エリア -->
    44:                   <div class="card-img-container">
    45:                     <% if image_file %>
    46:                       <%= image_tag "images/#{image_file}", class: "symptom-image", alt: symptom.name %>
    47:                     <% else %>
    48:                       <!-- 画像がない場合はアイコンを表示 -->
    49:                       <div class="symptom-icon-fallback d-flex align-items-center justify-content-center">
  
app/views/symptoms/index.html.erb:46
app/views/symptoms/index.html.erb:36:in 'Array#each'
app/views/symptoms/index.html.erb:36:in 'Enumerable#each_with_index'
app/views/symptoms/index.html.erb:36

Information for cause: Propshaft::MissingAssetError (The asset 'images/腰.png' was not found in the load path.):
  
app/views/symptoms/index.html.erb:46
app/views/symptoms/index.html.erb:36:in 'Array#each'
app/views/symptoms/index.html.erb:36:in 'Enumerable#each_with_index'
app/views/symptoms/index.html.erb:36
Started GET "/symptoms" for ::1 at 2025-10-08 22:03:53 +0900
  [1m[36mActiveRecord::SchemaMigration Load (0.6ms)[0m  [1m[34mSELECT "schema_migrations"."version" FROM "schema_migrations" ORDER BY "schema_migrations"."version" ASC /*application='CareApp2'*/[0m
Processing by SymptomsController#index as HTML
  [1m[36mUser Load (0.4ms)[0m  [1m[34mSELECT "users".* FROM "users" WHERE "users"."id" = 1 LIMIT 1 /*action='index',application='CareApp2',controller='symptoms'*/[0m
  ↳ app/controllers/application_controller.rb:4:in 'ApplicationController#current_user'
  Rendering layout layouts/application.html.erb
  Rendering symptoms/index.html.erb within layouts/application
  [1m[36mSymptom Load (0.5ms)[0m  [1m[34mSELECT "symptoms".* FROM "symptoms" WHERE "symptoms"."name" = '腰痛' LIMIT 1 /*action='index',application='CareApp2',controller='symptoms'*/[0m
  ↳ app/views/symptoms/index.html.erb:37
  [1m[36mSymptom Load (0.3ms)[0m  [1m[34mSELECT "symptoms".* FROM "symptoms" WHERE "symptoms"."name" = '肩こり' LIMIT 1 /*action='index',application='CareApp2',controller='symptoms'*/[0m
  ↳ app/views/symptoms/index.html.erb:37
  Rendered symptoms/index.html.erb within layouts/application (Duration: 37.6ms | GC: 0.0ms)
  Rendered layout layouts/application.html.erb (Duration: 38.0ms | GC: 0.0ms)
Completed 500 Internal Server Error in 200ms (ActiveRecord: 22.4ms (3 queries, 0 cached) | GC: 0.0ms)


  
ActionView::Template::Error (The asset 'shoulder_pain.png' was not found in the load path.)
Caused by: Propshaft::MissingAssetError (The asset 'shoulder_pain.png' was not found in the load path.)

Information for: ActionView::Template::Error (The asset 'shoulder_pain.png' was not found in the load path.):
    43:                   <!-- 画像エリア -->
    44:                   <div class="card-img-container">
    45:                     <% if image_file %>
    46:                       <%= image_tag image_file, class: "symptom-image", alt: symptom.name %>
    47:                     <% else %>
    48:                       <!-- 画像がない場合はアイコンを表示 -->
    49:                       <div class="symptom-icon-fallback d-flex align-items-center justify-content-center">
  
app/views/symptoms/index.html.erb:46
app/views/symptoms/index.html.erb:36:in 'Array#each'
app/views/symptoms/index.html.erb:36:in 'Enumerable#each_with_index'
app/views/symptoms/index.html.erb:36

Information for cause: Propshaft::MissingAssetError (The asset 'shoulder_pain.png' was not found in the load path.):
  
app/views/symptoms/index.html.erb:46
app/views/symptoms/index.html.erb:36:in 'Array#each'
app/views/symptoms/index.html.erb:36:in 'Enumerable#each_with_index'
app/views/symptoms/index.html.erb:36
Started GET "/" for ::1 at 2025-10-08 22:04:05 +0900
Processing by SessionsController#new as HTML
  Rendering layout layouts/application.html.erb
  Rendering sessions/new.html.erb within layouts/application
  Rendered sessions/new.html.erb within layouts/application (Duration: 9.8ms | GC: 4.0ms)
  Rendered layout layouts/application.html.erb (Duration: 28.3ms | GC: 7.3ms)
Completed 200 OK in 151ms (Views: 29.9ms | ActiveRecord: 0.0ms (0 queries, 0 cached) | GC: 7.8ms)


Started POST "/login" for ::1 at 2025-10-08 22:04:14 +0900
Processing by SessionsController#create as TURBO_STREAM
  Parameters: {"authenticity_token" => "[FILTERED]", "email" => "[FILTERED]", "password" => "[FILTERED]", "commit" => "ログイン"}
  [1m[36mUser Load (0.5ms)[0m  [1m[34mSELECT "users".* FROM "users" WHERE "users"."email" = 'wataru1983_118@yahoo.co.jp' LIMIT 1 /*action='create',application='CareApp2',controller='sessions'*/[0m
  ↳ app/controllers/sessions_controller.rb:6:in 'SessionsController#create'
Redirected to http://localhost:3000/users/1
Completed 302 Found in 319ms (ActiveRecord: 0.5ms (1 query, 0 cached) | GC: 2.2ms)


Started GET "/users/1" for ::1 at 2025-10-08 22:04:14 +0900
Processing by UsersController#show as TURBO_STREAM
  Parameters: {"id" => "1"}
  [1m[36mUser Load (0.3ms)[0m  [1m[34mSELECT "users".* FROM "users" WHERE "users"."id" = 1 LIMIT 1 /*action='show',application='CareApp2',controller='users'*/[0m
  ↳ app/controllers/users_controller.rb:46:in 'UsersController#set_user'
  [1m[36mCACHE User Load (0.0ms)[0m  [1m[34mSELECT "users".* FROM "users" WHERE "users"."id" = 1 LIMIT 1[0m
  ↳ app/controllers/application_controller.rb:4:in 'ApplicationController#current_user'
  Rendering layout layouts/application.html.erb
  Rendering users/show.html.erb within layouts/application
  [1m[36mActiveStorage::Attachment Load (0.7ms)[0m  [1m[34mSELECT "active_storage_attachments".* FROM "active_storage_attachments" WHERE "active_storage_attachments"."record_id" = 1 AND "active_storage_attachments"."record_type" = 'User' AND "active_storage_attachments"."name" = 'avatar' LIMIT 1 /*action='show',application='CareApp2',controller='users'*/[0m
  ↳ app/views/users/show.html.erb:15
  Rendered users/show.html.erb within layouts/application (Duration: 25.1ms | GC: 6.3ms)
  Rendered layout layouts/application.html.erb (Duration: 26.1ms | GC: 6.3ms)
Completed 200 OK in 134ms (Views: 23.0ms | ActiveRecord: 5.1ms (3 queries, 1 cached) | GC: 8.1ms)


Started GET "/users/1/edit" for ::1 at 2025-10-08 22:04:16 +0900
Processing by UsersController#edit as HTML
  Parameters: {"id" => "1"}
  [1m[36mUser Load (0.4ms)[0m  [1m[34mSELECT "users".* FROM "users" WHERE "users"."id" = 1 LIMIT 1 /*action='edit',application='CareApp2',controller='users'*/[0m
  ↳ app/controllers/users_controller.rb:46:in 'UsersController#set_user'
  [1m[36mCACHE User Load (0.0ms)[0m  [1m[34mSELECT "users".* FROM "users" WHERE "users"."id" = 1 LIMIT 1[0m
  ↳ app/controllers/application_controller.rb:4:in 'ApplicationController#current_user'
  Rendering layout layouts/application.html.erb
  Rendering users/edit.html.erb within layouts/application
  [1m[36mActiveStorage::Attachment Load (0.4ms)[0m  [1m[34mSELECT "active_storage_attachments".* FROM "active_storage_attachments" WHERE "active_storage_attachments"."record_id" = 1 AND "active_storage_attachments"."record_type" = 'User' AND "active_storage_attachments"."name" = 'avatar' LIMIT 1 /*action='edit',application='CareApp2',controller='users'*/[0m
  ↳ app/views/users/edit.html.erb:23
  Rendered users/edit.html.erb within layouts/application (Duration: 18.2ms | GC: 2.8ms)
  Rendered layout layouts/application.html.erb (Duration: 18.9ms | GC: 2.8ms)
Completed 200 OK in 141ms (Views: 18.9ms | ActiveRecord: 0.8ms (3 queries, 1 cached) | GC: 5.1ms)


Started GET "/users/1" for ::1 at 2025-10-08 22:04:19 +0900
Processing by UsersController#show as HTML
  Parameters: {"id" => "1"}
  [1m[36mUser Load (0.4ms)[0m  [1m[34mSELECT "users".* FROM "users" WHERE "users"."id" = 1 LIMIT 1 /*action='show',application='CareApp2',controller='users'*/[0m
  ↳ app/controllers/users_controller.rb:46:in 'UsersController#set_user'
  [1m[36mCACHE User Load (0.0ms)[0m  [1m[34mSELECT "users".* FROM "users" WHERE "users"."id" = 1 LIMIT 1[0m
  ↳ app/controllers/application_controller.rb:4:in 'ApplicationController#current_user'
  Rendering layout layouts/application.html.erb
  Rendering users/show.html.erb within layouts/application
  [1m[36mActiveStorage::Attachment Load (0.3ms)[0m  [1m[34mSELECT "active_storage_attachments".* FROM "active_storage_attachments" WHERE "active_storage_attachments"."record_id" = 1 AND "active_storage_attachments"."record_type" = 'User' AND "active_storage_attachments"."name" = 'avatar' LIMIT 1 /*action='show',application='CareApp2',controller='users'*/[0m
  ↳ app/views/users/show.html.erb:15
  Rendered users/show.html.erb within layouts/application (Duration: 2.5ms | GC: 0.0ms)
  Rendered layout layouts/application.html.erb (Duration: 3.4ms | GC: 0.0ms)
Completed 200 OK in 118ms (Views: 3.6ms | ActiveRecord: 0.6ms (3 queries, 1 cached) | GC: 1.1ms)


Started GET "/symptoms" for ::1 at 2025-10-08 22:04:20 +0900
Processing by SymptomsController#index as HTML
  [1m[36mUser Load (0.6ms)[0m  [1m[34mSELECT "users".* FROM "users" WHERE "users"."id" = 1 LIMIT 1 /*action='index',application='CareApp2',controller='symptoms'*/[0m
  ↳ app/controllers/application_controller.rb:4:in 'ApplicationController#current_user'
  Rendering layout layouts/application.html.erb
  Rendering symptoms/index.html.erb within layouts/application
  [1m[36mSymptom Load (0.2ms)[0m  [1m[34mSELECT "symptoms".* FROM "symptoms" WHERE "symptoms"."name" = '腰痛' LIMIT 1 /*action='index',application='CareApp2',controller='symptoms'*/[0m
  ↳ app/views/symptoms/index.html.erb:37
  [1m[36mSymptom Load (0.2ms)[0m  [1m[34mSELECT "symptoms".* FROM "symptoms" WHERE "symptoms"."name" = '肩こり' LIMIT 1 /*action='index',application='CareApp2',controller='symptoms'*/[0m
  ↳ app/views/symptoms/index.html.erb:37
  Rendered symptoms/index.html.erb within layouts/application (Duration: 9.8ms | GC: 1.1ms)
  Rendered layout layouts/application.html.erb (Duration: 10.0ms | GC: 1.1ms)
Completed 500 Internal Server Error in 145ms (ActiveRecord: 1.0ms (3 queries, 0 cached) | GC: 1.1ms)


  
ActionView::Template::Error (The asset 'shoulder_pain.png' was not found in the load path.)
Caused by: Propshaft::MissingAssetError (The asset 'shoulder_pain.png' was not found in the load path.)

Information for: ActionView::Template::Error (The asset 'shoulder_pain.png' was not found in the load path.):
    43:                   <!-- 画像エリア -->
    44:                   <div class="card-img-container">
    45:                     <% if image_file %>
    46:                       <%= image_tag image_file, class: "symptom-image", alt: symptom.name %>
    47:                     <% else %>
    48:                       <!-- 画像がない場合はアイコンを表示 -->
    49:                       <div class="symptom-icon-fallback d-flex align-items-center justify-content-center">
  
app/views/symptoms/index.html.erb:46
app/views/symptoms/index.html.erb:36:in 'Array#each'
app/views/symptoms/index.html.erb:36:in 'Enumerable#each_with_index'
app/views/symptoms/index.html.erb:36

Information for cause: Propshaft::MissingAssetError (The asset 'shoulder_pain.png' was not found in the load path.):
  
app/views/symptoms/index.html.erb:46
app/views/symptoms/index.html.erb:36:in 'Array#each'
app/views/symptoms/index.html.erb:36:in 'Enumerable#each_with_index'
app/views/symptoms/index.html.erb:36
Started GET "/symptoms" for ::1 at 2025-10-08 22:07:25 +0900
Processing by SymptomsController#index as HTML
  [1m[36mUser Load (0.2ms)[0m  [1m[34mSELECT "users".* FROM "users" WHERE "users"."id" = 1 LIMIT 1 /*action='index',application='CareApp2',controller='symptoms'*/[0m
  ↳ app/controllers/application_controller.rb:4:in 'ApplicationController#current_user'
  Rendering layout layouts/application.html.erb
  Rendering symptoms/index.html.erb within layouts/application
  [1m[36mSymptom Load (0.2ms)[0m  [1m[34mSELECT "symptoms".* FROM "symptoms" WHERE "symptoms"."name" = '腰痛' LIMIT 1 /*action='index',application='CareApp2',controller='symptoms'*/[0m
  ↳ app/views/symptoms/index.html.erb:37
  [1m[36mSymptom Load (0.3ms)[0m  [1m[34mSELECT "symptoms".* FROM "symptoms" WHERE "symptoms"."name" = '肩こり' LIMIT 1 /*action='index',application='CareApp2',controller='symptoms'*/[0m
  ↳ app/views/symptoms/index.html.erb:37
  [1m[36mSymptom Load (0.2ms)[0m  [1m[34mSELECT "symptoms".* FROM "symptoms" WHERE "symptoms"."name" = '首の痛み' LIMIT 1 /*action='index',application='CareApp2',controller='symptoms'*/[0m
  ↳ app/views/symptoms/index.html.erb:37
  [1m[36mSymptom Load (0.2ms)[0m  [1m[34mSELECT "symptoms".* FROM "symptoms" WHERE "symptoms"."name" = '膝の痛み' LIMIT 1 /*action='index',application='CareApp2',controller='symptoms'*/[0m
  ↳ app/views/symptoms/index.html.erb:37
  [1m[36mSymptom Load (0.2ms)[0m  [1m[34mSELECT "symptoms".* FROM "symptoms" WHERE "symptoms"."name" = '頭痛' LIMIT 1 /*action='index',application='CareApp2',controller='symptoms'*/[0m
  ↳ app/views/symptoms/index.html.erb:37
  [1m[36mSymptom Load (0.2ms)[0m  [1m[34mSELECT "symptoms".* FROM "symptoms" WHERE "symptoms"."name" = '眼精疲労' LIMIT 1 /*action='index',application='CareApp2',controller='symptoms'*/[0m
  ↳ app/views/symptoms/index.html.erb:37
  Rendered symptoms/index.html.erb within layouts/application (Duration: 148.0ms | GC: 2.4ms)
  Rendered layout layouts/application.html.erb (Duration: 184.2ms | GC: 2.9ms)
Completed 200 OK in 316ms (Views: 184.5ms | ActiveRecord: 5.7ms (7 queries, 0 cached) | GC: 5.8ms)


Started GET "/symptoms/4" for ::1 at 2025-10-08 22:07:36 +0900
Processing by SymptomsController#show as HTML
  Parameters: {"id" => "4"}
  [1m[36mUser Load (0.4ms)[0m  [1m[34mSELECT "users".* FROM "users" WHERE "users"."id" = 1 LIMIT 1 /*action='show',application='CareApp2',controller='symptoms'*/[0m
  ↳ app/controllers/application_controller.rb:4:in 'ApplicationController#current_user'
  [1m[36mSymptom Load (2.0ms)[0m  [1m[34mSELECT "symptoms".* FROM "symptoms" WHERE "symptoms"."id" = 4 LIMIT 1 /*action='show',application='CareApp2',controller='symptoms'*/[0m
  ↳ app/controllers/symptoms_controller.rb:9:in 'SymptomsController#show'
  Rendering layout layouts/application.html.erb
  Rendering symptoms/show.html.erb within layouts/application
  [1m[36mExercise Exists? (3.9ms)[0m  [1m[34mSELECT 1 AS one FROM "exercises" WHERE "exercises"."symptom_id" = 4 LIMIT 1 /*action='show',application='CareApp2',controller='symptoms'*/[0m
  ↳ app/views/symptoms/show.html.erb:11
  [1m[36mExercise Load (0.3ms)[0m  [1m[34mSELECT "exercises".* FROM "exercises" WHERE "exercises"."symptom_id" = 4 /*action='show',application='CareApp2',controller='symptoms'*/[0m
  ↳ app/views/symptoms/show.html.erb:13
  [1m[36mActiveStorage::Attachment Load (0.2ms)[0m  [1m[34mSELECT "active_storage_attachments".* FROM "active_storage_attachments" WHERE "active_storage_attachments"."record_id" = 3 AND "active_storage_attachments"."record_type" = 'Exercise' AND "active_storage_attachments"."name" = 'video_file' LIMIT 1 /*action='show',application='CareApp2',controller='symptoms'*/[0m
  ↳ app/models/exercise.rb:17:in 'Exercise#has_video?'
  Rendered symptoms/show.html.erb within layouts/application (Duration: 27.5ms | GC: 0.0ms)
  Rendered layout layouts/application.html.erb (Duration: 28.2ms | GC: 0.0ms)
Completed 200 OK in 160ms (Views: 19.2ms | ActiveRecord: 13.1ms (5 queries, 0 cached) | GC: 0.0ms)


Started GET "/exercises/3" for ::1 at 2025-10-08 22:07:38 +0900
  
ActionController::RoutingError (uninitialized constant ExercisesController)
Caused by: ActionDispatch::MissingController (uninitialized constant ExercisesController)
Caused by: NameError (uninitialized constant ExercisesController)

Information for: ActionController::RoutingError (uninitialized constant ExercisesController):
  

Information for cause: ActionDispatch::MissingController (uninitialized constant ExercisesController):
  
actionpack (8.0.3) lib/action_dispatch/http/request.rb:102:in 'ActionDispatch::Request#controller_class_for'
actionpack (8.0.3) lib/action_dispatch/http/request.rb:91:in 'ActionDispatch::Request#controller_class'
actionpack (8.0.3) lib/action_dispatch/routing/route_set.rb:61:in 'ActionDispatch::Routing::RouteSet::Dispatcher#controller'
actionpack (8.0.3) lib/action_dispatch/routing/route_set.rb:48:in 'ActionDispatch::Routing::RouteSet::Dispatcher#serve'
actionpack (8.0.3) lib/action_dispatch/journey/router.rb:53:in 'block in ActionDispatch::Journey::Router#serve'
actionpack (8.0.3) lib/action_dispatch/journey/router.rb:133:in 'block in ActionDispatch::Journey::Router#find_routes'
actionpack (8.0.3) lib/action_dispatch/journey/router.rb:126:in 'Array#each'
actionpack (8.0.3) lib/action_dispatch/journey/router.rb:126:in 'ActionDispatch::Journey::Router#find_routes'
actionpack (8.0.3) lib/action_dispatch/journey/router.rb:34:in 'ActionDispatch::Journey::Router#serve'
actionpack (8.0.3) lib/action_dispatch/routing/route_set.rb:908:in 'ActionDispatch::Routing::RouteSet#call'
railties (8.0.3) lib/rails/engine/lazy_route_set.rb:60:in 'Rails::Engine::LazyRouteSet#call'
rack (3.2.1) lib/rack/tempfile_reaper.rb:20:in 'Rack::TempfileReaper#call'
rack (3.2.1) lib/rack/etag.rb:29:in 'Rack::ETag#call'
rack (3.2.1) lib/rack/conditional_get.rb:31:in 'Rack::ConditionalGet#call'
rack (3.2.1) lib/rack/head.rb:15:in 'Rack::Head#call'
actionpack (8.0.3) lib/action_dispatch/http/permissions_policy.rb:38:in 'ActionDispatch::PermissionsPolicy::Middleware#call'
actionpack (8.0.3) lib/action_dispatch/http/content_security_policy.rb:38:in 'ActionDispatch::ContentSecurityPolicy::Middleware#call'
rack-session (2.1.1) lib/rack/session/abstract/id.rb:274:in 'Rack::Session::Abstract::Persisted#context'
rack-session (2.1.1) lib/rack/session/abstract/id.rb:268:in 'Rack::Session::Abstract::Persisted#call'
actionpack (8.0.3) lib/action_dispatch/middleware/cookies.rb:706:in 'ActionDispatch::Cookies#call'
activerecord (8.0.3) lib/active_record/migration.rb:670:in 'ActiveRecord::Migration::CheckPending#call'
actionpack (8.0.3) lib/action_dispatch/middleware/callbacks.rb:31:in 'block in ActionDispatch::Callbacks#call'
activesupport (8.0.3) lib/active_support/callbacks.rb:100:in 'ActiveSupport::Callbacks#run_callbacks'
actionpack (8.0.3) lib/action_dispatch/middleware/callbacks.rb:30:in 'ActionDispatch::Callbacks#call'
actionpack (8.0.3) lib/action_dispatch/middleware/executor.rb:16:in 'ActionDispatch::Executor#call'
actionpack (8.0.3) lib/action_dispatch/middleware/actionable_exceptions.rb:18:in 'ActionDispatch::ActionableExceptions#call'
actionpack (8.0.3) lib/action_dispatch/middleware/debug_exceptions.rb:31:in 'ActionDispatch::DebugExceptions#call'
web-console (4.2.1) lib/web_console/middleware.rb:132:in 'WebConsole::Middleware#call_app'
web-console (4.2.1) lib/web_console/middleware.rb:28:in 'block in WebConsole::Middleware#call'
web-console (4.2.1) lib/web_console/middleware.rb:17:in 'Kernel#catch'
web-console (4.2.1) lib/web_console/middleware.rb:17:in 'WebConsole::Middleware#call'
actionpack (8.0.3) lib/action_dispatch/middleware/show_exceptions.rb:32:in 'ActionDispatch::ShowExceptions#call'
railties (8.0.3) lib/rails/rack/logger.rb:41:in 'Rails::Rack::Logger#call_app'
railties (8.0.3) lib/rails/rack/logger.rb:29:in 'Rails::Rack::Logger#call'
actionpack (8.0.3) lib/action_dispatch/middleware/remote_ip.rb:96:in 'ActionDispatch::RemoteIp#call'
actionpack (8.0.3) lib/action_dispatch/middleware/request_id.rb:34:in 'ActionDispatch::RequestId#call'
rack (3.2.1) lib/rack/method_override.rb:28:in 'Rack::MethodOverride#call'
rack (3.2.1) lib/rack/runtime.rb:24:in 'Rack::Runtime#call'
actionpack (8.0.3) lib/action_dispatch/middleware/server_timing.rb:61:in 'block in ActionDispatch::ServerTiming#call'
actionpack (8.0.3) lib/action_dispatch/middleware/server_timing.rb:26:in 'ActionDispatch::ServerTiming::Subscriber#collect_events'
actionpack (8.0.3) lib/action_dispatch/middleware/server_timing.rb:60:in 'ActionDispatch::ServerTiming#call'
actionpack (8.0.3) lib/action_dispatch/middleware/executor.rb:16:in 'ActionDispatch::Executor#call'
propshaft (1.3.1) lib/propshaft/server.rb:37:in 'Propshaft::Server#call'
actionpack (8.0.3) lib/action_dispatch/middleware/static.rb:27:in 'ActionDispatch::Static#call'
rack (3.2.1) lib/rack/sendfile.rb:114:in 'Rack::Sendfile#call'
actionpack (8.0.3) lib/action_dispatch/middleware/host_authorization.rb:143:in 'ActionDispatch::HostAuthorization#call'
railties (8.0.3) lib/rails/engine.rb:535:in 'Rails::Engine#call'
puma (7.0.4) lib/puma/configuration.rb:299:in 'Puma::Configuration::ConfigMiddleware#call'
puma (7.0.4) lib/puma/request.rb:101:in 'block in Puma::Request#handle_request'
puma (7.0.4) lib/puma/thread_pool.rb:346:in 'Puma::ThreadPool#with_force_shutdown'
puma (7.0.4) lib/puma/request.rb:100:in 'Puma::Request#handle_request'
puma (7.0.4) lib/puma/server.rb:506:in 'Puma::Server#process_client'
puma (7.0.4) lib/puma/server.rb:265:in 'block in Puma::Server#run'
puma (7.0.4) lib/puma/thread_pool.rb:173:in 'block in Puma::ThreadPool#spawn_thread'

Information for cause: NameError (uninitialized constant ExercisesController):
  
activesupport (8.0.3) lib/active_support/inflector/methods.rb:290:in 'ActiveSupport::Inflector#constantize'
activesupport (8.0.3) lib/active_support/core_ext/string/inflections.rb:74:in 'String#constantize'
actionpack (8.0.3) lib/action_dispatch/http/request.rb:99:in 'ActionDispatch::Request#controller_class_for'
actionpack (8.0.3) lib/action_dispatch/http/request.rb:91:in 'ActionDispatch::Request#controller_class'
actionpack (8.0.3) lib/action_dispatch/routing/route_set.rb:61:in 'ActionDispatch::Routing::RouteSet::Dispatcher#controller'
actionpack (8.0.3) lib/action_dispatch/routing/route_set.rb:48:in 'ActionDispatch::Routing::RouteSet::Dispatcher#serve'
actionpack (8.0.3) lib/action_dispatch/journey/router.rb:53:in 'block in ActionDispatch::Journey::Router#serve'
actionpack (8.0.3) lib/action_dispatch/journey/router.rb:133:in 'block in ActionDispatch::Journey::Router#find_routes'
actionpack (8.0.3) lib/action_dispatch/journey/router.rb:126:in 'Array#each'
actionpack (8.0.3) lib/action_dispatch/journey/router.rb:126:in 'ActionDispatch::Journey::Router#find_routes'
actionpack (8.0.3) lib/action_dispatch/journey/router.rb:34:in 'ActionDispatch::Journey::Router#serve'
actionpack (8.0.3) lib/action_dispatch/routing/route_set.rb:908:in 'ActionDispatch::Routing::RouteSet#call'
railties (8.0.3) lib/rails/engine/lazy_route_set.rb:60:in 'Rails::Engine::LazyRouteSet#call'
rack (3.2.1) lib/rack/tempfile_reaper.rb:20:in 'Rack::TempfileReaper#call'
rack (3.2.1) lib/rack/etag.rb:29:in 'Rack::ETag#call'
rack (3.2.1) lib/rack/conditional_get.rb:31:in 'Rack::ConditionalGet#call'
rack (3.2.1) lib/rack/head.rb:15:in 'Rack::Head#call'
actionpack (8.0.3) lib/action_dispatch/http/permissions_policy.rb:38:in 'ActionDispatch::PermissionsPolicy::Middleware#call'
actionpack (8.0.3) lib/action_dispatch/http/content_security_policy.rb:38:in 'ActionDispatch::ContentSecurityPolicy::Middleware#call'
rack-session (2.1.1) lib/rack/session/abstract/id.rb:274:in 'Rack::Session::Abstract::Persisted#context'
rack-session (2.1.1) lib/rack/session/abstract/id.rb:268:in 'Rack::Session::Abstract::Persisted#call'
actionpack (8.0.3) lib/action_dispatch/middleware/cookies.rb:706:in 'ActionDispatch::Cookies#call'
activerecord (8.0.3) lib/active_record/migration.rb:670:in 'ActiveRecord::Migration::CheckPending#call'
actionpack (8.0.3) lib/action_dispatch/middleware/callbacks.rb:31:in 'block in ActionDispatch::Callbacks#call'
activesupport (8.0.3) lib/active_support/callbacks.rb:100:in 'ActiveSupport::Callbacks#run_callbacks'
actionpack (8.0.3) lib/action_dispatch/middleware/callbacks.rb:30:in 'ActionDispatch::Callbacks#call'
actionpack (8.0.3) lib/action_dispatch/middleware/executor.rb:16:in 'ActionDispatch::Executor#call'
actionpack (8.0.3) lib/action_dispatch/middleware/actionable_exceptions.rb:18:in 'ActionDispatch::ActionableExceptions#call'
actionpack (8.0.3) lib/action_dispatch/middleware/debug_exceptions.rb:31:in 'ActionDispatch::DebugExceptions#call'
web-console (4.2.1) lib/web_console/middleware.rb:132:in 'WebConsole::Middleware#call_app'
web-console (4.2.1) lib/web_console/middleware.rb:28:in 'block in WebConsole::Middleware#call'
web-console (4.2.1) lib/web_console/middleware.rb:17:in 'Kernel#catch'
web-console (4.2.1) lib/web_console/middleware.rb:17:in 'WebConsole::Middleware#call'
actionpack (8.0.3) lib/action_dispatch/middleware/show_exceptions.rb:32:in 'ActionDispatch::ShowExceptions#call'
railties (8.0.3) lib/rails/rack/logger.rb:41:in 'Rails::Rack::Logger#call_app'
railties (8.0.3) lib/rails/rack/logger.rb:29:in 'Rails::Rack::Logger#call'
actionpack (8.0.3) lib/action_dispatch/middleware/remote_ip.rb:96:in 'ActionDispatch::RemoteIp#call'
actionpack (8.0.3) lib/action_dispatch/middleware/request_id.rb:34:in 'ActionDispatch::RequestId#call'
rack (3.2.1) lib/rack/method_override.rb:28:in 'Rack::MethodOverride#call'
rack (3.2.1) lib/rack/runtime.rb:24:in 'Rack::Runtime#call'
actionpack (8.0.3) lib/action_dispatch/middleware/server_timing.rb:61:in 'block in ActionDispatch::ServerTiming#call'
actionpack (8.0.3) lib/action_dispatch/middleware/server_timing.rb:26:in 'ActionDispatch::ServerTiming::Subscriber#collect_events'
actionpack (8.0.3) lib/action_dispatch/middleware/server_timing.rb:60:in 'ActionDispatch::ServerTiming#call'
actionpack (8.0.3) lib/action_dispatch/middleware/executor.rb:16:in 'ActionDispatch::Executor#call'
propshaft (1.3.1) lib/propshaft/server.rb:37:in 'Propshaft::Server#call'
actionpack (8.0.3) lib/action_dispatch/middleware/static.rb:27:in 'ActionDispatch::Static#call'
rack (3.2.1) lib/rack/sendfile.rb:114:in 'Rack::Sendfile#call'
actionpack (8.0.3) lib/action_dispatch/middleware/host_authorization.rb:143:in 'ActionDispatch::HostAuthorization#call'
railties (8.0.3) lib/rails/engine.rb:535:in 'Rails::Engine#call'
puma (7.0.4) lib/puma/configuration.rb:299:in 'Puma::Configuration::ConfigMiddleware#call'
puma (7.0.4) lib/puma/request.rb:101:in 'block in Puma::Request#handle_request'
puma (7.0.4) lib/puma/thread_pool.rb:346:in 'Puma::ThreadPool#with_force_shutdown'
puma (7.0.4) lib/puma/request.rb:100:in 'Puma::Request#handle_request'
puma (7.0.4) lib/puma/server.rb:506:in 'Puma::Server#process_client'
puma (7.0.4) lib/puma/server.rb:265:in 'block in Puma::Server#run'
puma (7.0.4) lib/puma/thread_pool.rb:173:in 'block in Puma::ThreadPool#spawn_thread'
Started GET "/symptoms" for ::1 at 2025-10-08 22:07:38 +0900
Processing by SymptomsController#index as HTML
  [1m[36mUser Load (0.3ms)[0m  [1m[34mSELECT "users".* FROM "users" WHERE "users"."id" = 1 LIMIT 1 /*action='index',application='CareApp2',controller='symptoms'*/[0m
  ↳ app/controllers/application_controller.rb:4:in 'ApplicationController#current_user'
  Rendering layout layouts/application.html.erb
  Rendering symptoms/index.html.erb within layouts/application
  [1m[36mSymptom Load (0.2ms)[0m  [1m[34mSELECT "symptoms".* FROM "symptoms" WHERE "symptoms"."name" = '腰痛' LIMIT 1 /*action='index',application='CareApp2',controller='symptoms'*/[0m
  ↳ app/views/symptoms/index.html.erb:37
  [1m[36mSymptom Load (0.2ms)[0m  [1m[34mSELECT "symptoms".* FROM "symptoms" WHERE "symptoms"."name" = '肩こり' LIMIT 1 /*action='index',application='CareApp2',controller='symptoms'*/[0m
  ↳ app/views/symptoms/index.html.erb:37
  [1m[36mSymptom Load (0.3ms)[0m  [1m[34mSELECT "symptoms".* FROM "symptoms" WHERE "symptoms"."name" = '首の痛み' LIMIT 1 /*action='index',application='CareApp2',controller='symptoms'*/[0m
  ↳ app/views/symptoms/index.html.erb:37
  [1m[36mSymptom Load (0.2ms)[0m  [1m[34mSELECT "symptoms".* FROM "symptoms" WHERE "symptoms"."name" = '膝の痛み' LIMIT 1 /*action='index',application='CareApp2',controller='symptoms'*/[0m
  ↳ app/views/symptoms/index.html.erb:37
  [1m[36mSymptom Load (0.5ms)[0m  [1m[34mSELECT "symptoms".* FROM "symptoms" WHERE "symptoms"."name" = '頭痛' LIMIT 1 /*action='index',application='CareApp2',controller='symptoms'*/[0m
  ↳ app/views/symptoms/index.html.erb:37
  [1m[36mSymptom Load (0.2ms)[0m  [1m[34mSELECT "symptoms".* FROM "symptoms" WHERE "symptoms"."name" = '眼精疲労' LIMIT 1 /*action='index',application='CareApp2',controller='symptoms'*/[0m
  ↳ app/views/symptoms/index.html.erb:37
  Rendered symptoms/index.html.erb within layouts/application (Duration: 18.6ms | GC: 0.0ms)
  Rendered layout layouts/application.html.erb (Duration: 19.2ms | GC: 0.0ms)
Completed 200 OK in 124ms (Views: 18.1ms | ActiveRecord: 1.8ms (7 queries, 0 cached) | GC: 0.6ms)


Started GET "/symptoms" for ::1 at 2025-10-08 22:22:59 +0900
Processing by SymptomsController#index as HTML
  [1m[36mUser Load (0.6ms)[0m  [1m[34mSELECT "users".* FROM "users" WHERE "users"."id" = 1 LIMIT 1 /*action='index',application='CareApp2',controller='symptoms'*/[0m
  ↳ app/controllers/application_controller.rb:4:in 'ApplicationController#current_user'
  Rendering layout layouts/application.html.erb
  Rendering symptoms/index.html.erb within layouts/application
  [1m[36mSymptom Load (0.7ms)[0m  [1m[34mSELECT "symptoms".* FROM "symptoms" WHERE "symptoms"."name" = '腰痛' LIMIT 1 /*action='index',application='CareApp2',controller='symptoms'*/[0m
  ↳ app/views/symptoms/index.html.erb:37
  [1m[36mSymptom Load (0.3ms)[0m  [1m[34mSELECT "symptoms".* FROM "symptoms" WHERE "symptoms"."name" = '肩こり' LIMIT 1 /*action='index',application='CareApp2',controller='symptoms'*/[0m
  ↳ app/views/symptoms/index.html.erb:37
  [1m[36mSymptom Load (0.2ms)[0m  [1m[34mSELECT "symptoms".* FROM "symptoms" WHERE "symptoms"."name" = '首の痛み' LIMIT 1 /*action='index',application='CareApp2',controller='symptoms'*/[0m
  ↳ app/views/symptoms/index.html.erb:37
  [1m[36mSymptom Load (0.2ms)[0m  [1m[34mSELECT "symptoms".* FROM "symptoms" WHERE "symptoms"."name" = '膝の痛み' LIMIT 1 /*action='index',application='CareApp2',controller='symptoms'*/[0m
  ↳ app/views/symptoms/index.html.erb:37
  [1m[36mSymptom Load (0.4ms)[0m  [1m[34mSELECT "symptoms".* FROM "symptoms" WHERE "symptoms"."name" = '頭痛' LIMIT 1 /*action='index',application='CareApp2',controller='symptoms'*/[0m
  ↳ app/views/symptoms/index.html.erb:37
  [1m[36mSymptom Load (0.3ms)[0m  [1m[34mSELECT "symptoms".* FROM "symptoms" WHERE "symptoms"."name" = '眼精疲労' LIMIT 1 /*action='index',application='CareApp2',controller='symptoms'*/[0m
  ↳ app/views/symptoms/index.html.erb:37
  Rendered symptoms/index.html.erb within layouts/application (Duration: 59.6ms | GC: 5.8ms)
  Rendered layout layouts/application.html.erb (Duration: 72.7ms | GC: 6.9ms)
Completed 200 OK in 216ms (Views: 75.9ms | ActiveRecord: 7.7ms (7 queries, 0 cached) | GC: 8.2ms)


Started GET "/symptoms/2" for ::1 at 2025-10-08 22:23:19 +0900
Processing by SymptomsController#show as HTML
  Parameters: {"id" => "2"}
  [1m[36mUser Load (0.5ms)[0m  [1m[34mSELECT "users".* FROM "users" WHERE "users"."id" = 1 LIMIT 1 /*action='show',application='CareApp2',controller='symptoms'*/[0m
  ↳ app/controllers/application_controller.rb:4:in 'ApplicationController#current_user'
  [1m[36mSymptom Load (0.2ms)[0m  [1m[34mSELECT "symptoms".* FROM "symptoms" WHERE "symptoms"."id" = 2 LIMIT 1 /*action='show',application='CareApp2',controller='symptoms'*/[0m
  ↳ app/controllers/symptoms_controller.rb:9:in 'SymptomsController#show'
  Rendering layout layouts/application.html.erb
  Rendering symptoms/show.html.erb within layouts/application
  [1m[36mExercise Exists? (0.5ms)[0m  [1m[34mSELECT 1 AS one FROM "exercises" WHERE "exercises"."symptom_id" = 2 LIMIT 1 /*action='show',application='CareApp2',controller='symptoms'*/[0m
  ↳ app/views/symptoms/show.html.erb:11
  Rendered symptoms/show.html.erb within layouts/application (Duration: 3.5ms | GC: 0.5ms)
  Rendered layout layouts/application.html.erb (Duration: 4.2ms | GC: 0.5ms)
Completed 200 OK in 106ms (Views: 3.9ms | ActiveRecord: 1.3ms (3 queries, 0 cached) | GC: 1.0ms)


Started GET "/symptoms/4" for ::1 at 2025-10-08 22:23:34 +0900
Processing by SymptomsController#show as HTML
  Parameters: {"id" => "4"}
  [1m[36mUser Load (0.5ms)[0m  [1m[34mSELECT "users".* FROM "users" WHERE "users"."id" = 1 LIMIT 1 /*action='show',application='CareApp2',controller='symptoms'*/[0m
  ↳ app/controllers/application_controller.rb:4:in 'ApplicationController#current_user'
  [1m[36mSymptom Load (0.2ms)[0m  [1m[34mSELECT "symptoms".* FROM "symptoms" WHERE "symptoms"."id" = 4 LIMIT 1 /*action='show',application='CareApp2',controller='symptoms'*/[0m
  ↳ app/controllers/symptoms_controller.rb:9:in 'SymptomsController#show'
  Rendering layout layouts/application.html.erb
  Rendering symptoms/show.html.erb within layouts/application
  [1m[36mExercise Exists? (0.2ms)[0m  [1m[34mSELECT 1 AS one FROM "exercises" WHERE "exercises"."symptom_id" = 4 LIMIT 1 /*action='show',application='CareApp2',controller='symptoms'*/[0m
  ↳ app/views/symptoms/show.html.erb:11
  [1m[36mExercise Load (1.1ms)[0m  [1m[34mSELECT "exercises".* FROM "exercises" WHERE "exercises"."symptom_id" = 4 /*action='show',application='CareApp2',controller='symptoms'*/[0m
  ↳ app/views/symptoms/show.html.erb:13
  [1m[36mActiveStorage::Attachment Load (0.6ms)[0m  [1m[34mSELECT "active_storage_attachments".* FROM "active_storage_attachments" WHERE "active_storage_attachments"."record_id" = 3 AND "active_storage_attachments"."record_type" = 'Exercise' AND "active_storage_attachments"."name" = 'video_file' LIMIT 1 /*action='show',application='CareApp2',controller='symptoms'*/[0m
  ↳ app/models/exercise.rb:17:in 'Exercise#has_video?'
  Rendered symptoms/show.html.erb within layouts/application (Duration: 36.6ms | GC: 1.7ms)
  Rendered layout layouts/application.html.erb (Duration: 37.2ms | GC: 1.7ms)
Completed 200 OK in 144ms (Views: 35.6ms | ActiveRecord: 2.6ms (5 queries, 0 cached) | GC: 1.7ms)


Started GET "/symptoms/4" for ::1 at 2025-10-08 22:23:40 +0900
Processing by SymptomsController#show as HTML
  Parameters: {"id" => "4"}
  [1m[36mUser Load (0.4ms)[0m  [1m[34mSELECT "users".* FROM "users" WHERE "users"."id" = 1 LIMIT 1 /*action='show',application='CareApp2',controller='symptoms'*/[0m
  ↳ app/controllers/application_controller.rb:4:in 'ApplicationController#current_user'
  [1m[36mSymptom Load (0.2ms)[0m  [1m[34mSELECT "symptoms".* FROM "symptoms" WHERE "symptoms"."id" = 4 LIMIT 1 /*action='show',application='CareApp2',controller='symptoms'*/[0m
  ↳ app/controllers/symptoms_controller.rb:9:in 'SymptomsController#show'
  Rendering layout layouts/application.html.erb
  Rendering symptoms/show.html.erb within layouts/application
  [1m[36mExercise Exists? (0.3ms)[0m  [1m[34mSELECT 1 AS one FROM "exercises" WHERE "exercises"."symptom_id" = 4 LIMIT 1 /*action='show',application='CareApp2',controller='symptoms'*/[0m
  ↳ app/views/symptoms/show.html.erb:11
  [1m[36mExercise Load (0.3ms)[0m  [1m[34mSELECT "exercises".* FROM "exercises" WHERE "exercises"."symptom_id" = 4 /*action='show',application='CareApp2',controller='symptoms'*/[0m
  ↳ app/views/symptoms/show.html.erb:13
  [1m[36mActiveStorage::Attachment Load (0.4ms)[0m  [1m[34mSELECT "active_storage_attachments".* FROM "active_storage_attachments" WHERE "active_storage_attachments"."record_id" = 3 AND "active_storage_attachments"."record_type" = 'Exercise' AND "active_storage_attachments"."name" = 'video_file' LIMIT 1 /*action='show',application='CareApp2',controller='symptoms'*/[0m
  ↳ app/models/exercise.rb:17:in 'Exercise#has_video?'
  Rendered symptoms/show.html.erb within layouts/application (Duration: 10.3ms | GC: 0.0ms)
  Rendered layout layouts/application.html.erb (Duration: 10.9ms | GC: 0.0ms)
Completed 200 OK in 122ms (Views: 11.0ms | ActiveRecord: 1.5ms (5 queries, 0 cached) | GC: 0.7ms)


Started GET "/exercises/3" for ::1 at 2025-10-08 22:23:42 +0900
  
ActionController::RoutingError (uninitialized constant ExercisesController)
Caused by: ActionDispatch::MissingController (uninitialized constant ExercisesController)
Caused by: NameError (uninitialized constant ExercisesController)

Information for: ActionController::RoutingError (uninitialized constant ExercisesController):
  

Information for cause: ActionDispatch::MissingController (uninitialized constant ExercisesController):
  
actionpack (8.0.3) lib/action_dispatch/http/request.rb:102:in 'ActionDispatch::Request#controller_class_for'
actionpack (8.0.3) lib/action_dispatch/http/request.rb:91:in 'ActionDispatch::Request#controller_class'
actionpack (8.0.3) lib/action_dispatch/routing/route_set.rb:61:in 'ActionDispatch::Routing::RouteSet::Dispatcher#controller'
actionpack (8.0.3) lib/action_dispatch/routing/route_set.rb:48:in 'ActionDispatch::Routing::RouteSet::Dispatcher#serve'
actionpack (8.0.3) lib/action_dispatch/journey/router.rb:53:in 'block in ActionDispatch::Journey::Router#serve'
actionpack (8.0.3) lib/action_dispatch/journey/router.rb:133:in 'block in ActionDispatch::Journey::Router#find_routes'
actionpack (8.0.3) lib/action_dispatch/journey/router.rb:126:in 'Array#each'
actionpack (8.0.3) lib/action_dispatch/journey/router.rb:126:in 'ActionDispatch::Journey::Router#find_routes'
actionpack (8.0.3) lib/action_dispatch/journey/router.rb:34:in 'ActionDispatch::Journey::Router#serve'
actionpack (8.0.3) lib/action_dispatch/routing/route_set.rb:908:in 'ActionDispatch::Routing::RouteSet#call'
railties (8.0.3) lib/rails/engine/lazy_route_set.rb:60:in 'Rails::Engine::LazyRouteSet#call'
rack (3.2.1) lib/rack/tempfile_reaper.rb:20:in 'Rack::TempfileReaper#call'
rack (3.2.1) lib/rack/etag.rb:29:in 'Rack::ETag#call'
rack (3.2.1) lib/rack/conditional_get.rb:31:in 'Rack::ConditionalGet#call'
rack (3.2.1) lib/rack/head.rb:15:in 'Rack::Head#call'
actionpack (8.0.3) lib/action_dispatch/http/permissions_policy.rb:38:in 'ActionDispatch::PermissionsPolicy::Middleware#call'
actionpack (8.0.3) lib/action_dispatch/http/content_security_policy.rb:38:in 'ActionDispatch::ContentSecurityPolicy::Middleware#call'
rack-session (2.1.1) lib/rack/session/abstract/id.rb:274:in 'Rack::Session::Abstract::Persisted#context'
rack-session (2.1.1) lib/rack/session/abstract/id.rb:268:in 'Rack::Session::Abstract::Persisted#call'
actionpack (8.0.3) lib/action_dispatch/middleware/cookies.rb:706:in 'ActionDispatch::Cookies#call'
activerecord (8.0.3) lib/active_record/migration.rb:670:in 'ActiveRecord::Migration::CheckPending#call'
actionpack (8.0.3) lib/action_dispatch/middleware/callbacks.rb:31:in 'block in ActionDispatch::Callbacks#call'
activesupport (8.0.3) lib/active_support/callbacks.rb:100:in 'ActiveSupport::Callbacks#run_callbacks'
actionpack (8.0.3) lib/action_dispatch/middleware/callbacks.rb:30:in 'ActionDispatch::Callbacks#call'
actionpack (8.0.3) lib/action_dispatch/middleware/executor.rb:16:in 'ActionDispatch::Executor#call'
actionpack (8.0.3) lib/action_dispatch/middleware/actionable_exceptions.rb:18:in 'ActionDispatch::ActionableExceptions#call'
actionpack (8.0.3) lib/action_dispatch/middleware/debug_exceptions.rb:31:in 'ActionDispatch::DebugExceptions#call'
web-console (4.2.1) lib/web_console/middleware.rb:132:in 'WebConsole::Middleware#call_app'
web-console (4.2.1) lib/web_console/middleware.rb:28:in 'block in WebConsole::Middleware#call'
web-console (4.2.1) lib/web_console/middleware.rb:17:in 'Kernel#catch'
web-console (4.2.1) lib/web_console/middleware.rb:17:in 'WebConsole::Middleware#call'
actionpack (8.0.3) lib/action_dispatch/middleware/show_exceptions.rb:32:in 'ActionDispatch::ShowExceptions#call'
railties (8.0.3) lib/rails/rack/logger.rb:41:in 'Rails::Rack::Logger#call_app'
railties (8.0.3) lib/rails/rack/logger.rb:29:in 'Rails::Rack::Logger#call'
actionpack (8.0.3) lib/action_dispatch/middleware/remote_ip.rb:96:in 'ActionDispatch::RemoteIp#call'
actionpack (8.0.3) lib/action_dispatch/middleware/request_id.rb:34:in 'ActionDispatch::RequestId#call'
rack (3.2.1) lib/rack/method_override.rb:28:in 'Rack::MethodOverride#call'
rack (3.2.1) lib/rack/runtime.rb:24:in 'Rack::Runtime#call'
actionpack (8.0.3) lib/action_dispatch/middleware/server_timing.rb:61:in 'block in ActionDispatch::ServerTiming#call'
actionpack (8.0.3) lib/action_dispatch/middleware/server_timing.rb:26:in 'ActionDispatch::ServerTiming::Subscriber#collect_events'
actionpack (8.0.3) lib/action_dispatch/middleware/server_timing.rb:60:in 'ActionDispatch::ServerTiming#call'
actionpack (8.0.3) lib/action_dispatch/middleware/executor.rb:16:in 'ActionDispatch::Executor#call'
propshaft (1.3.1) lib/propshaft/server.rb:37:in 'Propshaft::Server#call'
actionpack (8.0.3) lib/action_dispatch/middleware/static.rb:27:in 'ActionDispatch::Static#call'
rack (3.2.1) lib/rack/sendfile.rb:114:in 'Rack::Sendfile#call'
actionpack (8.0.3) lib/action_dispatch/middleware/host_authorization.rb:143:in 'ActionDispatch::HostAuthorization#call'
railties (8.0.3) lib/rails/engine.rb:535:in 'Rails::Engine#call'
puma (7.0.4) lib/puma/configuration.rb:299:in 'Puma::Configuration::ConfigMiddleware#call'
puma (7.0.4) lib/puma/request.rb:101:in 'block in Puma::Request#handle_request'
puma (7.0.4) lib/puma/thread_pool.rb:346:in 'Puma::ThreadPool#with_force_shutdown'
puma (7.0.4) lib/puma/request.rb:100:in 'Puma::Request#handle_request'
puma (7.0.4) lib/puma/server.rb:506:in 'Puma::Server#process_client'
puma (7.0.4) lib/puma/server.rb:265:in 'block in Puma::Server#run'
puma (7.0.4) lib/puma/thread_pool.rb:173:in 'block in Puma::ThreadPool#spawn_thread'

Information for cause: NameError (uninitialized constant ExercisesController):
  
activesupport (8.0.3) lib/active_support/inflector/methods.rb:290:in 'ActiveSupport::Inflector#constantize'
activesupport (8.0.3) lib/active_support/core_ext/string/inflections.rb:74:in 'String#constantize'
actionpack (8.0.3) lib/action_dispatch/http/request.rb:99:in 'ActionDispatch::Request#controller_class_for'
actionpack (8.0.3) lib/action_dispatch/http/request.rb:91:in 'ActionDispatch::Request#controller_class'
actionpack (8.0.3) lib/action_dispatch/routing/route_set.rb:61:in 'ActionDispatch::Routing::RouteSet::Dispatcher#controller'
actionpack (8.0.3) lib/action_dispatch/routing/route_set.rb:48:in 'ActionDispatch::Routing::RouteSet::Dispatcher#serve'
actionpack (8.0.3) lib/action_dispatch/journey/router.rb:53:in 'block in ActionDispatch::Journey::Router#serve'
actionpack (8.0.3) lib/action_dispatch/journey/router.rb:133:in 'block in ActionDispatch::Journey::Router#find_routes'
actionpack (8.0.3) lib/action_dispatch/journey/router.rb:126:in 'Array#each'
actionpack (8.0.3) lib/action_dispatch/journey/router.rb:126:in 'ActionDispatch::Journey::Router#find_routes'
actionpack (8.0.3) lib/action_dispatch/journey/router.rb:34:in 'ActionDispatch::Journey::Router#serve'
actionpack (8.0.3) lib/action_dispatch/routing/route_set.rb:908:in 'ActionDispatch::Routing::RouteSet#call'
railties (8.0.3) lib/rails/engine/lazy_route_set.rb:60:in 'Rails::Engine::LazyRouteSet#call'
rack (3.2.1) lib/rack/tempfile_reaper.rb:20:in 'Rack::TempfileReaper#call'
rack (3.2.1) lib/rack/etag.rb:29:in 'Rack::ETag#call'
rack (3.2.1) lib/rack/conditional_get.rb:31:in 'Rack::ConditionalGet#call'
rack (3.2.1) lib/rack/head.rb:15:in 'Rack::Head#call'
actionpack (8.0.3) lib/action_dispatch/http/permissions_policy.rb:38:in 'ActionDispatch::PermissionsPolicy::Middleware#call'
actionpack (8.0.3) lib/action_dispatch/http/content_security_policy.rb:38:in 'ActionDispatch::ContentSecurityPolicy::Middleware#call'
rack-session (2.1.1) lib/rack/session/abstract/id.rb:274:in 'Rack::Session::Abstract::Persisted#context'
rack-session (2.1.1) lib/rack/session/abstract/id.rb:268:in 'Rack::Session::Abstract::Persisted#call'
actionpack (8.0.3) lib/action_dispatch/middleware/cookies.rb:706:in 'ActionDispatch::Cookies#call'
activerecord (8.0.3) lib/active_record/migration.rb:670:in 'ActiveRecord::Migration::CheckPending#call'
actionpack (8.0.3) lib/action_dispatch/middleware/callbacks.rb:31:in 'block in ActionDispatch::Callbacks#call'
activesupport (8.0.3) lib/active_support/callbacks.rb:100:in 'ActiveSupport::Callbacks#run_callbacks'
actionpack (8.0.3) lib/action_dispatch/middleware/callbacks.rb:30:in 'ActionDispatch::Callbacks#call'
actionpack (8.0.3) lib/action_dispatch/middleware/executor.rb:16:in 'ActionDispatch::Executor#call'
actionpack (8.0.3) lib/action_dispatch/middleware/actionable_exceptions.rb:18:in 'ActionDispatch::ActionableExceptions#call'
actionpack (8.0.3) lib/action_dispatch/middleware/debug_exceptions.rb:31:in 'ActionDispatch::DebugExceptions#call'
web-console (4.2.1) lib/web_console/middleware.rb:132:in 'WebConsole::Middleware#call_app'
web-console (4.2.1) lib/web_console/middleware.rb:28:in 'block in WebConsole::Middleware#call'
web-console (4.2.1) lib/web_console/middleware.rb:17:in 'Kernel#catch'
web-console (4.2.1) lib/web_console/middleware.rb:17:in 'WebConsole::Middleware#call'
actionpack (8.0.3) lib/action_dispatch/middleware/show_exceptions.rb:32:in 'ActionDispatch::ShowExceptions#call'
railties (8.0.3) lib/rails/rack/logger.rb:41:in 'Rails::Rack::Logger#call_app'
railties (8.0.3) lib/rails/rack/logger.rb:29:in 'Rails::Rack::Logger#call'
actionpack (8.0.3) lib/action_dispatch/middleware/remote_ip.rb:96:in 'ActionDispatch::RemoteIp#call'
actionpack (8.0.3) lib/action_dispatch/middleware/request_id.rb:34:in 'ActionDispatch::RequestId#call'
rack (3.2.1) lib/rack/method_override.rb:28:in 'Rack::MethodOverride#call'
rack (3.2.1) lib/rack/runtime.rb:24:in 'Rack::Runtime#call'
actionpack (8.0.3) lib/action_dispatch/middleware/server_timing.rb:61:in 'block in ActionDispatch::ServerTiming#call'
actionpack (8.0.3) lib/action_dispatch/middleware/server_timing.rb:26:in 'ActionDispatch::ServerTiming::Subscriber#collect_events'
actionpack (8.0.3) lib/action_dispatch/middleware/server_timing.rb:60:in 'ActionDispatch::ServerTiming#call'
actionpack (8.0.3) lib/action_dispatch/middleware/executor.rb:16:in 'ActionDispatch::Executor#call'
propshaft (1.3.1) lib/propshaft/server.rb:37:in 'Propshaft::Server#call'
actionpack (8.0.3) lib/action_dispatch/middleware/static.rb:27:in 'ActionDispatch::Static#call'
rack (3.2.1) lib/rack/sendfile.rb:114:in 'Rack::Sendfile#call'
actionpack (8.0.3) lib/action_dispatch/middleware/host_authorization.rb:143:in 'ActionDispatch::HostAuthorization#call'
railties (8.0.3) lib/rails/engine.rb:535:in 'Rails::Engine#call'
puma (7.0.4) lib/puma/configuration.rb:299:in 'Puma::Configuration::ConfigMiddleware#call'
puma (7.0.4) lib/puma/request.rb:101:in 'block in Puma::Request#handle_request'
puma (7.0.4) lib/puma/thread_pool.rb:346:in 'Puma::ThreadPool#with_force_shutdown'
puma (7.0.4) lib/puma/request.rb:100:in 'Puma::Request#handle_request'
puma (7.0.4) lib/puma/server.rb:506:in 'Puma::Server#process_client'
puma (7.0.4) lib/puma/server.rb:265:in 'block in Puma::Server#run'
puma (7.0.4) lib/puma/thread_pool.rb:173:in 'block in Puma::ThreadPool#spawn_thread'
Started GET "/symptoms/4" for ::1 at 2025-10-08 22:23:46 +0900
Processing by SymptomsController#show as HTML
  Parameters: {"id" => "4"}
  [1m[36mUser Load (0.7ms)[0m  [1m[34mSELECT "users".* FROM "users" WHERE "users"."id" = 1 LIMIT 1 /*action='show',application='CareApp2',controller='symptoms'*/[0m
  ↳ app/controllers/application_controller.rb:4:in 'ApplicationController#current_user'
  [1m[36mSymptom Load (0.3ms)[0m  [1m[34mSELECT "symptoms".* FROM "symptoms" WHERE "symptoms"."id" = 4 LIMIT 1 /*action='show',application='CareApp2',controller='symptoms'*/[0m
  ↳ app/controllers/symptoms_controller.rb:9:in 'SymptomsController#show'
  Rendering layout layouts/application.html.erb
  Rendering symptoms/show.html.erb within layouts/application
  [1m[36mExercise Exists? (0.2ms)[0m  [1m[34mSELECT 1 AS one FROM "exercises" WHERE "exercises"."symptom_id" = 4 LIMIT 1 /*action='show',application='CareApp2',controller='symptoms'*/[0m
  ↳ app/views/symptoms/show.html.erb:11
  [1m[36mExercise Load (0.2ms)[0m  [1m[34mSELECT "exercises".* FROM "exercises" WHERE "exercises"."symptom_id" = 4 /*action='show',application='CareApp2',controller='symptoms'*/[0m
  ↳ app/views/symptoms/show.html.erb:13
  [1m[36mActiveStorage::Attachment Load (0.3ms)[0m  [1m[34mSELECT "active_storage_attachments".* FROM "active_storage_attachments" WHERE "active_storage_attachments"."record_id" = 3 AND "active_storage_attachments"."record_type" = 'Exercise' AND "active_storage_attachments"."name" = 'video_file' LIMIT 1 /*action='show',application='CareApp2',controller='symptoms'*/[0m
  ↳ app/models/exercise.rb:17:in 'Exercise#has_video?'
  Rendered symptoms/show.html.erb within layouts/application (Duration: 8.0ms | GC: 0.1ms)
  Rendered layout layouts/application.html.erb (Duration: 8.9ms | GC: 0.1ms)
Completed 200 OK in 121ms (Views: 8.6ms | ActiveRecord: 1.6ms (5 queries, 0 cached) | GC: 0.1ms)


Started GET "/exercises/1/edit" for ::1 at 2025-10-08 22:30:51 +0900
  [1m[36mActiveRecord::SchemaMigration Load (0.6ms)[0m  [1m[34mSELECT "schema_migrations"."version" FROM "schema_migrations" ORDER BY "schema_migrations"."version" ASC /*application='CareApp2'*/[0m
  
ActionController::RoutingError (No route matches [GET] "/exercises/1/edit"):
  
Started GET "/exercises/1/edit" for ::1 at 2025-10-08 22:36:16 +0900
  [1m[36mActiveRecord::SchemaMigration Load (0.6ms)[0m  [1m[34mSELECT "schema_migrations"."version" FROM "schema_migrations" ORDER BY "schema_migrations"."version" ASC /*application='CareApp2'*/[0m
  
ActionController::RoutingError (uninitialized constant ExercisesController)
Caused by: ActionDispatch::MissingController (uninitialized constant ExercisesController)
Caused by: NameError (uninitialized constant ExercisesController)

Information for: ActionController::RoutingError (uninitialized constant ExercisesController):
  

Information for cause: ActionDispatch::MissingController (uninitialized constant ExercisesController):
  
actionpack (8.0.3) lib/action_dispatch/http/request.rb:102:in 'ActionDispatch::Request#controller_class_for'
actionpack (8.0.3) lib/action_dispatch/http/request.rb:91:in 'ActionDispatch::Request#controller_class'
actionpack (8.0.3) lib/action_dispatch/routing/route_set.rb:61:in 'ActionDispatch::Routing::RouteSet::Dispatcher#controller'
actionpack (8.0.3) lib/action_dispatch/routing/route_set.rb:48:in 'ActionDispatch::Routing::RouteSet::Dispatcher#serve'
actionpack (8.0.3) lib/action_dispatch/journey/router.rb:53:in 'block in ActionDispatch::Journey::Router#serve'
actionpack (8.0.3) lib/action_dispatch/journey/router.rb:133:in 'block in ActionDispatch::Journey::Router#find_routes'
actionpack (8.0.3) lib/action_dispatch/journey/router.rb:126:in 'Array#each'
actionpack (8.0.3) lib/action_dispatch/journey/router.rb:126:in 'ActionDispatch::Journey::Router#find_routes'
actionpack (8.0.3) lib/action_dispatch/journey/router.rb:34:in 'ActionDispatch::Journey::Router#serve'
actionpack (8.0.3) lib/action_dispatch/routing/route_set.rb:908:in 'ActionDispatch::Routing::RouteSet#call'
railties (8.0.3) lib/rails/engine/lazy_route_set.rb:60:in 'Rails::Engine::LazyRouteSet#call'
rack (3.2.1) lib/rack/tempfile_reaper.rb:20:in 'Rack::TempfileReaper#call'
rack (3.2.1) lib/rack/etag.rb:29:in 'Rack::ETag#call'
rack (3.2.1) lib/rack/conditional_get.rb:31:in 'Rack::ConditionalGet#call'
rack (3.2.1) lib/rack/head.rb:15:in 'Rack::Head#call'
actionpack (8.0.3) lib/action_dispatch/http/permissions_policy.rb:38:in 'ActionDispatch::PermissionsPolicy::Middleware#call'
actionpack (8.0.3) lib/action_dispatch/http/content_security_policy.rb:38:in 'ActionDispatch::ContentSecurityPolicy::Middleware#call'
rack-session (2.1.1) lib/rack/session/abstract/id.rb:274:in 'Rack::Session::Abstract::Persisted#context'
rack-session (2.1.1) lib/rack/session/abstract/id.rb:268:in 'Rack::Session::Abstract::Persisted#call'
actionpack (8.0.3) lib/action_dispatch/middleware/cookies.rb:706:in 'ActionDispatch::Cookies#call'
activerecord (8.0.3) lib/active_record/migration.rb:670:in 'ActiveRecord::Migration::CheckPending#call'
actionpack (8.0.3) lib/action_dispatch/middleware/callbacks.rb:31:in 'block in ActionDispatch::Callbacks#call'
activesupport (8.0.3) lib/active_support/callbacks.rb:100:in 'ActiveSupport::Callbacks#run_callbacks'
actionpack (8.0.3) lib/action_dispatch/middleware/callbacks.rb:30:in 'ActionDispatch::Callbacks#call'
actionpack (8.0.3) lib/action_dispatch/middleware/executor.rb:16:in 'ActionDispatch::Executor#call'
actionpack (8.0.3) lib/action_dispatch/middleware/actionable_exceptions.rb:18:in 'ActionDispatch::ActionableExceptions#call'
actionpack (8.0.3) lib/action_dispatch/middleware/debug_exceptions.rb:31:in 'ActionDispatch::DebugExceptions#call'
web-console (4.2.1) lib/web_console/middleware.rb:132:in 'WebConsole::Middleware#call_app'
web-console (4.2.1) lib/web_console/middleware.rb:28:in 'block in WebConsole::Middleware#call'
web-console (4.2.1) lib/web_console/middleware.rb:17:in 'Kernel#catch'
web-console (4.2.1) lib/web_console/middleware.rb:17:in 'WebConsole::Middleware#call'
actionpack (8.0.3) lib/action_dispatch/middleware/show_exceptions.rb:32:in 'ActionDispatch::ShowExceptions#call'
railties (8.0.3) lib/rails/rack/logger.rb:41:in 'Rails::Rack::Logger#call_app'
railties (8.0.3) lib/rails/rack/logger.rb:29:in 'Rails::Rack::Logger#call'
actionpack (8.0.3) lib/action_dispatch/middleware/remote_ip.rb:96:in 'ActionDispatch::RemoteIp#call'
actionpack (8.0.3) lib/action_dispatch/middleware/request_id.rb:34:in 'ActionDispatch::RequestId#call'
rack (3.2.1) lib/rack/method_override.rb:28:in 'Rack::MethodOverride#call'
rack (3.2.1) lib/rack/runtime.rb:24:in 'Rack::Runtime#call'
actionpack (8.0.3) lib/action_dispatch/middleware/server_timing.rb:61:in 'block in ActionDispatch::ServerTiming#call'
actionpack (8.0.3) lib/action_dispatch/middleware/server_timing.rb:26:in 'ActionDispatch::ServerTiming::Subscriber#collect_events'
actionpack (8.0.3) lib/action_dispatch/middleware/server_timing.rb:60:in 'ActionDispatch::ServerTiming#call'
actionpack (8.0.3) lib/action_dispatch/middleware/executor.rb:16:in 'ActionDispatch::Executor#call'
propshaft (1.3.1) lib/propshaft/server.rb:37:in 'Propshaft::Server#call'
actionpack (8.0.3) lib/action_dispatch/middleware/static.rb:27:in 'ActionDispatch::Static#call'
rack (3.2.1) lib/rack/sendfile.rb:114:in 'Rack::Sendfile#call'
actionpack (8.0.3) lib/action_dispatch/middleware/host_authorization.rb:143:in 'ActionDispatch::HostAuthorization#call'
railties (8.0.3) lib/rails/engine.rb:535:in 'Rails::Engine#call'
puma (7.0.4) lib/puma/configuration.rb:299:in 'Puma::Configuration::ConfigMiddleware#call'
puma (7.0.4) lib/puma/request.rb:101:in 'block in Puma::Request#handle_request'
puma (7.0.4) lib/puma/thread_pool.rb:346:in 'Puma::ThreadPool#with_force_shutdown'
puma (7.0.4) lib/puma/request.rb:100:in 'Puma::Request#handle_request'
puma (7.0.4) lib/puma/server.rb:506:in 'Puma::Server#process_client'
puma (7.0.4) lib/puma/server.rb:265:in 'block in Puma::Server#run'
puma (7.0.4) lib/puma/thread_pool.rb:173:in 'block in Puma::ThreadPool#spawn_thread'

Information for cause: NameError (uninitialized constant ExercisesController):
  
activesupport (8.0.3) lib/active_support/inflector/methods.rb:290:in 'ActiveSupport::Inflector#constantize'
activesupport (8.0.3) lib/active_support/core_ext/string/inflections.rb:74:in 'String#constantize'
actionpack (8.0.3) lib/action_dispatch/http/request.rb:99:in 'ActionDispatch::Request#controller_class_for'
actionpack (8.0.3) lib/action_dispatch/http/request.rb:91:in 'ActionDispatch::Request#controller_class'
actionpack (8.0.3) lib/action_dispatch/routing/route_set.rb:61:in 'ActionDispatch::Routing::RouteSet::Dispatcher#controller'
actionpack (8.0.3) lib/action_dispatch/routing/route_set.rb:48:in 'ActionDispatch::Routing::RouteSet::Dispatcher#serve'
actionpack (8.0.3) lib/action_dispatch/journey/router.rb:53:in 'block in ActionDispatch::Journey::Router#serve'
actionpack (8.0.3) lib/action_dispatch/journey/router.rb:133:in 'block in ActionDispatch::Journey::Router#find_routes'
actionpack (8.0.3) lib/action_dispatch/journey/router.rb:126:in 'Array#each'
actionpack (8.0.3) lib/action_dispatch/journey/router.rb:126:in 'ActionDispatch::Journey::Router#find_routes'
actionpack (8.0.3) lib/action_dispatch/journey/router.rb:34:in 'ActionDispatch::Journey::Router#serve'
actionpack (8.0.3) lib/action_dispatch/routing/route_set.rb:908:in 'ActionDispatch::Routing::RouteSet#call'
railties (8.0.3) lib/rails/engine/lazy_route_set.rb:60:in 'Rails::Engine::LazyRouteSet#call'
rack (3.2.1) lib/rack/tempfile_reaper.rb:20:in 'Rack::TempfileReaper#call'
rack (3.2.1) lib/rack/etag.rb:29:in 'Rack::ETag#call'
rack (3.2.1) lib/rack/conditional_get.rb:31:in 'Rack::ConditionalGet#call'
rack (3.2.1) lib/rack/head.rb:15:in 'Rack::Head#call'
actionpack (8.0.3) lib/action_dispatch/http/permissions_policy.rb:38:in 'ActionDispatch::PermissionsPolicy::Middleware#call'
actionpack (8.0.3) lib/action_dispatch/http/content_security_policy.rb:38:in 'ActionDispatch::ContentSecurityPolicy::Middleware#call'
rack-session (2.1.1) lib/rack/session/abstract/id.rb:274:in 'Rack::Session::Abstract::Persisted#context'
rack-session (2.1.1) lib/rack/session/abstract/id.rb:268:in 'Rack::Session::Abstract::Persisted#call'
actionpack (8.0.3) lib/action_dispatch/middleware/cookies.rb:706:in 'ActionDispatch::Cookies#call'
activerecord (8.0.3) lib/active_record/migration.rb:670:in 'ActiveRecord::Migration::CheckPending#call'
actionpack (8.0.3) lib/action_dispatch/middleware/callbacks.rb:31:in 'block in ActionDispatch::Callbacks#call'
activesupport (8.0.3) lib/active_support/callbacks.rb:100:in 'ActiveSupport::Callbacks#run_callbacks'
actionpack (8.0.3) lib/action_dispatch/middleware/callbacks.rb:30:in 'ActionDispatch::Callbacks#call'
actionpack (8.0.3) lib/action_dispatch/middleware/executor.rb:16:in 'ActionDispatch::Executor#call'
actionpack (8.0.3) lib/action_dispatch/middleware/actionable_exceptions.rb:18:in 'ActionDispatch::ActionableExceptions#call'
actionpack (8.0.3) lib/action_dispatch/middleware/debug_exceptions.rb:31:in 'ActionDispatch::DebugExceptions#call'
web-console (4.2.1) lib/web_console/middleware.rb:132:in 'WebConsole::Middleware#call_app'
web-console (4.2.1) lib/web_console/middleware.rb:28:in 'block in WebConsole::Middleware#call'
web-console (4.2.1) lib/web_console/middleware.rb:17:in 'Kernel#catch'
web-console (4.2.1) lib/web_console/middleware.rb:17:in 'WebConsole::Middleware#call'
actionpack (8.0.3) lib/action_dispatch/middleware/show_exceptions.rb:32:in 'ActionDispatch::ShowExceptions#call'
railties (8.0.3) lib/rails/rack/logger.rb:41:in 'Rails::Rack::Logger#call_app'
railties (8.0.3) lib/rails/rack/logger.rb:29:in 'Rails::Rack::Logger#call'
actionpack (8.0.3) lib/action_dispatch/middleware/remote_ip.rb:96:in 'ActionDispatch::RemoteIp#call'
actionpack (8.0.3) lib/action_dispatch/middleware/request_id.rb:34:in 'ActionDispatch::RequestId#call'
rack (3.2.1) lib/rack/method_override.rb:28:in 'Rack::MethodOverride#call'
rack (3.2.1) lib/rack/runtime.rb:24:in 'Rack::Runtime#call'
actionpack (8.0.3) lib/action_dispatch/middleware/server_timing.rb:61:in 'block in ActionDispatch::ServerTiming#call'
actionpack (8.0.3) lib/action_dispatch/middleware/server_timing.rb:26:in 'ActionDispatch::ServerTiming::Subscriber#collect_events'
actionpack (8.0.3) lib/action_dispatch/middleware/server_timing.rb:60:in 'ActionDispatch::ServerTiming#call'
actionpack (8.0.3) lib/action_dispatch/middleware/executor.rb:16:in 'ActionDispatch::Executor#call'
propshaft (1.3.1) lib/propshaft/server.rb:37:in 'Propshaft::Server#call'
actionpack (8.0.3) lib/action_dispatch/middleware/static.rb:27:in 'ActionDispatch::Static#call'
rack (3.2.1) lib/rack/sendfile.rb:114:in 'Rack::Sendfile#call'
actionpack (8.0.3) lib/action_dispatch/middleware/host_authorization.rb:143:in 'ActionDispatch::HostAuthorization#call'
railties (8.0.3) lib/rails/engine.rb:535:in 'Rails::Engine#call'
puma (7.0.4) lib/puma/configuration.rb:299:in 'Puma::Configuration::ConfigMiddleware#call'
puma (7.0.4) lib/puma/request.rb:101:in 'block in Puma::Request#handle_request'
puma (7.0.4) lib/puma/thread_pool.rb:346:in 'Puma::ThreadPool#with_force_shutdown'
puma (7.0.4) lib/puma/request.rb:100:in 'Puma::Request#handle_request'
puma (7.0.4) lib/puma/server.rb:506:in 'Puma::Server#process_client'
puma (7.0.4) lib/puma/server.rb:265:in 'block in Puma::Server#run'
puma (7.0.4) lib/puma/thread_pool.rb:173:in 'block in Puma::ThreadPool#spawn_thread'
Started GET "/exercises/3" for ::1 at 2025-10-08 22:36:20 +0900
  
ActionController::RoutingError (uninitialized constant ExercisesController)
Caused by: ActionDispatch::MissingController (uninitialized constant ExercisesController)
Caused by: NameError (uninitialized constant ExercisesController)

Information for: ActionController::RoutingError (uninitialized constant ExercisesController):
  

Information for cause: ActionDispatch::MissingController (uninitialized constant ExercisesController):
  
actionpack (8.0.3) lib/action_dispatch/http/request.rb:102:in 'ActionDispatch::Request#controller_class_for'
actionpack (8.0.3) lib/action_dispatch/http/request.rb:91:in 'ActionDispatch::Request#controller_class'
actionpack (8.0.3) lib/action_dispatch/routing/route_set.rb:61:in 'ActionDispatch::Routing::RouteSet::Dispatcher#controller'
actionpack (8.0.3) lib/action_dispatch/routing/route_set.rb:48:in 'ActionDispatch::Routing::RouteSet::Dispatcher#serve'
actionpack (8.0.3) lib/action_dispatch/journey/router.rb:53:in 'block in ActionDispatch::Journey::Router#serve'
actionpack (8.0.3) lib/action_dispatch/journey/router.rb:133:in 'block in ActionDispatch::Journey::Router#find_routes'
actionpack (8.0.3) lib/action_dispatch/journey/router.rb:126:in 'Array#each'
actionpack (8.0.3) lib/action_dispatch/journey/router.rb:126:in 'ActionDispatch::Journey::Router#find_routes'
actionpack (8.0.3) lib/action_dispatch/journey/router.rb:34:in 'ActionDispatch::Journey::Router#serve'
actionpack (8.0.3) lib/action_dispatch/routing/route_set.rb:908:in 'ActionDispatch::Routing::RouteSet#call'
railties (8.0.3) lib/rails/engine/lazy_route_set.rb:60:in 'Rails::Engine::LazyRouteSet#call'
rack (3.2.1) lib/rack/tempfile_reaper.rb:20:in 'Rack::TempfileReaper#call'
rack (3.2.1) lib/rack/etag.rb:29:in 'Rack::ETag#call'
rack (3.2.1) lib/rack/conditional_get.rb:31:in 'Rack::ConditionalGet#call'
rack (3.2.1) lib/rack/head.rb:15:in 'Rack::Head#call'
actionpack (8.0.3) lib/action_dispatch/http/permissions_policy.rb:38:in 'ActionDispatch::PermissionsPolicy::Middleware#call'
actionpack (8.0.3) lib/action_dispatch/http/content_security_policy.rb:38:in 'ActionDispatch::ContentSecurityPolicy::Middleware#call'
rack-session (2.1.1) lib/rack/session/abstract/id.rb:274:in 'Rack::Session::Abstract::Persisted#context'
rack-session (2.1.1) lib/rack/session/abstract/id.rb:268:in 'Rack::Session::Abstract::Persisted#call'
actionpack (8.0.3) lib/action_dispatch/middleware/cookies.rb:706:in 'ActionDispatch::Cookies#call'
activerecord (8.0.3) lib/active_record/migration.rb:670:in 'ActiveRecord::Migration::CheckPending#call'
actionpack (8.0.3) lib/action_dispatch/middleware/callbacks.rb:31:in 'block in ActionDispatch::Callbacks#call'
activesupport (8.0.3) lib/active_support/callbacks.rb:100:in 'ActiveSupport::Callbacks#run_callbacks'
actionpack (8.0.3) lib/action_dispatch/middleware/callbacks.rb:30:in 'ActionDispatch::Callbacks#call'
actionpack (8.0.3) lib/action_dispatch/middleware/executor.rb:16:in 'ActionDispatch::Executor#call'
actionpack (8.0.3) lib/action_dispatch/middleware/actionable_exceptions.rb:18:in 'ActionDispatch::ActionableExceptions#call'
actionpack (8.0.3) lib/action_dispatch/middleware/debug_exceptions.rb:31:in 'ActionDispatch::DebugExceptions#call'
web-console (4.2.1) lib/web_console/middleware.rb:132:in 'WebConsole::Middleware#call_app'
web-console (4.2.1) lib/web_console/middleware.rb:28:in 'block in WebConsole::Middleware#call'
web-console (4.2.1) lib/web_console/middleware.rb:17:in 'Kernel#catch'
web-console (4.2.1) lib/web_console/middleware.rb:17:in 'WebConsole::Middleware#call'
actionpack (8.0.3) lib/action_dispatch/middleware/show_exceptions.rb:32:in 'ActionDispatch::ShowExceptions#call'
railties (8.0.3) lib/rails/rack/logger.rb:41:in 'Rails::Rack::Logger#call_app'
railties (8.0.3) lib/rails/rack/logger.rb:29:in 'Rails::Rack::Logger#call'
actionpack (8.0.3) lib/action_dispatch/middleware/remote_ip.rb:96:in 'ActionDispatch::RemoteIp#call'
actionpack (8.0.3) lib/action_dispatch/middleware/request_id.rb:34:in 'ActionDispatch::RequestId#call'
rack (3.2.1) lib/rack/method_override.rb:28:in 'Rack::MethodOverride#call'
rack (3.2.1) lib/rack/runtime.rb:24:in 'Rack::Runtime#call'
actionpack (8.0.3) lib/action_dispatch/middleware/server_timing.rb:61:in 'block in ActionDispatch::ServerTiming#call'
actionpack (8.0.3) lib/action_dispatch/middleware/server_timing.rb:26:in 'ActionDispatch::ServerTiming::Subscriber#collect_events'
actionpack (8.0.3) lib/action_dispatch/middleware/server_timing.rb:60:in 'ActionDispatch::ServerTiming#call'
actionpack (8.0.3) lib/action_dispatch/middleware/executor.rb:16:in 'ActionDispatch::Executor#call'
propshaft (1.3.1) lib/propshaft/server.rb:37:in 'Propshaft::Server#call'
actionpack (8.0.3) lib/action_dispatch/middleware/static.rb:27:in 'ActionDispatch::Static#call'
rack (3.2.1) lib/rack/sendfile.rb:114:in 'Rack::Sendfile#call'
actionpack (8.0.3) lib/action_dispatch/middleware/host_authorization.rb:143:in 'ActionDispatch::HostAuthorization#call'
railties (8.0.3) lib/rails/engine.rb:535:in 'Rails::Engine#call'
puma (7.0.4) lib/puma/configuration.rb:299:in 'Puma::Configuration::ConfigMiddleware#call'
puma (7.0.4) lib/puma/request.rb:101:in 'block in Puma::Request#handle_request'
puma (7.0.4) lib/puma/thread_pool.rb:346:in 'Puma::ThreadPool#with_force_shutdown'
puma (7.0.4) lib/puma/request.rb:100:in 'Puma::Request#handle_request'
puma (7.0.4) lib/puma/server.rb:506:in 'Puma::Server#process_client'
puma (7.0.4) lib/puma/server.rb:265:in 'block in Puma::Server#run'
puma (7.0.4) lib/puma/thread_pool.rb:173:in 'block in Puma::ThreadPool#spawn_thread'

Information for cause: NameError (uninitialized constant ExercisesController):
  
activesupport (8.0.3) lib/active_support/inflector/methods.rb:290:in 'ActiveSupport::Inflector#constantize'
activesupport (8.0.3) lib/active_support/core_ext/string/inflections.rb:74:in 'String#constantize'
actionpack (8.0.3) lib/action_dispatch/http/request.rb:99:in 'ActionDispatch::Request#controller_class_for'
actionpack (8.0.3) lib/action_dispatch/http/request.rb:91:in 'ActionDispatch::Request#controller_class'
actionpack (8.0.3) lib/action_dispatch/routing/route_set.rb:61:in 'ActionDispatch::Routing::RouteSet::Dispatcher#controller'
actionpack (8.0.3) lib/action_dispatch/routing/route_set.rb:48:in 'ActionDispatch::Routing::RouteSet::Dispatcher#serve'
actionpack (8.0.3) lib/action_dispatch/journey/router.rb:53:in 'block in ActionDispatch::Journey::Router#serve'
actionpack (8.0.3) lib/action_dispatch/journey/router.rb:133:in 'block in ActionDispatch::Journey::Router#find_routes'
actionpack (8.0.3) lib/action_dispatch/journey/router.rb:126:in 'Array#each'
actionpack (8.0.3) lib/action_dispatch/journey/router.rb:126:in 'ActionDispatch::Journey::Router#find_routes'
actionpack (8.0.3) lib/action_dispatch/journey/router.rb:34:in 'ActionDispatch::Journey::Router#serve'
actionpack (8.0.3) lib/action_dispatch/routing/route_set.rb:908:in 'ActionDispatch::Routing::RouteSet#call'
railties (8.0.3) lib/rails/engine/lazy_route_set.rb:60:in 'Rails::Engine::LazyRouteSet#call'
rack (3.2.1) lib/rack/tempfile_reaper.rb:20:in 'Rack::TempfileReaper#call'
rack (3.2.1) lib/rack/etag.rb:29:in 'Rack::ETag#call'
rack (3.2.1) lib/rack/conditional_get.rb:31:in 'Rack::ConditionalGet#call'
rack (3.2.1) lib/rack/head.rb:15:in 'Rack::Head#call'
actionpack (8.0.3) lib/action_dispatch/http/permissions_policy.rb:38:in 'ActionDispatch::PermissionsPolicy::Middleware#call'
actionpack (8.0.3) lib/action_dispatch/http/content_security_policy.rb:38:in 'ActionDispatch::ContentSecurityPolicy::Middleware#call'
rack-session (2.1.1) lib/rack/session/abstract/id.rb:274:in 'Rack::Session::Abstract::Persisted#context'
rack-session (2.1.1) lib/rack/session/abstract/id.rb:268:in 'Rack::Session::Abstract::Persisted#call'
actionpack (8.0.3) lib/action_dispatch/middleware/cookies.rb:706:in 'ActionDispatch::Cookies#call'
activerecord (8.0.3) lib/active_record/migration.rb:670:in 'ActiveRecord::Migration::CheckPending#call'
actionpack (8.0.3) lib/action_dispatch/middleware/callbacks.rb:31:in 'block in ActionDispatch::Callbacks#call'
activesupport (8.0.3) lib/active_support/callbacks.rb:100:in 'ActiveSupport::Callbacks#run_callbacks'
actionpack (8.0.3) lib/action_dispatch/middleware/callbacks.rb:30:in 'ActionDispatch::Callbacks#call'
actionpack (8.0.3) lib/action_dispatch/middleware/executor.rb:16:in 'ActionDispatch::Executor#call'
actionpack (8.0.3) lib/action_dispatch/middleware/actionable_exceptions.rb:18:in 'ActionDispatch::ActionableExceptions#call'
actionpack (8.0.3) lib/action_dispatch/middleware/debug_exceptions.rb:31:in 'ActionDispatch::DebugExceptions#call'
web-console (4.2.1) lib/web_console/middleware.rb:132:in 'WebConsole::Middleware#call_app'
web-console (4.2.1) lib/web_console/middleware.rb:28:in 'block in WebConsole::Middleware#call'
web-console (4.2.1) lib/web_console/middleware.rb:17:in 'Kernel#catch'
web-console (4.2.1) lib/web_console/middleware.rb:17:in 'WebConsole::Middleware#call'
actionpack (8.0.3) lib/action_dispatch/middleware/show_exceptions.rb:32:in 'ActionDispatch::ShowExceptions#call'
railties (8.0.3) lib/rails/rack/logger.rb:41:in 'Rails::Rack::Logger#call_app'
railties (8.0.3) lib/rails/rack/logger.rb:29:in 'Rails::Rack::Logger#call'
actionpack (8.0.3) lib/action_dispatch/middleware/remote_ip.rb:96:in 'ActionDispatch::RemoteIp#call'
actionpack (8.0.3) lib/action_dispatch/middleware/request_id.rb:34:in 'ActionDispatch::RequestId#call'
rack (3.2.1) lib/rack/method_override.rb:28:in 'Rack::MethodOverride#call'
rack (3.2.1) lib/rack/runtime.rb:24:in 'Rack::Runtime#call'
actionpack (8.0.3) lib/action_dispatch/middleware/server_timing.rb:61:in 'block in ActionDispatch::ServerTiming#call'
actionpack (8.0.3) lib/action_dispatch/middleware/server_timing.rb:26:in 'ActionDispatch::ServerTiming::Subscriber#collect_events'
actionpack (8.0.3) lib/action_dispatch/middleware/server_timing.rb:60:in 'ActionDispatch::ServerTiming#call'
actionpack (8.0.3) lib/action_dispatch/middleware/executor.rb:16:in 'ActionDispatch::Executor#call'
propshaft (1.3.1) lib/propshaft/server.rb:37:in 'Propshaft::Server#call'
actionpack (8.0.3) lib/action_dispatch/middleware/static.rb:27:in 'ActionDispatch::Static#call'
rack (3.2.1) lib/rack/sendfile.rb:114:in 'Rack::Sendfile#call'
actionpack (8.0.3) lib/action_dispatch/middleware/host_authorization.rb:143:in 'ActionDispatch::HostAuthorization#call'
railties (8.0.3) lib/rails/engine.rb:535:in 'Rails::Engine#call'
puma (7.0.4) lib/puma/configuration.rb:299:in 'Puma::Configuration::ConfigMiddleware#call'
puma (7.0.4) lib/puma/request.rb:101:in 'block in Puma::Request#handle_request'
puma (7.0.4) lib/puma/thread_pool.rb:346:in 'Puma::ThreadPool#with_force_shutdown'
puma (7.0.4) lib/puma/request.rb:100:in 'Puma::Request#handle_request'
puma (7.0.4) lib/puma/server.rb:506:in 'Puma::Server#process_client'
puma (7.0.4) lib/puma/server.rb:265:in 'block in Puma::Server#run'
puma (7.0.4) lib/puma/thread_pool.rb:173:in 'block in Puma::ThreadPool#spawn_thread'
Started GET "/exercises/3" for ::1 at 2025-10-08 22:36:21 +0900
  
ActionController::RoutingError (uninitialized constant ExercisesController)
Caused by: ActionDispatch::MissingController (uninitialized constant ExercisesController)
Caused by: NameError (uninitialized constant ExercisesController)

Information for: ActionController::RoutingError (uninitialized constant ExercisesController):
  

Information for cause: ActionDispatch::MissingController (uninitialized constant ExercisesController):
  
actionpack (8.0.3) lib/action_dispatch/http/request.rb:102:in 'ActionDispatch::Request#controller_class_for'
actionpack (8.0.3) lib/action_dispatch/http/request.rb:91:in 'ActionDispatch::Request#controller_class'
actionpack (8.0.3) lib/action_dispatch/routing/route_set.rb:61:in 'ActionDispatch::Routing::RouteSet::Dispatcher#controller'
actionpack (8.0.3) lib/action_dispatch/routing/route_set.rb:48:in 'ActionDispatch::Routing::RouteSet::Dispatcher#serve'
actionpack (8.0.3) lib/action_dispatch/journey/router.rb:53:in 'block in ActionDispatch::Journey::Router#serve'
actionpack (8.0.3) lib/action_dispatch/journey/router.rb:133:in 'block in ActionDispatch::Journey::Router#find_routes'
actionpack (8.0.3) lib/action_dispatch/journey/router.rb:126:in 'Array#each'
actionpack (8.0.3) lib/action_dispatch/journey/router.rb:126:in 'ActionDispatch::Journey::Router#find_routes'
actionpack (8.0.3) lib/action_dispatch/journey/router.rb:34:in 'ActionDispatch::Journey::Router#serve'
actionpack (8.0.3) lib/action_dispatch/routing/route_set.rb:908:in 'ActionDispatch::Routing::RouteSet#call'
railties (8.0.3) lib/rails/engine/lazy_route_set.rb:60:in 'Rails::Engine::LazyRouteSet#call'
rack (3.2.1) lib/rack/tempfile_reaper.rb:20:in 'Rack::TempfileReaper#call'
rack (3.2.1) lib/rack/etag.rb:29:in 'Rack::ETag#call'
rack (3.2.1) lib/rack/conditional_get.rb:31:in 'Rack::ConditionalGet#call'
rack (3.2.1) lib/rack/head.rb:15:in 'Rack::Head#call'
actionpack (8.0.3) lib/action_dispatch/http/permissions_policy.rb:38:in 'ActionDispatch::PermissionsPolicy::Middleware#call'
actionpack (8.0.3) lib/action_dispatch/http/content_security_policy.rb:38:in 'ActionDispatch::ContentSecurityPolicy::Middleware#call'
rack-session (2.1.1) lib/rack/session/abstract/id.rb:274:in 'Rack::Session::Abstract::Persisted#context'
rack-session (2.1.1) lib/rack/session/abstract/id.rb:268:in 'Rack::Session::Abstract::Persisted#call'
actionpack (8.0.3) lib/action_dispatch/middleware/cookies.rb:706:in 'ActionDispatch::Cookies#call'
activerecord (8.0.3) lib/active_record/migration.rb:670:in 'ActiveRecord::Migration::CheckPending#call'
actionpack (8.0.3) lib/action_dispatch/middleware/callbacks.rb:31:in 'block in ActionDispatch::Callbacks#call'
activesupport (8.0.3) lib/active_support/callbacks.rb:100:in 'ActiveSupport::Callbacks#run_callbacks'
actionpack (8.0.3) lib/action_dispatch/middleware/callbacks.rb:30:in 'ActionDispatch::Callbacks#call'
actionpack (8.0.3) lib/action_dispatch/middleware/executor.rb:16:in 'ActionDispatch::Executor#call'
actionpack (8.0.3) lib/action_dispatch/middleware/actionable_exceptions.rb:18:in 'ActionDispatch::ActionableExceptions#call'
actionpack (8.0.3) lib/action_dispatch/middleware/debug_exceptions.rb:31:in 'ActionDispatch::DebugExceptions#call'
web-console (4.2.1) lib/web_console/middleware.rb:132:in 'WebConsole::Middleware#call_app'
web-console (4.2.1) lib/web_console/middleware.rb:28:in 'block in WebConsole::Middleware#call'
web-console (4.2.1) lib/web_console/middleware.rb:17:in 'Kernel#catch'
web-console (4.2.1) lib/web_console/middleware.rb:17:in 'WebConsole::Middleware#call'
actionpack (8.0.3) lib/action_dispatch/middleware/show_exceptions.rb:32:in 'ActionDispatch::ShowExceptions#call'
railties (8.0.3) lib/rails/rack/logger.rb:41:in 'Rails::Rack::Logger#call_app'
railties (8.0.3) lib/rails/rack/logger.rb:29:in 'Rails::Rack::Logger#call'
actionpack (8.0.3) lib/action_dispatch/middleware/remote_ip.rb:96:in 'ActionDispatch::RemoteIp#call'
actionpack (8.0.3) lib/action_dispatch/middleware/request_id.rb:34:in 'ActionDispatch::RequestId#call'
rack (3.2.1) lib/rack/method_override.rb:28:in 'Rack::MethodOverride#call'
rack (3.2.1) lib/rack/runtime.rb:24:in 'Rack::Runtime#call'
actionpack (8.0.3) lib/action_dispatch/middleware/server_timing.rb:61:in 'block in ActionDispatch::ServerTiming#call'
actionpack (8.0.3) lib/action_dispatch/middleware/server_timing.rb:26:in 'ActionDispatch::ServerTiming::Subscriber#collect_events'
actionpack (8.0.3) lib/action_dispatch/middleware/server_timing.rb:60:in 'ActionDispatch::ServerTiming#call'
actionpack (8.0.3) lib/action_dispatch/middleware/executor.rb:16:in 'ActionDispatch::Executor#call'
propshaft (1.3.1) lib/propshaft/server.rb:37:in 'Propshaft::Server#call'
actionpack (8.0.3) lib/action_dispatch/middleware/static.rb:27:in 'ActionDispatch::Static#call'
rack (3.2.1) lib/rack/sendfile.rb:114:in 'Rack::Sendfile#call'
actionpack (8.0.3) lib/action_dispatch/middleware/host_authorization.rb:143:in 'ActionDispatch::HostAuthorization#call'
railties (8.0.3) lib/rails/engine.rb:535:in 'Rails::Engine#call'
puma (7.0.4) lib/puma/configuration.rb:299:in 'Puma::Configuration::ConfigMiddleware#call'
puma (7.0.4) lib/puma/request.rb:101:in 'block in Puma::Request#handle_request'
puma (7.0.4) lib/puma/thread_pool.rb:346:in 'Puma::ThreadPool#with_force_shutdown'
puma (7.0.4) lib/puma/request.rb:100:in 'Puma::Request#handle_request'
puma (7.0.4) lib/puma/server.rb:506:in 'Puma::Server#process_client'
puma (7.0.4) lib/puma/server.rb:265:in 'block in Puma::Server#run'
puma (7.0.4) lib/puma/thread_pool.rb:173:in 'block in Puma::ThreadPool#spawn_thread'

Information for cause: NameError (uninitialized constant ExercisesController):
  
activesupport (8.0.3) lib/active_support/inflector/methods.rb:290:in 'ActiveSupport::Inflector#constantize'
activesupport (8.0.3) lib/active_support/core_ext/string/inflections.rb:74:in 'String#constantize'
actionpack (8.0.3) lib/action_dispatch/http/request.rb:99:in 'ActionDispatch::Request#controller_class_for'
actionpack (8.0.3) lib/action_dispatch/http/request.rb:91:in 'ActionDispatch::Request#controller_class'
actionpack (8.0.3) lib/action_dispatch/routing/route_set.rb:61:in 'ActionDispatch::Routing::RouteSet::Dispatcher#controller'
actionpack (8.0.3) lib/action_dispatch/routing/route_set.rb:48:in 'ActionDispatch::Routing::RouteSet::Dispatcher#serve'
actionpack (8.0.3) lib/action_dispatch/journey/router.rb:53:in 'block in ActionDispatch::Journey::Router#serve'
actionpack (8.0.3) lib/action_dispatch/journey/router.rb:133:in 'block in ActionDispatch::Journey::Router#find_routes'
actionpack (8.0.3) lib/action_dispatch/journey/router.rb:126:in 'Array#each'
actionpack (8.0.3) lib/action_dispatch/journey/router.rb:126:in 'ActionDispatch::Journey::Router#find_routes'
actionpack (8.0.3) lib/action_dispatch/journey/router.rb:34:in 'ActionDispatch::Journey::Router#serve'
actionpack (8.0.3) lib/action_dispatch/routing/route_set.rb:908:in 'ActionDispatch::Routing::RouteSet#call'
railties (8.0.3) lib/rails/engine/lazy_route_set.rb:60:in 'Rails::Engine::LazyRouteSet#call'
rack (3.2.1) lib/rack/tempfile_reaper.rb:20:in 'Rack::TempfileReaper#call'
rack (3.2.1) lib/rack/etag.rb:29:in 'Rack::ETag#call'
rack (3.2.1) lib/rack/conditional_get.rb:31:in 'Rack::ConditionalGet#call'
rack (3.2.1) lib/rack/head.rb:15:in 'Rack::Head#call'
actionpack (8.0.3) lib/action_dispatch/http/permissions_policy.rb:38:in 'ActionDispatch::PermissionsPolicy::Middleware#call'
actionpack (8.0.3) lib/action_dispatch/http/content_security_policy.rb:38:in 'ActionDispatch::ContentSecurityPolicy::Middleware#call'
rack-session (2.1.1) lib/rack/session/abstract/id.rb:274:in 'Rack::Session::Abstract::Persisted#context'
rack-session (2.1.1) lib/rack/session/abstract/id.rb:268:in 'Rack::Session::Abstract::Persisted#call'
actionpack (8.0.3) lib/action_dispatch/middleware/cookies.rb:706:in 'ActionDispatch::Cookies#call'
activerecord (8.0.3) lib/active_record/migration.rb:670:in 'ActiveRecord::Migration::CheckPending#call'
actionpack (8.0.3) lib/action_dispatch/middleware/callbacks.rb:31:in 'block in ActionDispatch::Callbacks#call'
activesupport (8.0.3) lib/active_support/callbacks.rb:100:in 'ActiveSupport::Callbacks#run_callbacks'
actionpack (8.0.3) lib/action_dispatch/middleware/callbacks.rb:30:in 'ActionDispatch::Callbacks#call'
actionpack (8.0.3) lib/action_dispatch/middleware/executor.rb:16:in 'ActionDispatch::Executor#call'
actionpack (8.0.3) lib/action_dispatch/middleware/actionable_exceptions.rb:18:in 'ActionDispatch::ActionableExceptions#call'
actionpack (8.0.3) lib/action_dispatch/middleware/debug_exceptions.rb:31:in 'ActionDispatch::DebugExceptions#call'
web-console (4.2.1) lib/web_console/middleware.rb:132:in 'WebConsole::Middleware#call_app'
web-console (4.2.1) lib/web_console/middleware.rb:28:in 'block in WebConsole::Middleware#call'
web-console (4.2.1) lib/web_console/middleware.rb:17:in 'Kernel#catch'
web-console (4.2.1) lib/web_console/middleware.rb:17:in 'WebConsole::Middleware#call'
actionpack (8.0.3) lib/action_dispatch/middleware/show_exceptions.rb:32:in 'ActionDispatch::ShowExceptions#call'
railties (8.0.3) lib/rails/rack/logger.rb:41:in 'Rails::Rack::Logger#call_app'
railties (8.0.3) lib/rails/rack/logger.rb:29:in 'Rails::Rack::Logger#call'
actionpack (8.0.3) lib/action_dispatch/middleware/remote_ip.rb:96:in 'ActionDispatch::RemoteIp#call'
actionpack (8.0.3) lib/action_dispatch/middleware/request_id.rb:34:in 'ActionDispatch::RequestId#call'
rack (3.2.1) lib/rack/method_override.rb:28:in 'Rack::MethodOverride#call'
rack (3.2.1) lib/rack/runtime.rb:24:in 'Rack::Runtime#call'
actionpack (8.0.3) lib/action_dispatch/middleware/server_timing.rb:61:in 'block in ActionDispatch::ServerTiming#call'
actionpack (8.0.3) lib/action_dispatch/middleware/server_timing.rb:26:in 'ActionDispatch::ServerTiming::Subscriber#collect_events'
actionpack (8.0.3) lib/action_dispatch/middleware/server_timing.rb:60:in 'ActionDispatch::ServerTiming#call'
actionpack (8.0.3) lib/action_dispatch/middleware/executor.rb:16:in 'ActionDispatch::Executor#call'
propshaft (1.3.1) lib/propshaft/server.rb:37:in 'Propshaft::Server#call'
actionpack (8.0.3) lib/action_dispatch/middleware/static.rb:27:in 'ActionDispatch::Static#call'
rack (3.2.1) lib/rack/sendfile.rb:114:in 'Rack::Sendfile#call'
actionpack (8.0.3) lib/action_dispatch/middleware/host_authorization.rb:143:in 'ActionDispatch::HostAuthorization#call'
railties (8.0.3) lib/rails/engine.rb:535:in 'Rails::Engine#call'
puma (7.0.4) lib/puma/configuration.rb:299:in 'Puma::Configuration::ConfigMiddleware#call'
puma (7.0.4) lib/puma/request.rb:101:in 'block in Puma::Request#handle_request'
puma (7.0.4) lib/puma/thread_pool.rb:346:in 'Puma::ThreadPool#with_force_shutdown'
puma (7.0.4) lib/puma/request.rb:100:in 'Puma::Request#handle_request'
puma (7.0.4) lib/puma/server.rb:506:in 'Puma::Server#process_client'
puma (7.0.4) lib/puma/server.rb:265:in 'block in Puma::Server#run'
puma (7.0.4) lib/puma/thread_pool.rb:173:in 'block in Puma::ThreadPool#spawn_thread'
Started GET "/symptoms/4" for ::1 at 2025-10-08 22:36:23 +0900
Processing by SymptomsController#show as HTML
  Parameters: {"id" => "4"}
  [1m[36mUser Load (0.8ms)[0m  [1m[34mSELECT "users".* FROM "users" WHERE "users"."id" = 1 LIMIT 1 /*action='show',application='CareApp2',controller='symptoms'*/[0m
  ↳ app/controllers/application_controller.rb:4:in 'ApplicationController#current_user'
  [1m[36mSymptom Load (0.3ms)[0m  [1m[34mSELECT "symptoms".* FROM "symptoms" WHERE "symptoms"."id" = 4 LIMIT 1 /*action='show',application='CareApp2',controller='symptoms'*/[0m
  ↳ app/controllers/symptoms_controller.rb:9:in 'SymptomsController#show'
  Rendering layout layouts/application.html.erb
  Rendering symptoms/show.html.erb within layouts/application
  [1m[36mExercise Exists? (0.7ms)[0m  [1m[34mSELECT 1 AS one FROM "exercises" WHERE "exercises"."symptom_id" = 4 LIMIT 1 /*action='show',application='CareApp2',controller='symptoms'*/[0m
  ↳ app/views/symptoms/show.html.erb:11
  [1m[36mExercise Load (0.3ms)[0m  [1m[34mSELECT "exercises".* FROM "exercises" WHERE "exercises"."symptom_id" = 4 /*action='show',application='CareApp2',controller='symptoms'*/[0m
  ↳ app/views/symptoms/show.html.erb:13
  [1m[36mActiveStorage::Attachment Load (0.6ms)[0m  [1m[34mSELECT "active_storage_attachments".* FROM "active_storage_attachments" WHERE "active_storage_attachments"."record_id" = 3 AND "active_storage_attachments"."record_type" = 'Exercise' AND "active_storage_attachments"."name" = 'video_file' LIMIT 1 /*action='show',application='CareApp2',controller='symptoms'*/[0m
  ↳ app/models/exercise.rb:17:in 'Exercise#has_video?'
  Rendered symptoms/show.html.erb within layouts/application (Duration: 30.3ms | GC: 3.5ms)
  Rendered layout layouts/application.html.erb (Duration: 52.6ms | GC: 4.9ms)
Completed 200 OK in 264ms (Views: 49.6ms | ActiveRecord: 29.3ms (5 queries, 0 cached) | GC: 28.9ms)


Started GET "/symptoms/4" for ::1 at 2025-10-08 22:36:27 +0900
Processing by SymptomsController#show as HTML
  Parameters: {"id" => "4"}
  [1m[36mUser Load (0.4ms)[0m  [1m[34mSELECT "users".* FROM "users" WHERE "users"."id" = 1 LIMIT 1 /*action='show',application='CareApp2',controller='symptoms'*/[0m
  ↳ app/controllers/application_controller.rb:4:in 'ApplicationController#current_user'
  [1m[36mSymptom Load (0.2ms)[0m  [1m[34mSELECT "symptoms".* FROM "symptoms" WHERE "symptoms"."id" = 4 LIMIT 1 /*action='show',application='CareApp2',controller='symptoms'*/[0m
  ↳ app/controllers/symptoms_controller.rb:9:in 'SymptomsController#show'
  Rendering layout layouts/application.html.erb
  Rendering symptoms/show.html.erb within layouts/application
  [1m[36mExercise Exists? (0.2ms)[0m  [1m[34mSELECT 1 AS one FROM "exercises" WHERE "exercises"."symptom_id" = 4 LIMIT 1 /*action='show',application='CareApp2',controller='symptoms'*/[0m
  ↳ app/views/symptoms/show.html.erb:11
  [1m[36mExercise Load (0.2ms)[0m  [1m[34mSELECT "exercises".* FROM "exercises" WHERE "exercises"."symptom_id" = 4 /*action='show',application='CareApp2',controller='symptoms'*/[0m
  ↳ app/views/symptoms/show.html.erb:13
  [1m[36mActiveStorage::Attachment Load (3.5ms)[0m  [1m[34mSELECT "active_storage_attachments".* FROM "active_storage_attachments" WHERE "active_storage_attachments"."record_id" = 3 AND "active_storage_attachments"."record_type" = 'Exercise' AND "active_storage_attachments"."name" = 'video_file' LIMIT 1 /*action='show',application='CareApp2',controller='symptoms'*/[0m
  ↳ app/models/exercise.rb:17:in 'Exercise#has_video?'
  Rendered symptoms/show.html.erb within layouts/application (Duration: 8.4ms | GC: 0.4ms)
  Rendered layout layouts/application.html.erb (Duration: 9.0ms | GC: 0.4ms)
Completed 200 OK in 119ms (Views: 5.5ms | ActiveRecord: 4.4ms (5 queries, 0 cached) | GC: 0.4ms)


Started GET "/exercises/3" for ::1 at 2025-10-08 22:38:11 +0900
  [1m[36mActiveRecord::SchemaMigration Load (0.6ms)[0m  [1m[34mSELECT "schema_migrations"."version" FROM "schema_migrations" ORDER BY "schema_migrations"."version" ASC /*application='CareApp2'*/[0m
  
ActionController::RoutingError (uninitialized constant ExercisesController)
Caused by: ActionDispatch::MissingController (uninitialized constant ExercisesController)
Caused by: NameError (uninitialized constant ExercisesController)

Information for: ActionController::RoutingError (uninitialized constant ExercisesController):
  

Information for cause: ActionDispatch::MissingController (uninitialized constant ExercisesController):
  
actionpack (8.0.3) lib/action_dispatch/http/request.rb:102:in 'ActionDispatch::Request#controller_class_for'
actionpack (8.0.3) lib/action_dispatch/http/request.rb:91:in 'ActionDispatch::Request#controller_class'
actionpack (8.0.3) lib/action_dispatch/routing/route_set.rb:61:in 'ActionDispatch::Routing::RouteSet::Dispatcher#controller'
actionpack (8.0.3) lib/action_dispatch/routing/route_set.rb:48:in 'ActionDispatch::Routing::RouteSet::Dispatcher#serve'
actionpack (8.0.3) lib/action_dispatch/journey/router.rb:53:in 'block in ActionDispatch::Journey::Router#serve'
actionpack (8.0.3) lib/action_dispatch/journey/router.rb:133:in 'block in ActionDispatch::Journey::Router#find_routes'
actionpack (8.0.3) lib/action_dispatch/journey/router.rb:126:in 'Array#each'
actionpack (8.0.3) lib/action_dispatch/journey/router.rb:126:in 'ActionDispatch::Journey::Router#find_routes'
actionpack (8.0.3) lib/action_dispatch/journey/router.rb:34:in 'ActionDispatch::Journey::Router#serve'
actionpack (8.0.3) lib/action_dispatch/routing/route_set.rb:908:in 'ActionDispatch::Routing::RouteSet#call'
railties (8.0.3) lib/rails/engine/lazy_route_set.rb:60:in 'Rails::Engine::LazyRouteSet#call'
rack (3.2.1) lib/rack/tempfile_reaper.rb:20:in 'Rack::TempfileReaper#call'
rack (3.2.1) lib/rack/etag.rb:29:in 'Rack::ETag#call'
rack (3.2.1) lib/rack/conditional_get.rb:31:in 'Rack::ConditionalGet#call'
rack (3.2.1) lib/rack/head.rb:15:in 'Rack::Head#call'
actionpack (8.0.3) lib/action_dispatch/http/permissions_policy.rb:38:in 'ActionDispatch::PermissionsPolicy::Middleware#call'
actionpack (8.0.3) lib/action_dispatch/http/content_security_policy.rb:38:in 'ActionDispatch::ContentSecurityPolicy::Middleware#call'
rack-session (2.1.1) lib/rack/session/abstract/id.rb:274:in 'Rack::Session::Abstract::Persisted#context'
rack-session (2.1.1) lib/rack/session/abstract/id.rb:268:in 'Rack::Session::Abstract::Persisted#call'
actionpack (8.0.3) lib/action_dispatch/middleware/cookies.rb:706:in 'ActionDispatch::Cookies#call'
activerecord (8.0.3) lib/active_record/migration.rb:670:in 'ActiveRecord::Migration::CheckPending#call'
actionpack (8.0.3) lib/action_dispatch/middleware/callbacks.rb:31:in 'block in ActionDispatch::Callbacks#call'
activesupport (8.0.3) lib/active_support/callbacks.rb:100:in 'ActiveSupport::Callbacks#run_callbacks'
actionpack (8.0.3) lib/action_dispatch/middleware/callbacks.rb:30:in 'ActionDispatch::Callbacks#call'
actionpack (8.0.3) lib/action_dispatch/middleware/executor.rb:16:in 'ActionDispatch::Executor#call'
actionpack (8.0.3) lib/action_dispatch/middleware/actionable_exceptions.rb:18:in 'ActionDispatch::ActionableExceptions#call'
actionpack (8.0.3) lib/action_dispatch/middleware/debug_exceptions.rb:31:in 'ActionDispatch::DebugExceptions#call'
web-console (4.2.1) lib/web_console/middleware.rb:132:in 'WebConsole::Middleware#call_app'
web-console (4.2.1) lib/web_console/middleware.rb:28:in 'block in WebConsole::Middleware#call'
web-console (4.2.1) lib/web_console/middleware.rb:17:in 'Kernel#catch'
web-console (4.2.1) lib/web_console/middleware.rb:17:in 'WebConsole::Middleware#call'
actionpack (8.0.3) lib/action_dispatch/middleware/show_exceptions.rb:32:in 'ActionDispatch::ShowExceptions#call'
railties (8.0.3) lib/rails/rack/logger.rb:41:in 'Rails::Rack::Logger#call_app'
railties (8.0.3) lib/rails/rack/logger.rb:29:in 'Rails::Rack::Logger#call'
actionpack (8.0.3) lib/action_dispatch/middleware/remote_ip.rb:96:in 'ActionDispatch::RemoteIp#call'
actionpack (8.0.3) lib/action_dispatch/middleware/request_id.rb:34:in 'ActionDispatch::RequestId#call'
rack (3.2.1) lib/rack/method_override.rb:28:in 'Rack::MethodOverride#call'
rack (3.2.1) lib/rack/runtime.rb:24:in 'Rack::Runtime#call'
actionpack (8.0.3) lib/action_dispatch/middleware/server_timing.rb:61:in 'block in ActionDispatch::ServerTiming#call'
actionpack (8.0.3) lib/action_dispatch/middleware/server_timing.rb:26:in 'ActionDispatch::ServerTiming::Subscriber#collect_events'
actionpack (8.0.3) lib/action_dispatch/middleware/server_timing.rb:60:in 'ActionDispatch::ServerTiming#call'
actionpack (8.0.3) lib/action_dispatch/middleware/executor.rb:16:in 'ActionDispatch::Executor#call'
propshaft (1.3.1) lib/propshaft/server.rb:37:in 'Propshaft::Server#call'
actionpack (8.0.3) lib/action_dispatch/middleware/static.rb:27:in 'ActionDispatch::Static#call'
rack (3.2.1) lib/rack/sendfile.rb:114:in 'Rack::Sendfile#call'
actionpack (8.0.3) lib/action_dispatch/middleware/host_authorization.rb:143:in 'ActionDispatch::HostAuthorization#call'
railties (8.0.3) lib/rails/engine.rb:535:in 'Rails::Engine#call'
puma (7.0.4) lib/puma/configuration.rb:299:in 'Puma::Configuration::ConfigMiddleware#call'
puma (7.0.4) lib/puma/request.rb:101:in 'block in Puma::Request#handle_request'
puma (7.0.4) lib/puma/thread_pool.rb:346:in 'Puma::ThreadPool#with_force_shutdown'
puma (7.0.4) lib/puma/request.rb:100:in 'Puma::Request#handle_request'
puma (7.0.4) lib/puma/server.rb:506:in 'Puma::Server#process_client'
puma (7.0.4) lib/puma/server.rb:265:in 'block in Puma::Server#run'
puma (7.0.4) lib/puma/thread_pool.rb:173:in 'block in Puma::ThreadPool#spawn_thread'

Information for cause: NameError (uninitialized constant ExercisesController):
  
activesupport (8.0.3) lib/active_support/inflector/methods.rb:290:in 'ActiveSupport::Inflector#constantize'
activesupport (8.0.3) lib/active_support/core_ext/string/inflections.rb:74:in 'String#constantize'
actionpack (8.0.3) lib/action_dispatch/http/request.rb:99:in 'ActionDispatch::Request#controller_class_for'
actionpack (8.0.3) lib/action_dispatch/http/request.rb:91:in 'ActionDispatch::Request#controller_class'
actionpack (8.0.3) lib/action_dispatch/routing/route_set.rb:61:in 'ActionDispatch::Routing::RouteSet::Dispatcher#controller'
actionpack (8.0.3) lib/action_dispatch/routing/route_set.rb:48:in 'ActionDispatch::Routing::RouteSet::Dispatcher#serve'
actionpack (8.0.3) lib/action_dispatch/journey/router.rb:53:in 'block in ActionDispatch::Journey::Router#serve'
actionpack (8.0.3) lib/action_dispatch/journey/router.rb:133:in 'block in ActionDispatch::Journey::Router#find_routes'
actionpack (8.0.3) lib/action_dispatch/journey/router.rb:126:in 'Array#each'
actionpack (8.0.3) lib/action_dispatch/journey/router.rb:126:in 'ActionDispatch::Journey::Router#find_routes'
actionpack (8.0.3) lib/action_dispatch/journey/router.rb:34:in 'ActionDispatch::Journey::Router#serve'
actionpack (8.0.3) lib/action_dispatch/routing/route_set.rb:908:in 'ActionDispatch::Routing::RouteSet#call'
railties (8.0.3) lib/rails/engine/lazy_route_set.rb:60:in 'Rails::Engine::LazyRouteSet#call'
rack (3.2.1) lib/rack/tempfile_reaper.rb:20:in 'Rack::TempfileReaper#call'
rack (3.2.1) lib/rack/etag.rb:29:in 'Rack::ETag#call'
rack (3.2.1) lib/rack/conditional_get.rb:31:in 'Rack::ConditionalGet#call'
rack (3.2.1) lib/rack/head.rb:15:in 'Rack::Head#call'
actionpack (8.0.3) lib/action_dispatch/http/permissions_policy.rb:38:in 'ActionDispatch::PermissionsPolicy::Middleware#call'
actionpack (8.0.3) lib/action_dispatch/http/content_security_policy.rb:38:in 'ActionDispatch::ContentSecurityPolicy::Middleware#call'
rack-session (2.1.1) lib/rack/session/abstract/id.rb:274:in 'Rack::Session::Abstract::Persisted#context'
rack-session (2.1.1) lib/rack/session/abstract/id.rb:268:in 'Rack::Session::Abstract::Persisted#call'
actionpack (8.0.3) lib/action_dispatch/middleware/cookies.rb:706:in 'ActionDispatch::Cookies#call'
activerecord (8.0.3) lib/active_record/migration.rb:670:in 'ActiveRecord::Migration::CheckPending#call'
actionpack (8.0.3) lib/action_dispatch/middleware/callbacks.rb:31:in 'block in ActionDispatch::Callbacks#call'
activesupport (8.0.3) lib/active_support/callbacks.rb:100:in 'ActiveSupport::Callbacks#run_callbacks'
actionpack (8.0.3) lib/action_dispatch/middleware/callbacks.rb:30:in 'ActionDispatch::Callbacks#call'
actionpack (8.0.3) lib/action_dispatch/middleware/executor.rb:16:in 'ActionDispatch::Executor#call'
actionpack (8.0.3) lib/action_dispatch/middleware/actionable_exceptions.rb:18:in 'ActionDispatch::ActionableExceptions#call'
actionpack (8.0.3) lib/action_dispatch/middleware/debug_exceptions.rb:31:in 'ActionDispatch::DebugExceptions#call'
web-console (4.2.1) lib/web_console/middleware.rb:132:in 'WebConsole::Middleware#call_app'
web-console (4.2.1) lib/web_console/middleware.rb:28:in 'block in WebConsole::Middleware#call'
web-console (4.2.1) lib/web_console/middleware.rb:17:in 'Kernel#catch'
web-console (4.2.1) lib/web_console/middleware.rb:17:in 'WebConsole::Middleware#call'
actionpack (8.0.3) lib/action_dispatch/middleware/show_exceptions.rb:32:in 'ActionDispatch::ShowExceptions#call'
railties (8.0.3) lib/rails/rack/logger.rb:41:in 'Rails::Rack::Logger#call_app'
railties (8.0.3) lib/rails/rack/logger.rb:29:in 'Rails::Rack::Logger#call'
actionpack (8.0.3) lib/action_dispatch/middleware/remote_ip.rb:96:in 'ActionDispatch::RemoteIp#call'
actionpack (8.0.3) lib/action_dispatch/middleware/request_id.rb:34:in 'ActionDispatch::RequestId#call'
rack (3.2.1) lib/rack/method_override.rb:28:in 'Rack::MethodOverride#call'
rack (3.2.1) lib/rack/runtime.rb:24:in 'Rack::Runtime#call'
actionpack (8.0.3) lib/action_dispatch/middleware/server_timing.rb:61:in 'block in ActionDispatch::ServerTiming#call'
actionpack (8.0.3) lib/action_dispatch/middleware/server_timing.rb:26:in 'ActionDispatch::ServerTiming::Subscriber#collect_events'
actionpack (8.0.3) lib/action_dispatch/middleware/server_timing.rb:60:in 'ActionDispatch::ServerTiming#call'
actionpack (8.0.3) lib/action_dispatch/middleware/executor.rb:16:in 'ActionDispatch::Executor#call'
propshaft (1.3.1) lib/propshaft/server.rb:37:in 'Propshaft::Server#call'
actionpack (8.0.3) lib/action_dispatch/middleware/static.rb:27:in 'ActionDispatch::Static#call'
rack (3.2.1) lib/rack/sendfile.rb:114:in 'Rack::Sendfile#call'
actionpack (8.0.3) lib/action_dispatch/middleware/host_authorization.rb:143:in 'ActionDispatch::HostAuthorization#call'
railties (8.0.3) lib/rails/engine.rb:535:in 'Rails::Engine#call'
puma (7.0.4) lib/puma/configuration.rb:299:in 'Puma::Configuration::ConfigMiddleware#call'
puma (7.0.4) lib/puma/request.rb:101:in 'block in Puma::Request#handle_request'
puma (7.0.4) lib/puma/thread_pool.rb:346:in 'Puma::ThreadPool#with_force_shutdown'
puma (7.0.4) lib/puma/request.rb:100:in 'Puma::Request#handle_request'
puma (7.0.4) lib/puma/server.rb:506:in 'Puma::Server#process_client'
puma (7.0.4) lib/puma/server.rb:265:in 'block in Puma::Server#run'
puma (7.0.4) lib/puma/thread_pool.rb:173:in 'block in Puma::ThreadPool#spawn_thread'
Started GET "/exercises/3" for ::1 at 2025-10-08 22:42:03 +0900
  [1m[36mActiveRecord::SchemaMigration Load (0.7ms)[0m  [1m[34mSELECT "schema_migrations"."version" FROM "schema_migrations" ORDER BY "schema_migrations"."version" ASC /*application='CareApp2'*/[0m
Processing by ExercisesController#show as HTML
  Parameters: {"id" => "3"}
  [1m[36mUser Load (0.4ms)[0m  [1m[34mSELECT "users".* FROM "users" WHERE "users"."id" = 1 LIMIT 1 /*action='show',application='CareApp2',controller='exercises'*/[0m
  ↳ app/controllers/application_controller.rb:4:in 'ApplicationController#current_user'
  [1m[36mExercise Load (2.0ms)[0m  [1m[34mSELECT "exercises".* FROM "exercises" WHERE "exercises"."id" = 3 LIMIT 1 /*action='show',application='CareApp2',controller='exercises'*/[0m
  ↳ app/controllers/exercises_controller.rb:29:in 'ExercisesController#set_exercise'
  Rendering layout layouts/application.html.erb
  Rendering exercises/show.html.erb within layouts/application
  Rendered exercises/show.html.erb within layouts/application (Duration: 0.6ms | GC: 0.0ms)
  Rendered layout layouts/application.html.erb (Duration: 22.0ms | GC: 0.0ms)
Completed 200 OK in 216ms (Views: 25.9ms | ActiveRecord: 30.0ms (2 queries, 0 cached) | GC: 0.0ms)


Started GET "/exercises/3" for ::1 at 2025-10-08 22:44:02 +0900
  [1m[36mActiveRecord::SchemaMigration Load (0.7ms)[0m  [1m[34mSELECT "schema_migrations"."version" FROM "schema_migrations" ORDER BY "schema_migrations"."version" ASC /*application='CareApp2'*/[0m
Processing by ExercisesController#show as HTML
  Parameters: {"id" => "3"}
  [1m[36mUser Load (0.4ms)[0m  [1m[34mSELECT "users".* FROM "users" WHERE "users"."id" = 1 LIMIT 1 /*action='show',application='CareApp2',controller='exercises'*/[0m
  ↳ app/controllers/application_controller.rb:4:in 'ApplicationController#current_user'
  [1m[36mExercise Load (0.8ms)[0m  [1m[34mSELECT "exercises".* FROM "exercises" WHERE "exercises"."id" = 3 LIMIT 1 /*action='show',application='CareApp2',controller='exercises'*/[0m
  ↳ app/controllers/exercises_controller.rb:29:in 'ExercisesController#set_exercise'
  Rendering layout layouts/application.html.erb
  Rendering exercises/show.html.erb within layouts/application
  Rendered exercises/show.html.erb within layouts/application (Duration: 0.3ms | GC: 0.0ms)
  Rendered layout layouts/application.html.erb (Duration: 21.0ms | GC: 0.0ms)
Completed 200 OK in 217ms (Views: 25.8ms | ActiveRecord: 23.1ms (2 queries, 0 cached) | GC: 0.0ms)


Started GET "/" for ::1 at 2025-10-08 22:44:12 +0900
Processing by SessionsController#new as HTML
  Rendering layout layouts/application.html.erb
  Rendering sessions/new.html.erb within layouts/application
  Rendered sessions/new.html.erb within layouts/application (Duration: 4.2ms | GC: 0.0ms)
  Rendered layout layouts/application.html.erb (Duration: 4.9ms | GC: 0.0ms)
Completed 200 OK in 110ms (Views: 5.9ms | ActiveRecord: 0.0ms (0 queries, 0 cached) | GC: 0.0ms)


Started POST "/login" for ::1 at 2025-10-08 22:44:26 +0900
Processing by SessionsController#create as TURBO_STREAM
  Parameters: {"authenticity_token" => "[FILTERED]", "email" => "[FILTERED]", "password" => "[FILTERED]", "commit" => "ログイン"}
  [1m[36mUser Load (0.8ms)[0m  [1m[34mSELECT "users".* FROM "users" WHERE "users"."email" = 'wataru1983_118@yahoo.co.jp' LIMIT 1 /*action='create',application='CareApp2',controller='sessions'*/[0m
  ↳ app/controllers/sessions_controller.rb:6:in 'SessionsController#create'
Redirected to http://localhost:3000/users/1
Completed 302 Found in 312ms (ActiveRecord: 0.8ms (1 query, 0 cached) | GC: 0.0ms)


Started GET "/users/1" for ::1 at 2025-10-08 22:44:27 +0900
Processing by UsersController#show as TURBO_STREAM
  Parameters: {"id" => "1"}
  [1m[36mUser Load (0.4ms)[0m  [1m[34mSELECT "users".* FROM "users" WHERE "users"."id" = 1 LIMIT 1 /*action='show',application='CareApp2',controller='users'*/[0m
  ↳ app/controllers/users_controller.rb:46:in 'UsersController#set_user'
  [1m[36mCACHE User Load (0.0ms)[0m  [1m[34mSELECT "users".* FROM "users" WHERE "users"."id" = 1 LIMIT 1[0m
  ↳ app/controllers/application_controller.rb:4:in 'ApplicationController#current_user'
  Rendering layout layouts/application.html.erb
  Rendering users/show.html.erb within layouts/application
  [1m[36mActiveStorage::Attachment Load (0.9ms)[0m  [1m[34mSELECT "active_storage_attachments".* FROM "active_storage_attachments" WHERE "active_storage_attachments"."record_id" = 1 AND "active_storage_attachments"."record_type" = 'User' AND "active_storage_attachments"."name" = 'avatar' LIMIT 1 /*action='show',application='CareApp2',controller='users'*/[0m
  ↳ app/views/users/show.html.erb:15
  Rendered users/show.html.erb within layouts/application (Duration: 17.3ms | GC: 0.0ms)
  Rendered layout layouts/application.html.erb (Duration: 17.9ms | GC: 0.0ms)
Completed 200 OK in 123ms (Views: 15.8ms | ActiveRecord: 3.4ms (3 queries, 1 cached) | GC: 0.0ms)


Started GET "/users/1/edit" for ::1 at 2025-10-08 22:44:28 +0900
Processing by UsersController#edit as HTML
  Parameters: {"id" => "1"}
  [1m[36mUser Load (0.4ms)[0m  [1m[34mSELECT "users".* FROM "users" WHERE "users"."id" = 1 LIMIT 1 /*action='edit',application='CareApp2',controller='users'*/[0m
  ↳ app/controllers/users_controller.rb:46:in 'UsersController#set_user'
  [1m[36mCACHE User Load (0.0ms)[0m  [1m[34mSELECT "users".* FROM "users" WHERE "users"."id" = 1 LIMIT 1[0m
  ↳ app/controllers/application_controller.rb:4:in 'ApplicationController#current_user'
  Rendering layout layouts/application.html.erb
  Rendering users/edit.html.erb within layouts/application
  [1m[36mActiveStorage::Attachment Load (0.3ms)[0m  [1m[34mSELECT "active_storage_attachments".* FROM "active_storage_attachments" WHERE "active_storage_attachments"."record_id" = 1 AND "active_storage_attachments"."record_type" = 'User' AND "active_storage_attachments"."name" = 'avatar' LIMIT 1 /*action='edit',application='CareApp2',controller='users'*/[0m
  ↳ app/views/users/edit.html.erb:23
  Rendered users/edit.html.erb within layouts/application (Duration: 12.7ms | GC: 0.0ms)
  Rendered layout layouts/application.html.erb (Duration: 13.3ms | GC: 0.0ms)
Completed 200 OK in 113ms (Views: 13.2ms | ActiveRecord: 0.7ms (3 queries, 1 cached) | GC: 0.0ms)


Started GET "/symptoms" for ::1 at 2025-10-08 22:44:29 +0900
Processing by SymptomsController#index as HTML
  [1m[36mUser Load (0.3ms)[0m  [1m[34mSELECT "users".* FROM "users" WHERE "users"."id" = 1 LIMIT 1 /*action='index',application='CareApp2',controller='symptoms'*/[0m
  ↳ app/controllers/application_controller.rb:4:in 'ApplicationController#current_user'
  Rendering layout layouts/application.html.erb
  Rendering symptoms/index.html.erb within layouts/application
  [1m[36mSymptom Load (1.7ms)[0m  [1m[34mSELECT "symptoms".* FROM "symptoms" WHERE "symptoms"."name" = '腰痛' LIMIT 1 /*action='index',application='CareApp2',controller='symptoms'*/[0m
  ↳ app/views/symptoms/index.html.erb:37
  [1m[36mSymptom Load (0.3ms)[0m  [1m[34mSELECT "symptoms".* FROM "symptoms" WHERE "symptoms"."name" = '肩こり' LIMIT 1 /*action='index',application='CareApp2',controller='symptoms'*/[0m
  ↳ app/views/symptoms/index.html.erb:37
  [1m[36mSymptom Load (0.4ms)[0m  [1m[34mSELECT "symptoms".* FROM "symptoms" WHERE "symptoms"."name" = '首の痛み' LIMIT 1 /*action='index',application='CareApp2',controller='symptoms'*/[0m
  ↳ app/views/symptoms/index.html.erb:37
  [1m[36mSymptom Load (0.2ms)[0m  [1m[34mSELECT "symptoms".* FROM "symptoms" WHERE "symptoms"."name" = '膝の痛み' LIMIT 1 /*action='index',application='CareApp2',controller='symptoms'*/[0m
  ↳ app/views/symptoms/index.html.erb:37
  [1m[36mSymptom Load (0.2ms)[0m  [1m[34mSELECT "symptoms".* FROM "symptoms" WHERE "symptoms"."name" = '頭痛' LIMIT 1 /*action='index',application='CareApp2',controller='symptoms'*/[0m
  ↳ app/views/symptoms/index.html.erb:37
  [1m[36mSymptom Load (0.4ms)[0m  [1m[34mSELECT "symptoms".* FROM "symptoms" WHERE "symptoms"."name" = '眼精疲労' LIMIT 1 /*action='index',application='CareApp2',controller='symptoms'*/[0m
  ↳ app/views/symptoms/index.html.erb:37
  Rendered symptoms/index.html.erb within layouts/application (Duration: 88.3ms | GC: 20.2ms)
  Rendered layout layouts/application.html.erb (Duration: 89.3ms | GC: 20.2ms)
Completed 200 OK in 209ms (Views: 84.4ms | ActiveRecord: 6.1ms (7 queries, 0 cached) | GC: 20.2ms)


Started GET "/symptoms/4" for ::1 at 2025-10-08 22:44:31 +0900
Processing by SymptomsController#show as HTML
  Parameters: {"id" => "4"}
  [1m[36mUser Load (0.4ms)[0m  [1m[34mSELECT "users".* FROM "users" WHERE "users"."id" = 1 LIMIT 1 /*action='show',application='CareApp2',controller='symptoms'*/[0m
  ↳ app/controllers/application_controller.rb:4:in 'ApplicationController#current_user'
  [1m[36mSymptom Load (0.4ms)[0m  [1m[34mSELECT "symptoms".* FROM "symptoms" WHERE "symptoms"."id" = 4 LIMIT 1 /*action='show',application='CareApp2',controller='symptoms'*/[0m
  ↳ app/controllers/symptoms_controller.rb:9:in 'SymptomsController#show'
  Rendering layout layouts/application.html.erb
  Rendering symptoms/show.html.erb within layouts/application
  [1m[36mExercise Exists? (0.3ms)[0m  [1m[34mSELECT 1 AS one FROM "exercises" WHERE "exercises"."symptom_id" = 4 LIMIT 1 /*action='show',application='CareApp2',controller='symptoms'*/[0m
  ↳ app/views/symptoms/show.html.erb:11
  [1m[36mExercise Load (0.2ms)[0m  [1m[34mSELECT "exercises".* FROM "exercises" WHERE "exercises"."symptom_id" = 4 /*action='show',application='CareApp2',controller='symptoms'*/[0m
  ↳ app/views/symptoms/show.html.erb:13
  [1m[36mActiveStorage::Attachment Load (0.3ms)[0m  [1m[34mSELECT "active_storage_attachments".* FROM "active_storage_attachments" WHERE "active_storage_attachments"."record_id" = 3 AND "active_storage_attachments"."record_type" = 'Exercise' AND "active_storage_attachments"."name" = 'video_file' LIMIT 1 /*action='show',application='CareApp2',controller='symptoms'*/[0m
  ↳ app/models/exercise.rb:17:in 'Exercise#has_video?'
  Rendered symptoms/show.html.erb within layouts/application (Duration: 8.6ms | GC: 0.9ms)
  Rendered layout layouts/application.html.erb (Duration: 9.3ms | GC: 0.9ms)
Completed 200 OK in 132ms (Views: 8.8ms | ActiveRecord: 1.6ms (5 queries, 0 cached) | GC: 1.6ms)


Started GET "/exercises/3" for ::1 at 2025-10-08 22:44:33 +0900
Processing by ExercisesController#show as HTML
  Parameters: {"id" => "3"}
  [1m[36mUser Load (0.3ms)[0m  [1m[34mSELECT "users".* FROM "users" WHERE "users"."id" = 1 LIMIT 1 /*action='show',application='CareApp2',controller='exercises'*/[0m
  ↳ app/controllers/application_controller.rb:4:in 'ApplicationController#current_user'
  [1m[36mExercise Load (0.2ms)[0m  [1m[34mSELECT "exercises".* FROM "exercises" WHERE "exercises"."id" = 3 LIMIT 1 /*action='show',application='CareApp2',controller='exercises'*/[0m
  ↳ app/controllers/exercises_controller.rb:29:in 'ExercisesController#set_exercise'
  Rendering layout layouts/application.html.erb
  Rendering exercises/show.html.erb within layouts/application
  Rendered exercises/show.html.erb within layouts/application (Duration: 0.2ms | GC: 0.0ms)
  Rendered layout layouts/application.html.erb (Duration: 0.9ms | GC: 0.0ms)
Completed 200 OK in 128ms (Views: 1.3ms | ActiveRecord: 0.5ms (2 queries, 0 cached) | GC: 0.0ms)


Started GET "/symptoms/4" for ::1 at 2025-10-08 22:46:05 +0900
  [1m[36mActiveRecord::SchemaMigration Load (0.6ms)[0m  [1m[34mSELECT "schema_migrations"."version" FROM "schema_migrations" ORDER BY "schema_migrations"."version" ASC /*application='CareApp2'*/[0m
Processing by SymptomsController#show as HTML
  Parameters: {"id" => "4"}
  [1m[36mUser Load (0.5ms)[0m  [1m[34mSELECT "users".* FROM "users" WHERE "users"."id" = 1 LIMIT 1 /*action='show',application='CareApp2',controller='symptoms'*/[0m
  ↳ app/controllers/application_controller.rb:4:in 'ApplicationController#current_user'
  [1m[36mSymptom Load (0.5ms)[0m  [1m[34mSELECT "symptoms".* FROM "symptoms" WHERE "symptoms"."id" = 4 LIMIT 1 /*action='show',application='CareApp2',controller='symptoms'*/[0m
  ↳ app/controllers/symptoms_controller.rb:9:in 'SymptomsController#show'
  Rendering layout layouts/application.html.erb
  Rendering symptoms/show.html.erb within layouts/application
  [1m[36mExercise Exists? (0.9ms)[0m  [1m[34mSELECT 1 AS one FROM "exercises" WHERE "exercises"."symptom_id" = 4 LIMIT 1 /*action='show',application='CareApp2',controller='symptoms'*/[0m
  ↳ app/views/symptoms/show.html.erb:11
  [1m[36mExercise Load (0.3ms)[0m  [1m[34mSELECT "exercises".* FROM "exercises" WHERE "exercises"."symptom_id" = 4 /*action='show',application='CareApp2',controller='symptoms'*/[0m
  ↳ app/views/symptoms/show.html.erb:13
  [1m[36mActiveStorage::Attachment Load (0.7ms)[0m  [1m[34mSELECT "active_storage_attachments".* FROM "active_storage_attachments" WHERE "active_storage_attachments"."record_id" = 3 AND "active_storage_attachments"."record_type" = 'Exercise' AND "active_storage_attachments"."name" = 'video_file' LIMIT 1 /*action='show',application='CareApp2',controller='symptoms'*/[0m
  ↳ app/models/exercise.rb:17:in 'Exercise#has_video?'
  Rendered symptoms/show.html.erb within layouts/application (Duration: 27.9ms | GC: 0.0ms)
  Rendered layout layouts/application.html.erb (Duration: 48.3ms | GC: 0.0ms)
Completed 200 OK in 252ms (Views: 46.0ms | ActiveRecord: 31.1ms (5 queries, 0 cached) | GC: 0.0ms)


Started GET "/exercises/3" for ::1 at 2025-10-08 22:46:06 +0900
Processing by ExercisesController#show as HTML
  Parameters: {"id" => "3"}
  [1m[36mUser Load (0.3ms)[0m  [1m[34mSELECT "users".* FROM "users" WHERE "users"."id" = 1 LIMIT 1 /*action='show',application='CareApp2',controller='exercises'*/[0m
  ↳ app/controllers/application_controller.rb:4:in 'ApplicationController#current_user'
  [1m[36mExercise Load (0.4ms)[0m  [1m[34mSELECT "exercises".* FROM "exercises" WHERE "exercises"."id" = 3 LIMIT 1 /*action='show',application='CareApp2',controller='exercises'*/[0m
  ↳ app/controllers/exercises_controller.rb:29:in 'ExercisesController#set_exercise'
  Rendering layout layouts/application.html.erb
  Rendering exercises/show.html.erb within layouts/application
  Rendered exercises/show.html.erb within layouts/application (Duration: 0.3ms | GC: 0.0ms)
  Rendered layout layouts/application.html.erb (Duration: 0.9ms | GC: 0.0ms)
Completed 200 OK in 122ms (Views: 1.8ms | ActiveRecord: 0.7ms (2 queries, 0 cached) | GC: 0.0ms)


Started GET "/exercises/3" for ::1 at 2025-10-08 22:46:11 +0900
Processing by ExercisesController#show as HTML
  Parameters: {"id" => "3"}
  [1m[36mUser Load (0.4ms)[0m  [1m[34mSELECT "users".* FROM "users" WHERE "users"."id" = 1 LIMIT 1 /*action='show',application='CareApp2',controller='exercises'*/[0m
  ↳ app/controllers/application_controller.rb:4:in 'ApplicationController#current_user'
  [1m[36mExercise Load (0.4ms)[0m  [1m[34mSELECT "exercises".* FROM "exercises" WHERE "exercises"."id" = 3 LIMIT 1 /*action='show',application='CareApp2',controller='exercises'*/[0m
  ↳ app/controllers/exercises_controller.rb:29:in 'ExercisesController#set_exercise'
  Rendering layout layouts/application.html.erb
  Rendering exercises/show.html.erb within layouts/application
  Rendered exercises/show.html.erb within layouts/application (Duration: 0.1ms | GC: 0.0ms)
  Rendered layout layouts/application.html.erb (Duration: 0.6ms | GC: 0.0ms)
Completed 200 OK in 112ms (Views: 1.0ms | ActiveRecord: 0.8ms (2 queries, 0 cached) | GC: 0.0ms)


Started GET "/exercises/3" for ::1 at 2025-10-08 22:48:39 +0900
  [1m[36mActiveRecord::SchemaMigration Load (0.6ms)[0m  [1m[34mSELECT "schema_migrations"."version" FROM "schema_migrations" ORDER BY "schema_migrations"."version" ASC /*application='CareApp2'*/[0m
Processing by ExercisesController#show as HTML
  Parameters: {"id" => "3"}
  [1m[36mUser Load (0.7ms)[0m  [1m[34mSELECT "users".* FROM "users" WHERE "users"."id" = 1 LIMIT 1 /*action='show',application='CareApp2',controller='exercises'*/[0m
  ↳ app/controllers/application_controller.rb:4:in 'ApplicationController#current_user'
  [1m[36mExercise Load (0.4ms)[0m  [1m[34mSELECT "exercises".* FROM "exercises" WHERE "exercises"."id" = 3 LIMIT 1 /*action='show',application='CareApp2',controller='exercises'*/[0m
  ↳ app/controllers/exercises_controller.rb:29:in 'ExercisesController#set_exercise'
  Rendering layout layouts/application.html.erb
  Rendering exercises/show.html.erb within layouts/application
  Rendered exercises/show.html.erb within layouts/application (Duration: 0.4ms | GC: 0.0ms)
  Rendered layout layouts/application.html.erb (Duration: 22.1ms | GC: 0.0ms)
Completed 200 OK in 238ms (Views: 27.8ms | ActiveRecord: 29.0ms (2 queries, 0 cached) | GC: 0.0ms)


Started GET "/symptoms/4" for ::1 at 2025-10-08 22:48:41 +0900
Processing by SymptomsController#show as HTML
  Parameters: {"id" => "4"}
  [1m[36mUser Load (0.3ms)[0m  [1m[34mSELECT "users".* FROM "users" WHERE "users"."id" = 1 LIMIT 1 /*action='show',application='CareApp2',controller='symptoms'*/[0m
  ↳ app/controllers/application_controller.rb:4:in 'ApplicationController#current_user'
  [1m[36mSymptom Load (2.9ms)[0m  [1m[34mSELECT "symptoms".* FROM "symptoms" WHERE "symptoms"."id" = 4 LIMIT 1 /*action='show',application='CareApp2',controller='symptoms'*/[0m
  ↳ app/controllers/symptoms_controller.rb:9:in 'SymptomsController#show'
  Rendering layout layouts/application.html.erb
  Rendering symptoms/show.html.erb within layouts/application
  [1m[36mExercise Exists? (0.3ms)[0m  [1m[34mSELECT 1 AS one FROM "exercises" WHERE "exercises"."symptom_id" = 4 LIMIT 1 /*action='show',application='CareApp2',controller='symptoms'*/[0m
  ↳ app/views/symptoms/show.html.erb:11
  [1m[36mExercise Load (0.3ms)[0m  [1m[34mSELECT "exercises".* FROM "exercises" WHERE "exercises"."symptom_id" = 4 /*action='show',application='CareApp2',controller='symptoms'*/[0m
  ↳ app/views/symptoms/show.html.erb:13
  [1m[36mActiveStorage::Attachment Load (0.7ms)[0m  [1m[34mSELECT "active_storage_attachments".* FROM "active_storage_attachments" WHERE "active_storage_attachments"."record_id" = 3 AND "active_storage_attachments"."record_type" = 'Exercise' AND "active_storage_attachments"."name" = 'video_file' LIMIT 1 /*action='show',application='CareApp2',controller='symptoms'*/[0m
  ↳ app/models/exercise.rb:17:in 'Exercise#has_video?'
  Rendered symptoms/show.html.erb within layouts/application (Duration: 20.0ms | GC: 0.0ms)
  Rendered layout layouts/application.html.erb (Duration: 21.3ms | GC: 0.0ms)
Completed 200 OK in 143ms (Views: 18.6ms | ActiveRecord: 9.2ms (5 queries, 0 cached) | GC: 0.0ms)


Started GET "/symptoms" for ::1 at 2025-10-08 22:48:41 +0900
Processing by SymptomsController#index as HTML
  [1m[36mUser Load (0.3ms)[0m  [1m[34mSELECT "users".* FROM "users" WHERE "users"."id" = 1 LIMIT 1 /*action='index',application='CareApp2',controller='symptoms'*/[0m
  ↳ app/controllers/application_controller.rb:4:in 'ApplicationController#current_user'
  Rendering layout layouts/application.html.erb
  Rendering symptoms/index.html.erb within layouts/application
  [1m[36mSymptom Load (0.4ms)[0m  [1m[34mSELECT "symptoms".* FROM "symptoms" WHERE "symptoms"."name" = '腰痛' LIMIT 1 /*action='index',application='CareApp2',controller='symptoms'*/[0m
  ↳ app/views/symptoms/index.html.erb:37
  [1m[36mSymptom Load (0.3ms)[0m  [1m[34mSELECT "symptoms".* FROM "symptoms" WHERE "symptoms"."name" = '肩こり' LIMIT 1 /*action='index',application='CareApp2',controller='symptoms'*/[0m
  ↳ app/views/symptoms/index.html.erb:37
  [1m[36mSymptom Load (0.3ms)[0m  [1m[34mSELECT "symptoms".* FROM "symptoms" WHERE "symptoms"."name" = '首の痛み' LIMIT 1 /*action='index',application='CareApp2',controller='symptoms'*/[0m
  ↳ app/views/symptoms/index.html.erb:37
  [1m[36mSymptom Load (0.3ms)[0m  [1m[34mSELECT "symptoms".* FROM "symptoms" WHERE "symptoms"."name" = '膝の痛み' LIMIT 1 /*action='index',application='CareApp2',controller='symptoms'*/[0m
  ↳ app/views/symptoms/index.html.erb:37
  [1m[36mSymptom Load (0.3ms)[0m  [1m[34mSELECT "symptoms".* FROM "symptoms" WHERE "symptoms"."name" = '頭痛' LIMIT 1 /*action='index',application='CareApp2',controller='symptoms'*/[0m
  ↳ app/views/symptoms/index.html.erb:37
  [1m[36mSymptom Load (0.3ms)[0m  [1m[34mSELECT "symptoms".* FROM "symptoms" WHERE "symptoms"."name" = '眼精疲労' LIMIT 1 /*action='index',application='CareApp2',controller='symptoms'*/[0m
  ↳ app/views/symptoms/index.html.erb:37
  Rendered symptoms/index.html.erb within layouts/application (Duration: 66.3ms | GC: 18.7ms)
  Rendered layout layouts/application.html.erb (Duration: 67.0ms | GC: 18.7ms)
Completed 200 OK in 174ms (Views: 65.5ms | ActiveRecord: 2.1ms (7 queries, 0 cached) | GC: 18.7ms)


Started GET "/symptoms" for ::1 at 2025-10-08 22:48:43 +0900
Processing by SymptomsController#index as HTML
  [1m[36mUser Load (0.4ms)[0m  [1m[34mSELECT "users".* FROM "users" WHERE "users"."id" = 1 LIMIT 1 /*action='index',application='CareApp2',controller='symptoms'*/[0m
  ↳ app/controllers/application_controller.rb:4:in 'ApplicationController#current_user'
  Rendering layout layouts/application.html.erb
  Rendering symptoms/index.html.erb within layouts/application
  [1m[36mSymptom Load (0.2ms)[0m  [1m[34mSELECT "symptoms".* FROM "symptoms" WHERE "symptoms"."name" = '腰痛' LIMIT 1 /*action='index',application='CareApp2',controller='symptoms'*/[0m
  ↳ app/views/symptoms/index.html.erb:37
  [1m[36mSymptom Load (0.2ms)[0m  [1m[34mSELECT "symptoms".* FROM "symptoms" WHERE "symptoms"."name" = '肩こり' LIMIT 1 /*action='index',application='CareApp2',controller='symptoms'*/[0m
  ↳ app/views/symptoms/index.html.erb:37
  [1m[36mSymptom Load (0.2ms)[0m  [1m[34mSELECT "symptoms".* FROM "symptoms" WHERE "symptoms"."name" = '首の痛み' LIMIT 1 /*action='index',application='CareApp2',controller='symptoms'*/[0m
  ↳ app/views/symptoms/index.html.erb:37
  [1m[36mSymptom Load (0.3ms)[0m  [1m[34mSELECT "symptoms".* FROM "symptoms" WHERE "symptoms"."name" = '膝の痛み' LIMIT 1 /*action='index',application='CareApp2',controller='symptoms'*/[0m
  ↳ app/views/symptoms/index.html.erb:37
  [1m[36mSymptom Load (0.3ms)[0m  [1m[34mSELECT "symptoms".* FROM "symptoms" WHERE "symptoms"."name" = '頭痛' LIMIT 1 /*action='index',application='CareApp2',controller='symptoms'*/[0m
  ↳ app/views/symptoms/index.html.erb:37
  [1m[36mSymptom Load (0.2ms)[0m  [1m[34mSELECT "symptoms".* FROM "symptoms" WHERE "symptoms"."name" = '眼精疲労' LIMIT 1 /*action='index',application='CareApp2',controller='symptoms'*/[0m
  ↳ app/views/symptoms/index.html.erb:37
  Rendered symptoms/index.html.erb within layouts/application (Duration: 12.4ms | GC: 0.0ms)
  Rendered layout layouts/application.html.erb (Duration: 13.0ms | GC: 0.0ms)
Completed 200 OK in 119ms (Views: 12.7ms | ActiveRecord: 1.7ms (7 queries, 0 cached) | GC: 0.8ms)


Started GET "/symptoms" for ::1 at 2025-10-08 22:50:52 +0900
  [1m[36mActiveRecord::SchemaMigration Load (0.7ms)[0m  [1m[34mSELECT "schema_migrations"."version" FROM "schema_migrations" ORDER BY "schema_migrations"."version" ASC /*application='CareApp2'*/[0m
Processing by SymptomsController#index as HTML
  [1m[36mUser Load (0.5ms)[0m  [1m[34mSELECT "users".* FROM "users" WHERE "users"."id" = 1 LIMIT 1 /*action='index',application='CareApp2',controller='symptoms'*/[0m
  ↳ app/controllers/application_controller.rb:4:in 'ApplicationController#current_user'
  Rendering layout layouts/application.html.erb
  Rendering symptoms/index.html.erb within layouts/application
  [1m[36mSymptom Load (0.8ms)[0m  [1m[34mSELECT "symptoms".* FROM "symptoms" WHERE "symptoms"."name" = '腰痛' LIMIT 1 /*action='index',application='CareApp2',controller='symptoms'*/[0m
  ↳ app/views/symptoms/index.html.erb:37
  [1m[36mSymptom Load (0.3ms)[0m  [1m[34mSELECT "symptoms".* FROM "symptoms" WHERE "symptoms"."name" = '肩こり' LIMIT 1 /*action='index',application='CareApp2',controller='symptoms'*/[0m
  ↳ app/views/symptoms/index.html.erb:37
  [1m[36mSymptom Load (0.4ms)[0m  [1m[34mSELECT "symptoms".* FROM "symptoms" WHERE "symptoms"."name" = '首の痛み' LIMIT 1 /*action='index',application='CareApp2',controller='symptoms'*/[0m
  ↳ app/views/symptoms/index.html.erb:37
  [1m[36mSymptom Load (0.3ms)[0m  [1m[34mSELECT "symptoms".* FROM "symptoms" WHERE "symptoms"."name" = '膝の痛み' LIMIT 1 /*action='index',application='CareApp2',controller='symptoms'*/[0m
  ↳ app/views/symptoms/index.html.erb:37
  [1m[36mSymptom Load (0.3ms)[0m  [1m[34mSELECT "symptoms".* FROM "symptoms" WHERE "symptoms"."name" = '頭痛' LIMIT 1 /*action='index',application='CareApp2',controller='symptoms'*/[0m
  ↳ app/views/symptoms/index.html.erb:37
  [1m[36mSymptom Load (0.2ms)[0m  [1m[34mSELECT "symptoms".* FROM "symptoms" WHERE "symptoms"."name" = '眼精疲労' LIMIT 1 /*action='index',application='CareApp2',controller='symptoms'*/[0m
  ↳ app/views/symptoms/index.html.erb:37
  Rendered symptoms/index.html.erb within layouts/application (Duration: 84.5ms | GC: 18.4ms)
  Rendered layout layouts/application.html.erb (Duration: 100.3ms | GC: 19.1ms)
Completed 200 OK in 291ms (Views: 98.1ms | ActiveRecord: 27.7ms (7 queries, 0 cached) | GC: 19.1ms)


Started GET "/symptoms/4" for ::1 at 2025-10-08 22:50:53 +0900
Processing by SymptomsController#show as HTML
  Parameters: {"id" => "4"}
  [1m[36mUser Load (0.4ms)[0m  [1m[34mSELECT "users".* FROM "users" WHERE "users"."id" = 1 LIMIT 1 /*action='show',application='CareApp2',controller='symptoms'*/[0m
  ↳ app/controllers/application_controller.rb:4:in 'ApplicationController#current_user'
  [1m[36mSymptom Load (0.2ms)[0m  [1m[34mSELECT "symptoms".* FROM "symptoms" WHERE "symptoms"."id" = 4 LIMIT 1 /*action='show',application='CareApp2',controller='symptoms'*/[0m
  ↳ app/controllers/symptoms_controller.rb:9:in 'SymptomsController#show'
  Rendering layout layouts/application.html.erb
  Rendering symptoms/show.html.erb within layouts/application
  [1m[36mExercise Exists? (0.4ms)[0m  [1m[34mSELECT 1 AS one FROM "exercises" WHERE "exercises"."symptom_id" = 4 LIMIT 1 /*action='show',application='CareApp2',controller='symptoms'*/[0m
  ↳ app/views/symptoms/show.html.erb:11
  [1m[36mExercise Load (0.2ms)[0m  [1m[34mSELECT "exercises".* FROM "exercises" WHERE "exercises"."symptom_id" = 4 /*action='show',application='CareApp2',controller='symptoms'*/[0m
  ↳ app/views/symptoms/show.html.erb:13
  [1m[36mActiveStorage::Attachment Load (0.5ms)[0m  [1m[34mSELECT "active_storage_attachments".* FROM "active_storage_attachments" WHERE "active_storage_attachments"."record_id" = 3 AND "active_storage_attachments"."record_type" = 'Exercise' AND "active_storage_attachments"."name" = 'video_file' LIMIT 1 /*action='show',application='CareApp2',controller='symptoms'*/[0m
  ↳ app/models/exercise.rb:17:in 'Exercise#has_video?'
  Rendered symptoms/show.html.erb within layouts/application (Duration: 28.9ms | GC: 1.3ms)
  Rendered layout layouts/application.html.erb (Duration: 29.7ms | GC: 1.3ms)
Completed 200 OK in 155ms (Views: 26.1ms | ActiveRecord: 6.0ms (5 queries, 0 cached) | GC: 2.2ms)


Started GET "/exercises/3" for ::1 at 2025-10-08 22:50:54 +0900
Processing by ExercisesController#show as HTML
  Parameters: {"id" => "3"}
  [1m[36mUser Load (0.4ms)[0m  [1m[34mSELECT "users".* FROM "users" WHERE "users"."id" = 1 LIMIT 1 /*action='show',application='CareApp2',controller='exercises'*/[0m
  ↳ app/controllers/application_controller.rb:4:in 'ApplicationController#current_user'
  [1m[36mExercise Load (0.3ms)[0m  [1m[34mSELECT "exercises".* FROM "exercises" WHERE "exercises"."id" = 3 LIMIT 1 /*action='show',application='CareApp2',controller='exercises'*/[0m
  ↳ app/controllers/exercises_controller.rb:29:in 'ExercisesController#set_exercise'
  Rendering layout layouts/application.html.erb
  Rendering exercises/show.html.erb within layouts/application
  Rendered exercises/show.html.erb within layouts/application (Duration: 0.9ms | GC: 0.0ms)
  Rendered layout layouts/application.html.erb (Duration: 2.7ms | GC: 0.0ms)
Completed 200 OK in 117ms (Views: 4.2ms | ActiveRecord: 0.6ms (2 queries, 0 cached) | GC: 0.1ms)


Started GET "/" for ::1 at 2025-10-09 22:52:40 +0900
  [1m[36mActiveRecord::SchemaMigration Load (8.3ms)[0m  [1m[34mSELECT "schema_migrations"."version" FROM "schema_migrations" ORDER BY "schema_migrations"."version" ASC /*application='CareApp2'*/[0m
Processing by SessionsController#new as HTML
  Rendering layout layouts/application.html.erb
  Rendering sessions/new.html.erb within layouts/application
  Rendered sessions/new.html.erb within layouts/application (Duration: 15.9ms | GC: 0.0ms)
  Rendered layout layouts/application.html.erb (Duration: 54.0ms | GC: 0.0ms)
Completed 200 OK in 194ms (Views: 61.5ms | ActiveRecord: 0.0ms (0 queries, 0 cached) | GC: 0.0ms)


Started POST "/login" for ::1 at 2025-10-09 22:52:52 +0900
Processing by SessionsController#create as TURBO_STREAM
  Parameters: {"authenticity_token" => "[FILTERED]", "email" => "[FILTERED]", "password" => "[FILTERED]", "commit" => "ログイン"}
  [1m[36mUser Load (2.7ms)[0m  [1m[34mSELECT "users".* FROM "users" WHERE "users"."email" = 'wataru1983_118@yahoo.co.jp' LIMIT 1 /*action='create',application='CareApp2',controller='sessions'*/[0m
  ↳ app/controllers/sessions_controller.rb:6:in 'SessionsController#create'
Redirected to http://localhost:3000/users/1
Completed 302 Found in 460ms (ActiveRecord: 70.4ms (1 query, 0 cached) | GC: 0.0ms)


Started GET "/users/1" for ::1 at 2025-10-09 22:52:52 +0900
Processing by UsersController#show as TURBO_STREAM
  Parameters: {"id" => "1"}
  [1m[36mUser Load (0.7ms)[0m  [1m[34mSELECT "users".* FROM "users" WHERE "users"."id" = 1 LIMIT 1 /*action='show',application='CareApp2',controller='users'*/[0m
  ↳ app/controllers/users_controller.rb:46:in 'UsersController#set_user'
  [1m[36mCACHE User Load (0.0ms)[0m  [1m[34mSELECT "users".* FROM "users" WHERE "users"."id" = 1 LIMIT 1[0m
  ↳ app/controllers/application_controller.rb:4:in 'ApplicationController#current_user'
  Rendering layout layouts/application.html.erb
  Rendering users/show.html.erb within layouts/application
  [1m[36mActiveStorage::Attachment Load (2.1ms)[0m  [1m[34mSELECT "active_storage_attachments".* FROM "active_storage_attachments" WHERE "active_storage_attachments"."record_id" = 1 AND "active_storage_attachments"."record_type" = 'User' AND "active_storage_attachments"."name" = 'avatar' LIMIT 1 /*action='show',application='CareApp2',controller='users'*/[0m
  ↳ app/views/users/show.html.erb:15
  Rendered users/show.html.erb within layouts/application (Duration: 28.8ms | GC: 0.0ms)
  Rendered layout layouts/application.html.erb (Duration: 29.6ms | GC: 0.0ms)
Completed 200 OK in 143ms (Views: 26.4ms | ActiveRecord: 4.9ms (3 queries, 1 cached) | GC: 0.0ms)


Started GET "/symptoms" for ::1 at 2025-10-09 22:52:54 +0900
Processing by SymptomsController#index as HTML
  [1m[36mUser Load (0.4ms)[0m  [1m[34mSELECT "users".* FROM "users" WHERE "users"."id" = 1 LIMIT 1 /*action='index',application='CareApp2',controller='symptoms'*/[0m
  ↳ app/controllers/application_controller.rb:4:in 'ApplicationController#current_user'
  Rendering layout layouts/application.html.erb
  Rendering symptoms/index.html.erb within layouts/application
  [1m[36mSymptom Load (8.1ms)[0m  [1m[34mSELECT "symptoms".* FROM "symptoms" WHERE "symptoms"."name" = '腰痛' LIMIT 1 /*action='index',application='CareApp2',controller='symptoms'*/[0m
  ↳ app/views/symptoms/index.html.erb:37
  [1m[36mSymptom Load (0.3ms)[0m  [1m[34mSELECT "symptoms".* FROM "symptoms" WHERE "symptoms"."name" = '肩こり' LIMIT 1 /*action='index',application='CareApp2',controller='symptoms'*/[0m
  ↳ app/views/symptoms/index.html.erb:37
  [1m[36mSymptom Load (0.3ms)[0m  [1m[34mSELECT "symptoms".* FROM "symptoms" WHERE "symptoms"."name" = '首の痛み' LIMIT 1 /*action='index',application='CareApp2',controller='symptoms'*/[0m
  ↳ app/views/symptoms/index.html.erb:37
  [1m[36mSymptom Load (0.2ms)[0m  [1m[34mSELECT "symptoms".* FROM "symptoms" WHERE "symptoms"."name" = '膝の痛み' LIMIT 1 /*action='index',application='CareApp2',controller='symptoms'*/[0m
  ↳ app/views/symptoms/index.html.erb:37
  [1m[36mSymptom Load (0.3ms)[0m  [1m[34mSELECT "symptoms".* FROM "symptoms" WHERE "symptoms"."name" = '頭痛' LIMIT 1 /*action='index',application='CareApp2',controller='symptoms'*/[0m
  ↳ app/views/symptoms/index.html.erb:37
  [1m[36mSymptom Load (0.3ms)[0m  [1m[34mSELECT "symptoms".* FROM "symptoms" WHERE "symptoms"."name" = '眼精疲労' LIMIT 1 /*action='index',application='CareApp2',controller='symptoms'*/[0m
  ↳ app/views/symptoms/index.html.erb:37
  Rendered symptoms/index.html.erb within layouts/application (Duration: 184.0ms | GC: 18.7ms)
  Rendered layout layouts/application.html.erb (Duration: 185.0ms | GC: 18.7ms)
Completed 200 OK in 384ms (Views: 174.1ms | ActiveRecord: 12.6ms (7 queries, 0 cached) | GC: 18.7ms)


Started GET "/symptoms/4" for ::1 at 2025-10-09 22:52:56 +0900
Processing by SymptomsController#show as HTML
  Parameters: {"id" => "4"}
  [1m[36mUser Load (0.3ms)[0m  [1m[34mSELECT "users".* FROM "users" WHERE "users"."id" = 1 LIMIT 1 /*action='show',application='CareApp2',controller='symptoms'*/[0m
  ↳ app/controllers/application_controller.rb:4:in 'ApplicationController#current_user'
  [1m[36mSymptom Load (0.4ms)[0m  [1m[34mSELECT "symptoms".* FROM "symptoms" WHERE "symptoms"."id" = 4 LIMIT 1 /*action='show',application='CareApp2',controller='symptoms'*/[0m
  ↳ app/controllers/symptoms_controller.rb:9:in 'SymptomsController#show'
  Rendering layout layouts/application.html.erb
  Rendering symptoms/show.html.erb within layouts/application
  [1m[36mExercise Exists? (2.8ms)[0m  [1m[34mSELECT 1 AS one FROM "exercises" WHERE "exercises"."symptom_id" = 4 LIMIT 1 /*action='show',application='CareApp2',controller='symptoms'*/[0m
  ↳ app/views/symptoms/show.html.erb:11
  [1m[36mExercise Load (0.3ms)[0m  [1m[34mSELECT "exercises".* FROM "exercises" WHERE "exercises"."symptom_id" = 4 /*action='show',application='CareApp2',controller='symptoms'*/[0m
  ↳ app/views/symptoms/show.html.erb:13
  [1m[36mActiveStorage::Attachment Load (0.4ms)[0m  [1m[34mSELECT "active_storage_attachments".* FROM "active_storage_attachments" WHERE "active_storage_attachments"."record_id" = 3 AND "active_storage_attachments"."record_type" = 'Exercise' AND "active_storage_attachments"."name" = 'video_file' LIMIT 1 /*action='show',application='CareApp2',controller='symptoms'*/[0m
  ↳ app/models/exercise.rb:17:in 'Exercise#has_video?'
  Rendered symptoms/show.html.erb within layouts/application (Duration: 24.8ms | GC: 1.0ms)
  Rendered layout layouts/application.html.erb (Duration: 25.7ms | GC: 1.0ms)
Completed 200 OK in 214ms (Views: 22.1ms | ActiveRecord: 6.2ms (5 queries, 0 cached) | GC: 1.7ms)


Started GET "/exercises/3" for ::1 at 2025-10-09 22:52:58 +0900
Processing by ExercisesController#show as HTML
  Parameters: {"id" => "3"}
  [1m[36mUser Load (0.4ms)[0m  [1m[34mSELECT "users".* FROM "users" WHERE "users"."id" = 1 LIMIT 1 /*action='show',application='CareApp2',controller='exercises'*/[0m
  ↳ app/controllers/application_controller.rb:4:in 'ApplicationController#current_user'
  [1m[36mExercise Load (4.4ms)[0m  [1m[34mSELECT "exercises".* FROM "exercises" WHERE "exercises"."id" = 3 LIMIT 1 /*action='show',application='CareApp2',controller='exercises'*/[0m
  ↳ app/controllers/exercises_controller.rb:29:in 'ExercisesController#set_exercise'
  Rendering layout layouts/application.html.erb
  Rendering exercises/show.html.erb within layouts/application
  Rendered exercises/show.html.erb within layouts/application (Duration: 0.8ms | GC: 0.0ms)
  Rendered layout layouts/application.html.erb (Duration: 3.0ms | GC: 0.0ms)
Completed 200 OK in 131ms (Views: 4.5ms | ActiveRecord: 4.7ms (2 queries, 0 cached) | GC: 0.0ms)


Started GET "/exercises/3" for ::1 at 2025-10-09 22:57:13 +0900
Processing by ExercisesController#show as HTML
  Parameters: {"id" => "3"}
  [1m[36mUser Load (0.4ms)[0m  [1m[34mSELECT "users".* FROM "users" WHERE "users"."id" = 1 LIMIT 1 /*action='show',application='CareApp2',controller='exercises'*/[0m
  ↳ app/controllers/application_controller.rb:4:in 'ApplicationController#current_user'
  [1m[36mExercise Load (0.3ms)[0m  [1m[34mSELECT "exercises".* FROM "exercises" WHERE "exercises"."id" = 3 LIMIT 1 /*action='show',application='CareApp2',controller='exercises'*/[0m
  ↳ app/controllers/exercises_controller.rb:29:in 'ExercisesController#set_exercise'
  Rendering layout layouts/application.html.erb
  Rendering exercises/show.html.erb within layouts/application
  Rendered exercises/show.html.erb within layouts/application (Duration: 0.1ms | GC: 0.0ms)
  Rendered layout layouts/application.html.erb (Duration: 0.7ms | GC: 0.0ms)
Completed 200 OK in 109ms (Views: 1.0ms | ActiveRecord: 0.6ms (2 queries, 0 cached) | GC: 0.0ms)


Started GET "/symptoms" for ::1 at 2025-10-09 23:00:51 +0900
Processing by SymptomsController#index as HTML
  [1m[36mUser Load (0.4ms)[0m  [1m[34mSELECT "users".* FROM "users" WHERE "users"."id" = 1 LIMIT 1 /*action='index',application='CareApp2',controller='symptoms'*/[0m
  ↳ app/controllers/application_controller.rb:4:in 'ApplicationController#current_user'
  Rendering layout layouts/application.html.erb
  Rendering symptoms/index.html.erb within layouts/application
  [1m[36mSymptom Load (0.6ms)[0m  [1m[34mSELECT "symptoms".* FROM "symptoms" WHERE "symptoms"."name" = '腰痛' LIMIT 1 /*action='index',application='CareApp2',controller='symptoms'*/[0m
  ↳ app/views/symptoms/index.html.erb:37
  [1m[36mSymptom Load (0.2ms)[0m  [1m[34mSELECT "symptoms".* FROM "symptoms" WHERE "symptoms"."name" = '肩こり' LIMIT 1 /*action='index',application='CareApp2',controller='symptoms'*/[0m
  ↳ app/views/symptoms/index.html.erb:37
  [1m[36mSymptom Load (5.6ms)[0m  [1m[34mSELECT "symptoms".* FROM "symptoms" WHERE "symptoms"."name" = '首の痛み' LIMIT 1 /*action='index',application='CareApp2',controller='symptoms'*/[0m
  ↳ app/views/symptoms/index.html.erb:37
  [1m[36mSymptom Load (0.2ms)[0m  [1m[34mSELECT "symptoms".* FROM "symptoms" WHERE "symptoms"."name" = '膝の痛み' LIMIT 1 /*action='index',application='CareApp2',controller='symptoms'*/[0m
  ↳ app/views/symptoms/index.html.erb:37
  [1m[36mSymptom Load (0.2ms)[0m  [1m[34mSELECT "symptoms".* FROM "symptoms" WHERE "symptoms"."name" = '頭痛' LIMIT 1 /*action='index',application='CareApp2',controller='symptoms'*/[0m
  ↳ app/views/symptoms/index.html.erb:37
  [1m[36mSymptom Load (0.3ms)[0m  [1m[34mSELECT "symptoms".* FROM "symptoms" WHERE "symptoms"."name" = '眼精疲労' LIMIT 1 /*action='index',application='CareApp2',controller='symptoms'*/[0m
  ↳ app/views/symptoms/index.html.erb:37
  Rendered symptoms/index.html.erb within layouts/application (Duration: 18.7ms | GC: 0.0ms)
  Rendered layout layouts/application.html.erb (Duration: 19.8ms | GC: 0.3ms)
Completed 200 OK in 208ms (Views: 18.0ms | ActiveRecord: 2.5ms (7 queries, 0 cached) | GC: 0.8ms)


Started GET "/symptoms/7" for ::1 at 2025-10-09 23:00:55 +0900
Processing by SymptomsController#show as HTML
  Parameters: {"id" => "7"}
  [1m[36mUser Load (0.4ms)[0m  [1m[34mSELECT "users".* FROM "users" WHERE "users"."id" = 1 LIMIT 1 /*action='show',application='CareApp2',controller='symptoms'*/[0m
  ↳ app/controllers/application_controller.rb:4:in 'ApplicationController#current_user'
  [1m[36mSymptom Load (0.2ms)[0m  [1m[34mSELECT "symptoms".* FROM "symptoms" WHERE "symptoms"."id" = 7 LIMIT 1 /*action='show',application='CareApp2',controller='symptoms'*/[0m
  ↳ app/controllers/symptoms_controller.rb:9:in 'SymptomsController#show'
  Rendering layout layouts/application.html.erb
  Rendering symptoms/show.html.erb within layouts/application
  [1m[36mExercise Exists? (0.2ms)[0m  [1m[34mSELECT 1 AS one FROM "exercises" WHERE "exercises"."symptom_id" = 7 LIMIT 1 /*action='show',application='CareApp2',controller='symptoms'*/[0m
  ↳ app/views/symptoms/show.html.erb:11
  Rendered symptoms/show.html.erb within layouts/application (Duration: 1.5ms | GC: 0.0ms)
  Rendered layout layouts/application.html.erb (Duration: 2.3ms | GC: 0.0ms)
Completed 200 OK in 114ms (Views: 2.4ms | ActiveRecord: 0.8ms (3 queries, 0 cached) | GC: 0.0ms)


Started GET "/symptoms/4" for ::1 at 2025-10-09 23:03:28 +0900
Processing by SymptomsController#show as HTML
  Parameters: {"id" => "4"}
  [1m[36mUser Load (0.4ms)[0m  [1m[34mSELECT "users".* FROM "users" WHERE "users"."id" = 1 LIMIT 1 /*action='show',application='CareApp2',controller='symptoms'*/[0m
  ↳ app/controllers/application_controller.rb:4:in 'ApplicationController#current_user'
  [1m[36mSymptom Load (0.2ms)[0m  [1m[34mSELECT "symptoms".* FROM "symptoms" WHERE "symptoms"."id" = 4 LIMIT 1 /*action='show',application='CareApp2',controller='symptoms'*/[0m
  ↳ app/controllers/symptoms_controller.rb:9:in 'SymptomsController#show'
  Rendering layout layouts/application.html.erb
  Rendering symptoms/show.html.erb within layouts/application
  [1m[36mExercise Exists? (0.2ms)[0m  [1m[34mSELECT 1 AS one FROM "exercises" WHERE "exercises"."symptom_id" = 4 LIMIT 1 /*action='show',application='CareApp2',controller='symptoms'*/[0m
  ↳ app/views/symptoms/show.html.erb:11
  [1m[36mExercise Load (0.3ms)[0m  [1m[34mSELECT "exercises".* FROM "exercises" WHERE "exercises"."symptom_id" = 4 /*action='show',application='CareApp2',controller='symptoms'*/[0m
  ↳ app/views/symptoms/show.html.erb:13
  [1m[36mActiveStorage::Attachment Load (0.3ms)[0m  [1m[34mSELECT "active_storage_attachments".* FROM "active_storage_attachments" WHERE "active_storage_attachments"."record_id" = 3 AND "active_storage_attachments"."record_type" = 'Exercise' AND "active_storage_attachments"."name" = 'video_file' LIMIT 1 /*action='show',application='CareApp2',controller='symptoms'*/[0m
  ↳ app/models/exercise.rb:17:in 'Exercise#has_video?'
  Rendered symptoms/show.html.erb within layouts/application (Duration: 6.1ms | GC: 0.0ms)
  Rendered layout layouts/application.html.erb (Duration: 6.9ms | GC: 0.0ms)
Completed 200 OK in 132ms (Views: 6.7ms | ActiveRecord: 1.3ms (5 queries, 0 cached) | GC: 0.0ms)


Started GET "/exercises/3" for ::1 at 2025-10-09 23:03:29 +0900
Processing by ExercisesController#show as HTML
  Parameters: {"id" => "3"}
  [1m[36mUser Load (0.3ms)[0m  [1m[34mSELECT "users".* FROM "users" WHERE "users"."id" = 1 LIMIT 1 /*action='show',application='CareApp2',controller='exercises'*/[0m
  ↳ app/controllers/application_controller.rb:4:in 'ApplicationController#current_user'
  [1m[36mExercise Load (0.2ms)[0m  [1m[34mSELECT "exercises".* FROM "exercises" WHERE "exercises"."id" = 3 LIMIT 1 /*action='show',application='CareApp2',controller='exercises'*/[0m
  ↳ app/controllers/exercises_controller.rb:29:in 'ExercisesController#set_exercise'
  Rendering layout layouts/application.html.erb
  Rendering exercises/show.html.erb within layouts/application
  Rendered exercises/show.html.erb within layouts/application (Duration: 0.1ms | GC: 0.0ms)
  Rendered layout layouts/application.html.erb (Duration: 0.9ms | GC: 0.0ms)
Completed 200 OK in 114ms (Views: 1.2ms | ActiveRecord: 0.5ms (2 queries, 0 cached) | GC: 0.0ms)


Started GET "/exercises/3" for ::1 at 2025-10-09 23:03:51 +0900
Processing by ExercisesController#show as HTML
  Parameters: {"id" => "3"}
  [1m[36mUser Load (0.3ms)[0m  [1m[34mSELECT "users".* FROM "users" WHERE "users"."id" = 1 LIMIT 1 /*action='show',application='CareApp2',controller='exercises'*/[0m
  ↳ app/controllers/application_controller.rb:4:in 'ApplicationController#current_user'
  [1m[36mExercise Load (0.4ms)[0m  [1m[34mSELECT "exercises".* FROM "exercises" WHERE "exercises"."id" = 3 LIMIT 1 /*action='show',application='CareApp2',controller='exercises'*/[0m
  ↳ app/controllers/exercises_controller.rb:29:in 'ExercisesController#set_exercise'
  Rendering layout layouts/application.html.erb
  Rendering exercises/show.html.erb within layouts/application
  Rendered exercises/show.html.erb within layouts/application (Duration: 0.1ms | GC: 0.0ms)
  Rendered layout layouts/application.html.erb (Duration: 0.6ms | GC: 0.0ms)
Completed 200 OK in 114ms (Views: 0.9ms | ActiveRecord: 0.7ms (2 queries, 0 cached) | GC: 0.0ms)


Started GET "/symptoms" for ::1 at 2025-10-09 23:03:52 +0900
Processing by SymptomsController#index as HTML
  [1m[36mUser Load (0.4ms)[0m  [1m[34mSELECT "users".* FROM "users" WHERE "users"."id" = 1 LIMIT 1 /*action='index',application='CareApp2',controller='symptoms'*/[0m
  ↳ app/controllers/application_controller.rb:4:in 'ApplicationController#current_user'
  Rendering layout layouts/application.html.erb
  Rendering symptoms/index.html.erb within layouts/application
  [1m[36mSymptom Load (0.3ms)[0m  [1m[34mSELECT "symptoms".* FROM "symptoms" WHERE "symptoms"."name" = '腰痛' LIMIT 1 /*action='index',application='CareApp2',controller='symptoms'*/[0m
  ↳ app/views/symptoms/index.html.erb:37
  [1m[36mSymptom Load (0.3ms)[0m  [1m[34mSELECT "symptoms".* FROM "symptoms" WHERE "symptoms"."name" = '肩こり' LIMIT 1 /*action='index',application='CareApp2',controller='symptoms'*/[0m
  ↳ app/views/symptoms/index.html.erb:37
  [1m[36mSymptom Load (0.3ms)[0m  [1m[34mSELECT "symptoms".* FROM "symptoms" WHERE "symptoms"."name" = '首の痛み' LIMIT 1 /*action='index',application='CareApp2',controller='symptoms'*/[0m
  ↳ app/views/symptoms/index.html.erb:37
  [1m[36mSymptom Load (0.2ms)[0m  [1m[34mSELECT "symptoms".* FROM "symptoms" WHERE "symptoms"."name" = '膝の痛み' LIMIT 1 /*action='index',application='CareApp2',controller='symptoms'*/[0m
  ↳ app/views/symptoms/index.html.erb:37
  [1m[36mSymptom Load (0.3ms)[0m  [1m[34mSELECT "symptoms".* FROM "symptoms" WHERE "symptoms"."name" = '頭痛' LIMIT 1 /*action='index',application='CareApp2',controller='symptoms'*/[0m
  ↳ app/views/symptoms/index.html.erb:37
  [1m[36mSymptom Load (0.2ms)[0m  [1m[34mSELECT "symptoms".* FROM "symptoms" WHERE "symptoms"."name" = '眼精疲労' LIMIT 1 /*action='index',application='CareApp2',controller='symptoms'*/[0m
  ↳ app/views/symptoms/index.html.erb:37
  Rendered symptoms/index.html.erb within layouts/application (Duration: 14.2ms | GC: 0.0ms)
  Rendered layout layouts/application.html.erb (Duration: 14.9ms | GC: 0.0ms)
Completed 200 OK in 132ms (Views: 13.6ms | ActiveRecord: 2.0ms (7 queries, 0 cached) | GC: 0.0ms)


Started GET "/exercises/3" for ::1 at 2025-10-09 23:04:00 +0900
Processing by ExercisesController#show as HTML
  Parameters: {"id" => "3"}
  [1m[36mUser Load (0.4ms)[0m  [1m[34mSELECT "users".* FROM "users" WHERE "users"."id" = 1 LIMIT 1 /*action='show',application='CareApp2',controller='exercises'*/[0m
  ↳ app/controllers/application_controller.rb:4:in 'ApplicationController#current_user'
  [1m[36mExercise Load (0.2ms)[0m  [1m[34mSELECT "exercises".* FROM "exercises" WHERE "exercises"."id" = 3 LIMIT 1 /*action='show',application='CareApp2',controller='exercises'*/[0m
  ↳ app/controllers/exercises_controller.rb:29:in 'ExercisesController#set_exercise'
  Rendering layout layouts/application.html.erb
  Rendering exercises/show.html.erb within layouts/application
  Rendered exercises/show.html.erb within layouts/application (Duration: 0.1ms | GC: 0.0ms)
  Rendered layout layouts/application.html.erb (Duration: 0.7ms | GC: 0.0ms)
Completed 200 OK in 117ms (Views: 1.0ms | ActiveRecord: 0.6ms (2 queries, 0 cached) | GC: 0.0ms)


Started GET "/exercises/3" for ::1 at 2025-10-09 23:05:38 +0900
Processing by ExercisesController#show as HTML
  Parameters: {"id" => "3"}
  [1m[36mUser Load (0.7ms)[0m  [1m[34mSELECT "users".* FROM "users" WHERE "users"."id" = 1 LIMIT 1 /*action='show',application='CareApp2',controller='exercises'*/[0m
  ↳ app/controllers/application_controller.rb:4:in 'ApplicationController#current_user'
  [1m[36mExercise Load (0.2ms)[0m  [1m[34mSELECT "exercises".* FROM "exercises" WHERE "exercises"."id" = 3 LIMIT 1 /*action='show',application='CareApp2',controller='exercises'*/[0m
  ↳ app/controllers/exercises_controller.rb:29:in 'ExercisesController#set_exercise'
  Rendering layout layouts/application.html.erb
  Rendering exercises/show.html.erb within layouts/application
  Rendered exercises/show.html.erb within layouts/application (Duration: 0.1ms | GC: 0.0ms)
  Rendered layout layouts/application.html.erb (Duration: 0.8ms | GC: 0.0ms)
Completed 200 OK in 110ms (Views: 1.0ms | ActiveRecord: 0.9ms (2 queries, 0 cached) | GC: 0.0ms)


Started GET "/exercises/3" for ::1 at 2025-10-09 23:16:24 +0900
  [1m[36mActiveRecord::SchemaMigration Load (2.7ms)[0m  [1m[34mSELECT "schema_migrations"."version" FROM "schema_migrations" ORDER BY "schema_migrations"."version" ASC /*application='CareApp2'*/[0m
Processing by ExercisesController#show as HTML
  Parameters: {"id" => "3"}
  [1m[36mUser Load (0.9ms)[0m  [1m[34mSELECT "users".* FROM "users" WHERE "users"."id" = 1 LIMIT 1 /*action='show',application='CareApp2',controller='exercises'*/[0m
  ↳ app/controllers/application_controller.rb:4:in 'ApplicationController#current_user'
  [1m[36mExercise Load (1.4ms)[0m  [1m[34mSELECT "exercises".* FROM "exercises" WHERE "exercises"."id" = 3 LIMIT 1 /*action='show',application='CareApp2',controller='exercises'*/[0m
  ↳ app/controllers/exercises_controller.rb:29:in 'ExercisesController#set_exercise'
  Rendering layout layouts/application.html.erb
  Rendering exercises/show.html.erb within layouts/application
  [1m[36mActiveStorage::Attachment Load (1.9ms)[0m  [1m[34mSELECT "active_storage_attachments".* FROM "active_storage_attachments" WHERE "active_storage_attachments"."record_id" = 3 AND "active_storage_attachments"."record_type" = 'Exercise' AND "active_storage_attachments"."name" = 'video_file' LIMIT 1 /*action='show',application='CareApp2',controller='exercises'*/[0m
  ↳ app/views/exercises/show.html.erb:24
  Rendered exercises/show.html.erb within layouts/application (Duration: 23.1ms | GC: 0.0ms)
  Rendered layout layouts/application.html.erb (Duration: 46.9ms | GC: 0.0ms)
Completed 200 OK in 238ms (Views: 43.8ms | ActiveRecord: 35.2ms (3 queries, 0 cached) | GC: 0.0ms)


Started GET "/symptoms" for ::1 at 2025-10-09 23:16:30 +0900
Processing by SymptomsController#index as HTML
  [1m[36mUser Load (0.4ms)[0m  [1m[34mSELECT "users".* FROM "users" WHERE "users"."id" = 1 LIMIT 1 /*action='index',application='CareApp2',controller='symptoms'*/[0m
  ↳ app/controllers/application_controller.rb:4:in 'ApplicationController#current_user'
  Rendering layout layouts/application.html.erb
  Rendering symptoms/index.html.erb within layouts/application
  [1m[36mSymptom Load (0.4ms)[0m  [1m[34mSELECT "symptoms".* FROM "symptoms" WHERE "symptoms"."name" = '腰痛' LIMIT 1 /*action='index',application='CareApp2',controller='symptoms'*/[0m
  ↳ app/views/symptoms/index.html.erb:37
  [1m[36mSymptom Load (0.3ms)[0m  [1m[34mSELECT "symptoms".* FROM "symptoms" WHERE "symptoms"."name" = '肩こり' LIMIT 1 /*action='index',application='CareApp2',controller='symptoms'*/[0m
  ↳ app/views/symptoms/index.html.erb:37
  [1m[36mSymptom Load (0.3ms)[0m  [1m[34mSELECT "symptoms".* FROM "symptoms" WHERE "symptoms"."name" = '首の痛み' LIMIT 1 /*action='index',application='CareApp2',controller='symptoms'*/[0m
  ↳ app/views/symptoms/index.html.erb:37
  [1m[36mSymptom Load (0.2ms)[0m  [1m[34mSELECT "symptoms".* FROM "symptoms" WHERE "symptoms"."name" = '膝の痛み' LIMIT 1 /*action='index',application='CareApp2',controller='symptoms'*/[0m
  ↳ app/views/symptoms/index.html.erb:37
  [1m[36mSymptom Load (0.2ms)[0m  [1m[34mSELECT "symptoms".* FROM "symptoms" WHERE "symptoms"."name" = '頭痛' LIMIT 1 /*action='index',application='CareApp2',controller='symptoms'*/[0m
  ↳ app/views/symptoms/index.html.erb:37
  [1m[36mSymptom Load (0.6ms)[0m  [1m[34mSELECT "symptoms".* FROM "symptoms" WHERE "symptoms"."name" = '眼精疲労' LIMIT 1 /*action='index',application='CareApp2',controller='symptoms'*/[0m
  ↳ app/views/symptoms/index.html.erb:37
  Rendered symptoms/index.html.erb within layouts/application (Duration: 74.3ms | GC: 18.3ms)
  Rendered layout layouts/application.html.erb (Duration: 75.0ms | GC: 18.3ms)
Completed 200 OK in 197ms (Views: 69.1ms | ActiveRecord: 7.2ms (7 queries, 0 cached) | GC: 18.3ms)


Started GET "/symptoms/4" for ::1 at 2025-10-09 23:16:31 +0900
Processing by SymptomsController#show as HTML
  Parameters: {"id" => "4"}
  [1m[36mUser Load (0.4ms)[0m  [1m[34mSELECT "users".* FROM "users" WHERE "users"."id" = 1 LIMIT 1 /*action='show',application='CareApp2',controller='symptoms'*/[0m
  ↳ app/controllers/application_controller.rb:4:in 'ApplicationController#current_user'
  [1m[36mSymptom Load (0.2ms)[0m  [1m[34mSELECT "symptoms".* FROM "symptoms" WHERE "symptoms"."id" = 4 LIMIT 1 /*action='show',application='CareApp2',controller='symptoms'*/[0m
  ↳ app/controllers/symptoms_controller.rb:9:in 'SymptomsController#show'
  Rendering layout layouts/application.html.erb
  Rendering symptoms/show.html.erb within layouts/application
  [1m[36mExercise Exists? (2.6ms)[0m  [1m[34mSELECT 1 AS one FROM "exercises" WHERE "exercises"."symptom_id" = 4 LIMIT 1 /*action='show',application='CareApp2',controller='symptoms'*/[0m
  ↳ app/views/symptoms/show.html.erb:11
  [1m[36mExercise Load (0.3ms)[0m  [1m[34mSELECT "exercises".* FROM "exercises" WHERE "exercises"."symptom_id" = 4 /*action='show',application='CareApp2',controller='symptoms'*/[0m
  ↳ app/views/symptoms/show.html.erb:13
  [1m[36mActiveStorage::Attachment Load (0.8ms)[0m  [1m[34mSELECT "active_storage_attachments".* FROM "active_storage_attachments" WHERE "active_storage_attachments"."record_id" = 3 AND "active_storage_attachments"."record_type" = 'Exercise' AND "active_storage_attachments"."name" = 'video_file' LIMIT 1 /*action='show',application='CareApp2',controller='symptoms'*/[0m
  ↳ app/models/exercise.rb:17:in 'Exercise#has_video?'
  Rendered symptoms/show.html.erb within layouts/application (Duration: 13.4ms | GC: 0.6ms)
  Rendered layout layouts/application.html.erb (Duration: 14.1ms | GC: 0.6ms)
Completed 200 OK in 131ms (Views: 11.0ms | ActiveRecord: 4.0ms (5 queries, 0 cached) | GC: 1.5ms)


Started GET "/exercises/3" for ::1 at 2025-10-09 23:16:33 +0900
Processing by ExercisesController#show as HTML
  Parameters: {"id" => "3"}
  [1m[36mUser Load (0.5ms)[0m  [1m[34mSELECT "users".* FROM "users" WHERE "users"."id" = 1 LIMIT 1 /*action='show',application='CareApp2',controller='exercises'*/[0m
  ↳ app/controllers/application_controller.rb:4:in 'ApplicationController#current_user'
  [1m[36mExercise Load (0.7ms)[0m  [1m[34mSELECT "exercises".* FROM "exercises" WHERE "exercises"."id" = 3 LIMIT 1 /*action='show',application='CareApp2',controller='exercises'*/[0m
  ↳ app/controllers/exercises_controller.rb:29:in 'ExercisesController#set_exercise'
  Rendering layout layouts/application.html.erb
  Rendering exercises/show.html.erb within layouts/application
  [1m[36mActiveStorage::Attachment Load (0.3ms)[0m  [1m[34mSELECT "active_storage_attachments".* FROM "active_storage_attachments" WHERE "active_storage_attachments"."record_id" = 3 AND "active_storage_attachments"."record_type" = 'Exercise' AND "active_storage_attachments"."name" = 'video_file' LIMIT 1 /*action='show',application='CareApp2',controller='exercises'*/[0m
  ↳ app/views/exercises/show.html.erb:24
  Rendered exercises/show.html.erb within layouts/application (Duration: 4.5ms | GC: 0.0ms)
  Rendered layout layouts/application.html.erb (Duration: 5.3ms | GC: 0.0ms)
Completed 200 OK in 146ms (Views: 5.3ms | ActiveRecord: 1.3ms (3 queries, 0 cached) | GC: 0.5ms)


Started GET "/symptoms" for ::1 at 2025-10-09 23:17:47 +0900
Processing by SymptomsController#index as HTML
  [1m[36mUser Load (0.2ms)[0m  [1m[34mSELECT "users".* FROM "users" WHERE "users"."id" = 1 LIMIT 1 /*action='index',application='CareApp2',controller='symptoms'*/[0m
  ↳ app/controllers/application_controller.rb:4:in 'ApplicationController#current_user'
  Rendering layout layouts/application.html.erb
  Rendering symptoms/index.html.erb within layouts/application
  [1m[36mSymptom Load (0.2ms)[0m  [1m[34mSELECT "symptoms".* FROM "symptoms" WHERE "symptoms"."name" = '腰痛' LIMIT 1 /*action='index',application='CareApp2',controller='symptoms'*/[0m
  ↳ app/views/symptoms/index.html.erb:37
  [1m[36mSymptom Load (0.3ms)[0m  [1m[34mSELECT "symptoms".* FROM "symptoms" WHERE "symptoms"."name" = '肩こり' LIMIT 1 /*action='index',application='CareApp2',controller='symptoms'*/[0m
  ↳ app/views/symptoms/index.html.erb:37
  [1m[36mSymptom Load (0.2ms)[0m  [1m[34mSELECT "symptoms".* FROM "symptoms" WHERE "symptoms"."name" = '首の痛み' LIMIT 1 /*action='index',application='CareApp2',controller='symptoms'*/[0m
  ↳ app/views/symptoms/index.html.erb:37
  [1m[36mSymptom Load (0.2ms)[0m  [1m[34mSELECT "symptoms".* FROM "symptoms" WHERE "symptoms"."name" = '膝の痛み' LIMIT 1 /*action='index',application='CareApp2',controller='symptoms'*/[0m
  ↳ app/views/symptoms/index.html.erb:37
  [1m[36mSymptom Load (0.2ms)[0m  [1m[34mSELECT "symptoms".* FROM "symptoms" WHERE "symptoms"."name" = '頭痛' LIMIT 1 /*action='index',application='CareApp2',controller='symptoms'*/[0m
  ↳ app/views/symptoms/index.html.erb:37
  [1m[36mSymptom Load (0.2ms)[0m  [1m[34mSELECT "symptoms".* FROM "symptoms" WHERE "symptoms"."name" = '眼精疲労' LIMIT 1 /*action='index',application='CareApp2',controller='symptoms'*/[0m
  ↳ app/views/symptoms/index.html.erb:37
  Rendered symptoms/index.html.erb within layouts/application (Duration: 13.9ms | GC: 0.0ms)
  Rendered layout layouts/application.html.erb (Duration: 16.6ms | GC: 0.0ms)
Completed 200 OK in 134ms (Views: 15.4ms | ActiveRecord: 5.7ms (7 queries, 0 cached) | GC: 0.0ms)


Started GET "/symptoms/8" for ::1 at 2025-10-09 23:17:48 +0900
Processing by SymptomsController#show as HTML
  Parameters: {"id" => "8"}
  [1m[36mUser Load (0.3ms)[0m  [1m[34mSELECT "users".* FROM "users" WHERE "users"."id" = 1 LIMIT 1 /*action='show',application='CareApp2',controller='symptoms'*/[0m
  ↳ app/controllers/application_controller.rb:4:in 'ApplicationController#current_user'
  [1m[36mSymptom Load (0.2ms)[0m  [1m[34mSELECT "symptoms".* FROM "symptoms" WHERE "symptoms"."id" = 8 LIMIT 1 /*action='show',application='CareApp2',controller='symptoms'*/[0m
  ↳ app/controllers/symptoms_controller.rb:9:in 'SymptomsController#show'
  Rendering layout layouts/application.html.erb
  Rendering symptoms/show.html.erb within layouts/application
  [1m[36mExercise Exists? (0.2ms)[0m  [1m[34mSELECT 1 AS one FROM "exercises" WHERE "exercises"."symptom_id" = 8 LIMIT 1 /*action='show',application='CareApp2',controller='symptoms'*/[0m
  ↳ app/views/symptoms/show.html.erb:11
  Rendered symptoms/show.html.erb within layouts/application (Duration: 3.8ms | GC: 0.0ms)
  Rendered layout layouts/application.html.erb (Duration: 4.4ms | GC: 0.0ms)
Completed 200 OK in 112ms (Views: 3.6ms | ActiveRecord: 2.8ms (3 queries, 0 cached) | GC: 0.0ms)


Started GET "/symptoms/4" for ::1 at 2025-10-09 23:17:49 +0900
Processing by SymptomsController#show as HTML
  Parameters: {"id" => "4"}
  [1m[36mUser Load (0.3ms)[0m  [1m[34mSELECT "users".* FROM "users" WHERE "users"."id" = 1 LIMIT 1 /*action='show',application='CareApp2',controller='symptoms'*/[0m
  ↳ app/controllers/application_controller.rb:4:in 'ApplicationController#current_user'
  [1m[36mSymptom Load (0.2ms)[0m  [1m[34mSELECT "symptoms".* FROM "symptoms" WHERE "symptoms"."id" = 4 LIMIT 1 /*action='show',application='CareApp2',controller='symptoms'*/[0m
  ↳ app/controllers/symptoms_controller.rb:9:in 'SymptomsController#show'
  Rendering layout layouts/application.html.erb
  Rendering symptoms/show.html.erb within layouts/application
  [1m[36mExercise Exists? (0.2ms)[0m  [1m[34mSELECT 1 AS one FROM "exercises" WHERE "exercises"."symptom_id" = 4 LIMIT 1 /*action='show',application='CareApp2',controller='symptoms'*/[0m
  ↳ app/views/symptoms/show.html.erb:11
  [1m[36mExercise Load (0.2ms)[0m  [1m[34mSELECT "exercises".* FROM "exercises" WHERE "exercises"."symptom_id" = 4 /*action='show',application='CareApp2',controller='symptoms'*/[0m
  ↳ app/views/symptoms/show.html.erb:13
  [1m[36mActiveStorage::Attachment Load (0.2ms)[0m  [1m[34mSELECT "active_storage_attachments".* FROM "active_storage_attachments" WHERE "active_storage_attachments"."record_id" = 3 AND "active_storage_attachments"."record_type" = 'Exercise' AND "active_storage_attachments"."name" = 'video_file' LIMIT 1 /*action='show',application='CareApp2',controller='symptoms'*/[0m
  ↳ app/models/exercise.rb:17:in 'Exercise#has_video?'
  Rendered symptoms/show.html.erb within layouts/application (Duration: 28.0ms | GC: 0.0ms)
  Rendered layout layouts/application.html.erb (Duration: 28.7ms | GC: 0.0ms)
Completed 200 OK in 133ms (Views: 24.7ms | ActiveRecord: 4.9ms (5 queries, 0 cached) | GC: 0.0ms)


Started GET "/symptoms" for ::1 at 2025-10-09 23:17:50 +0900
Processing by SymptomsController#index as HTML
  [1m[36mUser Load (0.4ms)[0m  [1m[34mSELECT "users".* FROM "users" WHERE "users"."id" = 1 LIMIT 1 /*action='index',application='CareApp2',controller='symptoms'*/[0m
  ↳ app/controllers/application_controller.rb:4:in 'ApplicationController#current_user'
  Rendering layout layouts/application.html.erb
  Rendering symptoms/index.html.erb within layouts/application
  [1m[36mSymptom Load (0.2ms)[0m  [1m[34mSELECT "symptoms".* FROM "symptoms" WHERE "symptoms"."name" = '腰痛' LIMIT 1 /*action='index',application='CareApp2',controller='symptoms'*/[0m
  ↳ app/views/symptoms/index.html.erb:37
  [1m[36mSymptom Load (0.2ms)[0m  [1m[34mSELECT "symptoms".* FROM "symptoms" WHERE "symptoms"."name" = '肩こり' LIMIT 1 /*action='index',application='CareApp2',controller='symptoms'*/[0m
  ↳ app/views/symptoms/index.html.erb:37
  [1m[36mSymptom Load (0.2ms)[0m  [1m[34mSELECT "symptoms".* FROM "symptoms" WHERE "symptoms"."name" = '首の痛み' LIMIT 1 /*action='index',application='CareApp2',controller='symptoms'*/[0m
  ↳ app/views/symptoms/index.html.erb:37
  [1m[36mSymptom Load (0.2ms)[0m  [1m[34mSELECT "symptoms".* FROM "symptoms" WHERE "symptoms"."name" = '膝の痛み' LIMIT 1 /*action='index',application='CareApp2',controller='symptoms'*/[0m
  ↳ app/views/symptoms/index.html.erb:37
  [1m[36mSymptom Load (0.2ms)[0m  [1m[34mSELECT "symptoms".* FROM "symptoms" WHERE "symptoms"."name" = '頭痛' LIMIT 1 /*action='index',application='CareApp2',controller='symptoms'*/[0m
  ↳ app/views/symptoms/index.html.erb:37
  [1m[36mSymptom Load (0.2ms)[0m  [1m[34mSELECT "symptoms".* FROM "symptoms" WHERE "symptoms"."name" = '眼精疲労' LIMIT 1 /*action='index',application='CareApp2',controller='symptoms'*/[0m
  ↳ app/views/symptoms/index.html.erb:37
  Rendered symptoms/index.html.erb within layouts/application (Duration: 8.5ms | GC: 0.0ms)
  Rendered layout layouts/application.html.erb (Duration: 9.2ms | GC: 0.0ms)
Completed 200 OK in 101ms (Views: 8.3ms | ActiveRecord: 1.6ms (7 queries, 0 cached) | GC: 0.0ms)


Started GET "/exercises/3" for ::1 at 2025-10-09 23:17:52 +0900
Processing by ExercisesController#show as HTML
  Parameters: {"id" => "3"}
  [1m[36mUser Load (0.3ms)[0m  [1m[34mSELECT "users".* FROM "users" WHERE "users"."id" = 1 LIMIT 1 /*action='show',application='CareApp2',controller='exercises'*/[0m
  ↳ app/controllers/application_controller.rb:4:in 'ApplicationController#current_user'
  [1m[36mExercise Load (0.2ms)[0m  [1m[34mSELECT "exercises".* FROM "exercises" WHERE "exercises"."id" = 3 LIMIT 1 /*action='show',application='CareApp2',controller='exercises'*/[0m
  ↳ app/controllers/exercises_controller.rb:29:in 'ExercisesController#set_exercise'
  Rendering layout layouts/application.html.erb
  Rendering exercises/show.html.erb within layouts/application
  [1m[36mActiveStorage::Attachment Load (0.3ms)[0m  [1m[34mSELECT "active_storage_attachments".* FROM "active_storage_attachments" WHERE "active_storage_attachments"."record_id" = 3 AND "active_storage_attachments"."record_type" = 'Exercise' AND "active_storage_attachments"."name" = 'video_file' LIMIT 1 /*action='show',application='CareApp2',controller='exercises'*/[0m
  ↳ app/views/exercises/show.html.erb:24
  Rendered exercises/show.html.erb within layouts/application (Duration: 3.9ms | GC: 0.0ms)
  Rendered layout layouts/application.html.erb (Duration: 4.6ms | GC: 0.0ms)
Completed 200 OK in 105ms (Views: 5.4ms | ActiveRecord: 0.8ms (3 queries, 0 cached) | GC: 0.0ms)


Started GET "/exercises/3/edit" for ::1 at 2025-10-09 23:17:56 +0900
Processing by ExercisesController#edit as HTML
  Parameters: {"id" => "3"}
  [1m[36mUser Load (0.4ms)[0m  [1m[34mSELECT "users".* FROM "users" WHERE "users"."id" = 1 LIMIT 1 /*action='edit',application='CareApp2',controller='exercises'*/[0m
  ↳ app/controllers/application_controller.rb:4:in 'ApplicationController#current_user'
  [1m[36mExercise Load (0.2ms)[0m  [1m[34mSELECT "exercises".* FROM "exercises" WHERE "exercises"."id" = 3 LIMIT 1 /*action='edit',application='CareApp2',controller='exercises'*/[0m
  ↳ app/controllers/exercises_controller.rb:29:in 'ExercisesController#set_exercise'
  Rendering layout layouts/application.html.erb
  Rendering exercises/edit.html.erb within layouts/application
  Rendered exercises/edit.html.erb within layouts/application (Duration: 19.3ms | GC: 0.0ms)
  Rendered layout layouts/application.html.erb (Duration: 20.0ms | GC: 0.0ms)
Completed 200 OK in 124ms (Views: 20.3ms | ActiveRecord: 0.6ms (2 queries, 0 cached) | GC: 0.0ms)


Started GET "/exercises/3" for ::1 at 2025-10-09 23:18:02 +0900
Processing by ExercisesController#show as HTML
  Parameters: {"id" => "3"}
  [1m[36mUser Load (0.4ms)[0m  [1m[34mSELECT "users".* FROM "users" WHERE "users"."id" = 1 LIMIT 1 /*action='show',application='CareApp2',controller='exercises'*/[0m
  ↳ app/controllers/application_controller.rb:4:in 'ApplicationController#current_user'
  [1m[36mExercise Load (0.3ms)[0m  [1m[34mSELECT "exercises".* FROM "exercises" WHERE "exercises"."id" = 3 LIMIT 1 /*action='show',application='CareApp2',controller='exercises'*/[0m
  ↳ app/controllers/exercises_controller.rb:29:in 'ExercisesController#set_exercise'
  Rendering layout layouts/application.html.erb
  Rendering exercises/show.html.erb within layouts/application
  [1m[36mActiveStorage::Attachment Load (0.3ms)[0m  [1m[34mSELECT "active_storage_attachments".* FROM "active_storage_attachments" WHERE "active_storage_attachments"."record_id" = 3 AND "active_storage_attachments"."record_type" = 'Exercise' AND "active_storage_attachments"."name" = 'video_file' LIMIT 1 /*action='show',application='CareApp2',controller='exercises'*/[0m
  ↳ app/views/exercises/show.html.erb:24
  Rendered exercises/show.html.erb within layouts/application (Duration: 5.1ms | GC: 0.0ms)
  Rendered layout layouts/application.html.erb (Duration: 15.1ms | GC: 0.0ms)
Completed 200 OK in 123ms (Views: 16.1ms | ActiveRecord: 0.9ms (3 queries, 0 cached) | GC: 0.0ms)


Started GET "/symptoms" for ::1 at 2025-10-09 23:18:05 +0900
Processing by SymptomsController#index as HTML
  [1m[36mUser Load (0.4ms)[0m  [1m[34mSELECT "users".* FROM "users" WHERE "users"."id" = 1 LIMIT 1 /*action='index',application='CareApp2',controller='symptoms'*/[0m
  ↳ app/controllers/application_controller.rb:4:in 'ApplicationController#current_user'
  Rendering layout layouts/application.html.erb
  Rendering symptoms/index.html.erb within layouts/application
  [1m[36mSymptom Load (0.2ms)[0m  [1m[34mSELECT "symptoms".* FROM "symptoms" WHERE "symptoms"."name" = '腰痛' LIMIT 1 /*action='index',application='CareApp2',controller='symptoms'*/[0m
  ↳ app/views/symptoms/index.html.erb:37
  [1m[36mSymptom Load (0.2ms)[0m  [1m[34mSELECT "symptoms".* FROM "symptoms" WHERE "symptoms"."name" = '肩こり' LIMIT 1 /*action='index',application='CareApp2',controller='symptoms'*/[0m
  ↳ app/views/symptoms/index.html.erb:37
  [1m[36mSymptom Load (0.2ms)[0m  [1m[34mSELECT "symptoms".* FROM "symptoms" WHERE "symptoms"."name" = '首の痛み' LIMIT 1 /*action='index',application='CareApp2',controller='symptoms'*/[0m
  ↳ app/views/symptoms/index.html.erb:37
  [1m[36mSymptom Load (0.2ms)[0m  [1m[34mSELECT "symptoms".* FROM "symptoms" WHERE "symptoms"."name" = '膝の痛み' LIMIT 1 /*action='index',application='CareApp2',controller='symptoms'*/[0m
  ↳ app/views/symptoms/index.html.erb:37
  [1m[36mSymptom Load (0.2ms)[0m  [1m[34mSELECT "symptoms".* FROM "symptoms" WHERE "symptoms"."name" = '頭痛' LIMIT 1 /*action='index',application='CareApp2',controller='symptoms'*/[0m
  ↳ app/views/symptoms/index.html.erb:37
  [1m[36mSymptom Load (0.2ms)[0m  [1m[34mSELECT "symptoms".* FROM "symptoms" WHERE "symptoms"."name" = '眼精疲労' LIMIT 1 /*action='index',application='CareApp2',controller='symptoms'*/[0m
  ↳ app/views/symptoms/index.html.erb:37
  Rendered symptoms/index.html.erb within layouts/application (Duration: 10.0ms | GC: 0.0ms)
  Rendered layout layouts/application.html.erb (Duration: 10.6ms | GC: 0.0ms)
Completed 200 OK in 109ms (Views: 9.6ms | ActiveRecord: 1.7ms (7 queries, 0 cached) | GC: 0.0ms)


Started GET "/symptoms/8" for ::1 at 2025-10-09 23:18:06 +0900
Processing by SymptomsController#show as HTML
  Parameters: {"id" => "8"}
  [1m[36mUser Load (0.4ms)[0m  [1m[34mSELECT "users".* FROM "users" WHERE "users"."id" = 1 LIMIT 1 /*action='show',application='CareApp2',controller='symptoms'*/[0m
  ↳ app/controllers/application_controller.rb:4:in 'ApplicationController#current_user'
  [1m[36mSymptom Load (0.2ms)[0m  [1m[34mSELECT "symptoms".* FROM "symptoms" WHERE "symptoms"."id" = 8 LIMIT 1 /*action='show',application='CareApp2',controller='symptoms'*/[0m
  ↳ app/controllers/symptoms_controller.rb:9:in 'SymptomsController#show'
  Rendering layout layouts/application.html.erb
  Rendering symptoms/show.html.erb within layouts/application
  [1m[36mExercise Exists? (0.3ms)[0m  [1m[34mSELECT 1 AS one FROM "exercises" WHERE "exercises"."symptom_id" = 8 LIMIT 1 /*action='show',application='CareApp2',controller='symptoms'*/[0m
  ↳ app/views/symptoms/show.html.erb:11
  Rendered symptoms/show.html.erb within layouts/application (Duration: 1.6ms | GC: 0.0ms)
  Rendered layout layouts/application.html.erb (Duration: 2.4ms | GC: 0.0ms)
Completed 200 OK in 105ms (Views: 2.4ms | ActiveRecord: 0.9ms (3 queries, 0 cached) | GC: 0.0ms)


Started GET "/symptoms/4" for ::1 at 2025-10-09 23:18:16 +0900
Processing by SymptomsController#show as HTML
  Parameters: {"id" => "4"}
  [1m[36mUser Load (0.4ms)[0m  [1m[34mSELECT "users".* FROM "users" WHERE "users"."id" = 1 LIMIT 1 /*action='show',application='CareApp2',controller='symptoms'*/[0m
  ↳ app/controllers/application_controller.rb:4:in 'ApplicationController#current_user'
  [1m[36mSymptom Load (0.2ms)[0m  [1m[34mSELECT "symptoms".* FROM "symptoms" WHERE "symptoms"."id" = 4 LIMIT 1 /*action='show',application='CareApp2',controller='symptoms'*/[0m
  ↳ app/controllers/symptoms_controller.rb:9:in 'SymptomsController#show'
  Rendering layout layouts/application.html.erb
  Rendering symptoms/show.html.erb within layouts/application
  [1m[36mExercise Exists? (0.2ms)[0m  [1m[34mSELECT 1 AS one FROM "exercises" WHERE "exercises"."symptom_id" = 4 LIMIT 1 /*action='show',application='CareApp2',controller='symptoms'*/[0m
  ↳ app/views/symptoms/show.html.erb:11
  [1m[36mExercise Load (0.2ms)[0m  [1m[34mSELECT "exercises".* FROM "exercises" WHERE "exercises"."symptom_id" = 4 /*action='show',application='CareApp2',controller='symptoms'*/[0m
  ↳ app/views/symptoms/show.html.erb:13
  [1m[36mActiveStorage::Attachment Load (0.3ms)[0m  [1m[34mSELECT "active_storage_attachments".* FROM "active_storage_attachments" WHERE "active_storage_attachments"."record_id" = 3 AND "active_storage_attachments"."record_type" = 'Exercise' AND "active_storage_attachments"."name" = 'video_file' LIMIT 1 /*action='show',application='CareApp2',controller='symptoms'*/[0m
  ↳ app/models/exercise.rb:17:in 'Exercise#has_video?'
  Rendered symptoms/show.html.erb within layouts/application (Duration: 5.1ms | GC: 0.0ms)
  Rendered layout layouts/application.html.erb (Duration: 5.7ms | GC: 0.0ms)
Completed 200 OK in 121ms (Views: 5.4ms | ActiveRecord: 1.2ms (5 queries, 0 cached) | GC: 0.0ms)


Started GET "/exercises/3" for ::1 at 2025-10-09 23:18:21 +0900
Processing by ExercisesController#show as HTML
  Parameters: {"id" => "3"}
  [1m[36mUser Load (0.4ms)[0m  [1m[34mSELECT "users".* FROM "users" WHERE "users"."id" = 1 LIMIT 1 /*action='show',application='CareApp2',controller='exercises'*/[0m
  ↳ app/controllers/application_controller.rb:4:in 'ApplicationController#current_user'
  [1m[36mExercise Load (0.3ms)[0m  [1m[34mSELECT "exercises".* FROM "exercises" WHERE "exercises"."id" = 3 LIMIT 1 /*action='show',application='CareApp2',controller='exercises'*/[0m
  ↳ app/controllers/exercises_controller.rb:29:in 'ExercisesController#set_exercise'
  Rendering layout layouts/application.html.erb
  Rendering exercises/show.html.erb within layouts/application
  [1m[36mActiveStorage::Attachment Load (0.3ms)[0m  [1m[34mSELECT "active_storage_attachments".* FROM "active_storage_attachments" WHERE "active_storage_attachments"."record_id" = 3 AND "active_storage_attachments"."record_type" = 'Exercise' AND "active_storage_attachments"."name" = 'video_file' LIMIT 1 /*action='show',application='CareApp2',controller='exercises'*/[0m
  ↳ app/views/exercises/show.html.erb:24
  Rendered exercises/show.html.erb within layouts/application (Duration: 2.9ms | GC: 0.0ms)
  Rendered layout layouts/application.html.erb (Duration: 3.7ms | GC: 0.0ms)
Completed 200 OK in 102ms (Views: 3.8ms | ActiveRecord: 0.9ms (3 queries, 0 cached) | GC: 0.0ms)


Started GET "/symptoms" for ::1 at 2025-10-09 23:18:29 +0900
Processing by SymptomsController#index as HTML
  [1m[36mUser Load (0.4ms)[0m  [1m[34mSELECT "users".* FROM "users" WHERE "users"."id" = 1 LIMIT 1 /*action='index',application='CareApp2',controller='symptoms'*/[0m
  ↳ app/controllers/application_controller.rb:4:in 'ApplicationController#current_user'
  Rendering layout layouts/application.html.erb
  Rendering symptoms/index.html.erb within layouts/application
  [1m[36mSymptom Load (0.2ms)[0m  [1m[34mSELECT "symptoms".* FROM "symptoms" WHERE "symptoms"."name" = '腰痛' LIMIT 1 /*action='index',application='CareApp2',controller='symptoms'*/[0m
  ↳ app/views/symptoms/index.html.erb:37
  [1m[36mSymptom Load (0.2ms)[0m  [1m[34mSELECT "symptoms".* FROM "symptoms" WHERE "symptoms"."name" = '肩こり' LIMIT 1 /*action='index',application='CareApp2',controller='symptoms'*/[0m
  ↳ app/views/symptoms/index.html.erb:37
  [1m[36mSymptom Load (0.2ms)[0m  [1m[34mSELECT "symptoms".* FROM "symptoms" WHERE "symptoms"."name" = '首の痛み' LIMIT 1 /*action='index',application='CareApp2',controller='symptoms'*/[0m
  ↳ app/views/symptoms/index.html.erb:37
  [1m[36mSymptom Load (0.2ms)[0m  [1m[34mSELECT "symptoms".* FROM "symptoms" WHERE "symptoms"."name" = '膝の痛み' LIMIT 1 /*action='index',application='CareApp2',controller='symptoms'*/[0m
  ↳ app/views/symptoms/index.html.erb:37
  [1m[36mSymptom Load (0.3ms)[0m  [1m[34mSELECT "symptoms".* FROM "symptoms" WHERE "symptoms"."name" = '頭痛' LIMIT 1 /*action='index',application='CareApp2',controller='symptoms'*/[0m
  ↳ app/views/symptoms/index.html.erb:37
  [1m[36mSymptom Load (0.2ms)[0m  [1m[34mSELECT "symptoms".* FROM "symptoms" WHERE "symptoms"."name" = '眼精疲労' LIMIT 1 /*action='index',application='CareApp2',controller='symptoms'*/[0m
  ↳ app/views/symptoms/index.html.erb:37
  Rendered symptoms/index.html.erb within layouts/application (Duration: 10.6ms | GC: 0.0ms)
  Rendered layout layouts/application.html.erb (Duration: 11.3ms | GC: 0.0ms)
Completed 200 OK in 146ms (Views: 10.3ms | ActiveRecord: 1.6ms (7 queries, 0 cached) | GC: 0.0ms)


